Observation id,Observation date,Description,Media file,Total length,FPS,Subject,Behavior,Behavioral category,Modifiers,Behavior type,Start (s),Stop (s),Duration (s),Comment start,Comment stop
11_nov_p1,2024-09-25 10:43:19,,/Users/naylajimenez/Downloads/11_nov_p1_converted.mp4,2341.530,15.0,social_agent,mice back in,,,POINT,602.133,602.133,NA,,
11_nov_p1,2024-09-25 10:43:19,,/Users/naylajimenez/Downloads/11_nov_p1_converted.mp4,2341.530,15.0,social_agent,facial sniffing,,,STATE,605.133,606.200,1.067,,
11_nov_p1,2024-09-25 10:43:19,,/Users/naylajimenez/Downloads/11_nov_p1_converted.mp4,2341.530,15.0,subject,facial sniffing,,,STATE,605.135,606.138,1.003,,
11_nov_p1,2024-09-25 10:43:19,,/Users/naylajimenez/Downloads/11_nov_p1_converted.mp4,2341.530,15.0,subject,anogenital sniffing,,,STATE,606.886,618.887,12.001,,
11_nov_p1,2024-09-25 10:43:19,,/Users/naylajimenez/Downloads/11_nov_p1_converted.mp4,2341.530,15.0,social_agent,anogenital sniffing,,,STATE,608.933,613.133,4.200,,
11_nov_p1,2024-09-25 10:43:19,,/Users/naylajimenez/Downloads/11_nov_p1_converted.mp4,2341.530,15.0,social_agent,anogenital sniffing,,,STATE,614.200,617.067,2.867,,
11_nov_p1,2024-09-25 10:43:19,,/Users/naylajimenez/Downloads/11_nov_p1_converted.mp4,2341.530,15.0,subject,anogenital sniffing,,,STATE,619.554,627.053,7.499,,
11_nov_p1,2024-09-25 10:43:19,,/Users/naylajimenez/Downloads/11_nov_p1_converted.mp4,2341.530,15.0,social_agent,anogenital sniffing,,,STATE,624.200,626.400,2.200,,
11_nov_p1,2024-09-25 10:43:19,,/Users/naylajimenez/Downloads/11_nov_p1_converted.mp4,2341.530,15.0,social_agent,facial sniffing,,,STATE,626.667,627.733,1.066,,
11_nov_p1,2024-09-25 10:43:19,,/Users/naylajimenez/Downloads/11_nov_p1_converted.mp4,2341.530,15.0,subject,facial sniffing,,,STATE,627.054,628.303,1.249,,
11_nov_p1,2024-09-25 10:43:19,,/Users/naylajimenez/Downloads/11_nov_p1_converted.mp4,2341.530,15.0,subject,anogenital sniffing,,,STATE,628.304,630.803,2.499,,
11_nov_p1,2024-09-25 10:43:19,,/Users/naylajimenez/Downloads/11_nov_p1_converted.mp4,2341.530,15.0,social_agent,facial sniffing,,,STATE,628.467,629.600,1.133,,
11_nov_p1,2024-09-25 10:43:19,,/Users/naylajimenez/Downloads/11_nov_p1_converted.mp4,2341.530,15.0,social_agent,facial sniffing,,,STATE,630.000,631.533,1.533,,
11_nov_p1,2024-09-25 10:43:19,,/Users/naylajimenez/Downloads/11_nov_p1_converted.mp4,2341.530,15.0,subject,facial sniffing,,,STATE,630.804,632.553,1.749,,
11_nov_p1,2024-09-25 10:43:19,,/Users/naylajimenez/Downloads/11_nov_p1_converted.mp4,2341.530,15.0,subject,anogenital sniffing,,,STATE,632.554,635.053,2.499,,
11_nov_p1,2024-09-25 10:43:19,,/Users/naylajimenez/Downloads/11_nov_p1_converted.mp4,2341.530,15.0,subject,facial sniffing,,,STATE,635.054,638.050,2.996,,
11_nov_p1,2024-09-25 10:43:19,,/Users/naylajimenez/Downloads/11_nov_p1_converted.mp4,2341.530,15.0,subject,anogenital sniffing,,,STATE,638.050,639.220,1.170,,
11_nov_p1,2024-09-25 10:43:19,,/Users/naylajimenez/Downloads/11_nov_p1_converted.mp4,2341.530,15.0,subject,fighting,,,STATE,639.221,647.332,8.111,,
11_nov_p1,2024-09-25 10:43:19,,/Users/naylajimenez/Downloads/11_nov_p1_converted.mp4,2341.530,15.0,subject,chasing,,,STATE,647.333,648.000,0.667,,
11_nov_p1,2024-09-25 10:43:19,,/Users/naylajimenez/Downloads/11_nov_p1_converted.mp4,2341.530,15.0,subject,fighting,,,STATE,648.000,648.800,0.800,,
11_nov_p1,2024-09-25 10:43:19,,/Users/naylajimenez/Downloads/11_nov_p1_converted.mp4,2341.530,15.0,subject,fighting,,,STATE,649.800,654.933,5.133,,
11_nov_p1,2024-09-25 10:43:19,,/Users/naylajimenez/Downloads/11_nov_p1_converted.mp4,2341.530,15.0,social_agent,facial sniffing,,,STATE,657.000,657.400,0.400,,
11_nov_p1,2024-09-25 10:43:19,,/Users/naylajimenez/Downloads/11_nov_p1_converted.mp4,2341.530,15.0,subject,facial sniffing,,,STATE,657.333,657.533,0.200,,
11_nov_p1,2024-09-25 10:43:19,,/Users/naylajimenez/Downloads/11_nov_p1_converted.mp4,2341.530,15.0,subject,anogenital sniffing,,,STATE,658.067,658.800,0.733,,
11_nov_p1,2024-09-25 10:43:19,,/Users/naylajimenez/Downloads/11_nov_p1_converted.mp4,2341.530,15.0,subject,facial sniffing,,,STATE,659.733,660.132,0.399,,
11_nov_p1,2024-09-25 10:43:19,,/Users/naylajimenez/Downloads/11_nov_p1_converted.mp4,2341.530,15.0,subject,fighting,,,STATE,660.133,661.732,1.599,,
11_nov_p1,2024-09-25 10:43:19,,/Users/naylajimenez/Downloads/11_nov_p1_converted.mp4,2341.530,15.0,subject,fighting,,,STATE,662.933,668.133,5.200,,
11_nov_p1,2024-09-25 10:43:19,,/Users/naylajimenez/Downloads/11_nov_p1_converted.mp4,2341.530,15.0,subject,anogenital sniffing,,,STATE,670.603,671.932,1.329,,
11_nov_p1,2024-09-25 10:43:19,,/Users/naylajimenez/Downloads/11_nov_p1_converted.mp4,2341.530,15.0,subject,facial sniffing,,,STATE,671.933,672.067,0.134,,
11_nov_p1,2024-09-25 10:43:19,,/Users/naylajimenez/Downloads/11_nov_p1_converted.mp4,2341.530,15.0,subject,facial sniffing,,,STATE,673.000,673.333,0.333,,
11_nov_p1,2024-09-25 10:43:19,,/Users/naylajimenez/Downloads/11_nov_p1_converted.mp4,2341.530,15.0,subject,anogenital sniffing,,,STATE,673.400,675.467,2.067,,
11_nov_p1,2024-09-25 10:43:19,,/Users/naylajimenez/Downloads/11_nov_p1_converted.mp4,2341.530,15.0,subject,anogenital sniffing,,,STATE,679.800,689.133,9.333,,
11_nov_p1,2024-09-25 10:43:19,,/Users/naylajimenez/Downloads/11_nov_p1_converted.mp4,2341.530,15.0,subject,anogenital sniffing,,,STATE,691.067,698.200,7.133,,
11_nov_p1,2024-09-25 10:43:19,,/Users/naylajimenez/Downloads/11_nov_p1_converted.mp4,2341.530,15.0,subject,facial sniffing,,,STATE,698.867,699.200,0.333,,
11_nov_p1,2024-09-25 10:43:19,,/Users/naylajimenez/Downloads/11_nov_p1_converted.mp4,2341.530,15.0,social_agent,facial sniffing,,,STATE,701.267,701.667,0.400,,
11_nov_p1,2024-09-25 10:43:19,,/Users/naylajimenez/Downloads/11_nov_p1_converted.mp4,2341.530,15.0,subject,facial sniffing,,,STATE,701.533,702.333,0.800,,
11_nov_p1,2024-09-25 10:43:19,,/Users/naylajimenez/Downloads/11_nov_p1_converted.mp4,2341.530,15.0,subject,anogenital sniffing,,,STATE,702.667,704.867,2.200,,
11_nov_p1,2024-09-25 10:43:19,,/Users/naylajimenez/Downloads/11_nov_p1_converted.mp4,2341.530,15.0,social_agent,facial sniffing,,,STATE,703.200,703.667,0.467,,
11_nov_p1,2024-09-25 10:43:19,,/Users/naylajimenez/Downloads/11_nov_p1_converted.mp4,2341.530,15.0,subject,facial sniffing,,,STATE,712.267,712.667,0.400,,
11_nov_p1,2024-09-25 10:43:19,,/Users/naylajimenez/Downloads/11_nov_p1_converted.mp4,2341.530,15.0,subject,anogenital sniffing,,,STATE,712.867,721.200,8.333,,
11_nov_p1,2024-09-25 10:43:19,,/Users/naylajimenez/Downloads/11_nov_p1_converted.mp4,2341.530,15.0,social_agent,facial sniffing,,,STATE,721.333,724.800,3.467,,
11_nov_p1,2024-09-25 10:43:19,,/Users/naylajimenez/Downloads/11_nov_p1_converted.mp4,2341.530,15.0,subject,facial sniffing,,,STATE,721.400,725.000,3.600,,
11_nov_p1,2024-09-25 10:43:19,,/Users/naylajimenez/Downloads/11_nov_p1_converted.mp4,2341.530,15.0,subject,anogenital sniffing,,,STATE,725.933,732.000,6.067,,
11_nov_p1,2024-09-25 10:43:19,,/Users/naylajimenez/Downloads/11_nov_p1_converted.mp4,2341.530,15.0,social_agent,facial sniffing,,,STATE,727.933,730.600,2.667,,
11_nov_p1,2024-09-25 10:43:19,,/Users/naylajimenez/Downloads/11_nov_p1_converted.mp4,2341.530,15.0,subject,anogenital sniffing,,,STATE,733.267,740.932,7.665,,
11_nov_p1,2024-09-25 10:43:19,,/Users/naylajimenez/Downloads/11_nov_p1_converted.mp4,2341.530,15.0,subject,facial sniffing,,,STATE,740.933,743.866,2.933,,
11_nov_p1,2024-09-25 10:43:19,,/Users/naylajimenez/Downloads/11_nov_p1_converted.mp4,2341.530,15.0,subject,anogenital sniffing,,,STATE,743.867,750.133,6.266,,
11_nov_p1,2024-09-25 10:43:19,,/Users/naylajimenez/Downloads/11_nov_p1_converted.mp4,2341.530,15.0,subject,anogenital sniffing,,,STATE,752.333,754.867,2.534,,
11_nov_p1,2024-09-25 10:43:19,,/Users/naylajimenez/Downloads/11_nov_p1_converted.mp4,2341.530,15.0,subject,facial sniffing,,,STATE,755.600,756.467,0.867,,
11_nov_p1,2024-09-25 10:43:19,,/Users/naylajimenez/Downloads/11_nov_p1_converted.mp4,2341.530,15.0,subject,anogenital sniffing,,,STATE,756.467,757.067,0.600,,
11_nov_p1,2024-09-25 10:43:19,,/Users/naylajimenez/Downloads/11_nov_p1_converted.mp4,2341.530,15.0,subject,anogenital sniffing,,,STATE,759.400,760.000,0.600,,
11_nov_p1,2024-09-25 10:43:19,,/Users/naylajimenez/Downloads/11_nov_p1_converted.mp4,2341.530,15.0,subject,anogenital sniffing,,,STATE,761.000,761.999,0.999,,
11_nov_p1,2024-09-25 10:43:19,,/Users/naylajimenez/Downloads/11_nov_p1_converted.mp4,2341.530,15.0,subject,facial sniffing,,,STATE,762.000,766.800,4.800,,
11_nov_p1,2024-09-25 10:43:19,,/Users/naylajimenez/Downloads/11_nov_p1_converted.mp4,2341.530,15.0,social_agent,facial sniffing,,,STATE,765.267,766.200,0.933,,
11_nov_p1,2024-09-25 10:43:19,,/Users/naylajimenez/Downloads/11_nov_p1_converted.mp4,2341.530,15.0,subject,facial sniffing,,,STATE,789.733,790.067,0.334,,
11_nov_p1,2024-09-25 10:43:19,,/Users/naylajimenez/Downloads/11_nov_p1_converted.mp4,2341.530,15.0,social_agent,facial sniffing,,,STATE,789.800,790.333,0.533,,
11_nov_p1,2024-09-25 10:43:19,,/Users/naylajimenez/Downloads/11_nov_p1_converted.mp4,2341.530,15.0,subject,anogenital sniffing,,,STATE,791.200,794.133,2.933,,
11_nov_p1,2024-09-25 10:43:19,,/Users/naylajimenez/Downloads/11_nov_p1_converted.mp4,2341.530,15.0,subject,anogenital sniffing,,,STATE,795.533,803.932,8.399,,
11_nov_p1,2024-09-25 10:43:19,,/Users/naylajimenez/Downloads/11_nov_p1_converted.mp4,2341.530,15.0,subject,facial sniffing,,,STATE,803.933,806.932,2.999,,
11_nov_p1,2024-09-25 10:43:19,,/Users/naylajimenez/Downloads/11_nov_p1_converted.mp4,2341.530,15.0,subject,anogenital sniffing,,,STATE,806.933,808.532,1.599,,
11_nov_p1,2024-09-25 10:43:19,,/Users/naylajimenez/Downloads/11_nov_p1_converted.mp4,2341.530,15.0,subject,facial sniffing,,,STATE,808.533,812.467,3.934,,
11_nov_p1,2024-09-25 10:43:19,,/Users/naylajimenez/Downloads/11_nov_p1_converted.mp4,2341.530,15.0,social_agent,facial sniffing,,,STATE,809.667,812.333,2.666,,
11_nov_p1,2024-09-25 10:43:19,,/Users/naylajimenez/Downloads/11_nov_p1_converted.mp4,2341.530,15.0,subject,anogenital sniffing,,,STATE,812.933,816.266,3.333,,
11_nov_p1,2024-09-25 10:43:19,,/Users/naylajimenez/Downloads/11_nov_p1_converted.mp4,2341.530,15.0,subject,facial sniffing,,,STATE,816.267,817.199,0.932,,
11_nov_p1,2024-09-25 10:43:19,,/Users/naylajimenez/Downloads/11_nov_p1_converted.mp4,2341.530,15.0,subject,anogenital sniffing,,,STATE,817.200,819.199,1.999,,
11_nov_p1,2024-09-25 10:43:19,,/Users/naylajimenez/Downloads/11_nov_p1_converted.mp4,2341.530,15.0,subject,fighting,,,STATE,819.200,820.067,0.867,,
11_nov_p1,2024-09-25 10:43:19,,/Users/naylajimenez/Downloads/11_nov_p1_converted.mp4,2341.530,15.0,subject,anogenital sniffing,,,STATE,823.867,824.666,0.799,,
11_nov_p1,2024-09-25 10:43:19,,/Users/naylajimenez/Downloads/11_nov_p1_converted.mp4,2341.530,15.0,subject,facial sniffing,,,STATE,824.667,826.200,1.533,,
11_nov_p1,2024-09-25 10:43:19,,/Users/naylajimenez/Downloads/11_nov_p1_converted.mp4,2341.530,15.0,social_agent,anogenital sniffing,,,STATE,825.133,825.533,0.400,,
11_nov_p1,2024-09-25 10:43:19,,/Users/naylajimenez/Downloads/11_nov_p1_converted.mp4,2341.530,15.0,subject,anogenital sniffing,,,STATE,828.133,829.067,0.934,,
11_nov_p1,2024-09-25 10:43:19,,/Users/naylajimenez/Downloads/11_nov_p1_converted.mp4,2341.530,15.0,social_agent,facial sniffing,,,STATE,830.067,831.533,1.466,,
11_nov_p1,2024-09-25 10:43:19,,/Users/naylajimenez/Downloads/11_nov_p1_converted.mp4,2341.530,15.0,subject,facial sniffing,,,STATE,830.267,832.200,1.933,,
11_nov_p1,2024-09-25 10:43:19,,/Users/naylajimenez/Downloads/11_nov_p1_converted.mp4,2341.530,15.0,social_agent,facial sniffing,,,STATE,831.933,832.067,0.134,,
11_nov_p1,2024-09-25 10:43:19,,/Users/naylajimenez/Downloads/11_nov_p1_converted.mp4,2341.530,15.0,subject,anogenital sniffing,,,STATE,834.067,840.599,6.532,,
11_nov_p1,2024-09-25 10:43:19,,/Users/naylajimenez/Downloads/11_nov_p1_converted.mp4,2341.530,15.0,subject,facial sniffing,,,STATE,840.600,841.599,0.999,,
11_nov_p1,2024-09-25 10:43:19,,/Users/naylajimenez/Downloads/11_nov_p1_converted.mp4,2341.530,15.0,subject,anogenital sniffing,,,STATE,841.600,842.599,0.999,,
11_nov_p1,2024-09-25 10:43:19,,/Users/naylajimenez/Downloads/11_nov_p1_converted.mp4,2341.530,15.0,subject,facial sniffing,,,STATE,842.600,843.600,1.000,,
11_nov_p1,2024-09-25 10:43:19,,/Users/naylajimenez/Downloads/11_nov_p1_converted.mp4,2341.530,15.0,social_agent,facial sniffing,,,STATE,844.600,845.400,0.800,,
11_nov_p1,2024-09-25 10:43:19,,/Users/naylajimenez/Downloads/11_nov_p1_converted.mp4,2341.530,15.0,subject,facial sniffing,,,STATE,845.067,846.000,0.933,,
11_nov_p1,2024-09-25 10:43:19,,/Users/naylajimenez/Downloads/11_nov_p1_converted.mp4,2341.530,15.0,subject,anogenital sniffing,,,STATE,846.867,847.399,0.532,,
11_nov_p1,2024-09-25 10:43:19,,/Users/naylajimenez/Downloads/11_nov_p1_converted.mp4,2341.530,15.0,subject,facial sniffing,,,STATE,847.400,847.733,0.333,,
11_nov_p1,2024-09-25 10:43:19,,/Users/naylajimenez/Downloads/11_nov_p1_converted.mp4,2341.530,15.0,social_agent,anogenital sniffing,,,STATE,872.200,872.333,0.133,,
11_nov_p1,2024-09-25 10:43:19,,/Users/naylajimenez/Downloads/11_nov_p1_converted.mp4,2341.530,15.0,subject,facial sniffing,,,STATE,873.000,873.267,0.267,,
11_nov_p1,2024-09-25 10:43:19,,/Users/naylajimenez/Downloads/11_nov_p1_converted.mp4,2341.530,15.0,subject,anogenital sniffing,,,STATE,873.800,876.467,2.667,,
11_nov_p1,2024-09-25 10:43:19,,/Users/naylajimenez/Downloads/11_nov_p1_converted.mp4,2341.530,15.0,subject,fighting,,,STATE,876.600,877.467,0.867,,
11_nov_p1,2024-09-25 10:43:19,,/Users/naylajimenez/Downloads/11_nov_p1_converted.mp4,2341.530,15.0,subject,facial sniffing,,,STATE,878.067,878.333,0.266,,
11_nov_p1,2024-09-25 10:43:19,,/Users/naylajimenez/Downloads/11_nov_p1_converted.mp4,2341.530,15.0,subject,facial sniffing,,,STATE,879.400,879.733,0.333,,
11_nov_p1,2024-09-25 10:43:19,,/Users/naylajimenez/Downloads/11_nov_p1_converted.mp4,2341.530,15.0,social_agent,facial sniffing,,,STATE,879.400,879.733,0.333,,
11_nov_p1,2024-09-25 10:43:19,,/Users/naylajimenez/Downloads/11_nov_p1_converted.mp4,2341.530,15.0,subject,facial sniffing,,,STATE,880.667,881.732,1.065,,
11_nov_p1,2024-09-25 10:43:19,,/Users/naylajimenez/Downloads/11_nov_p1_converted.mp4,2341.530,15.0,subject,anogenital sniffing,,,STATE,881.733,884.666,2.933,,
11_nov_p1,2024-09-25 10:43:19,,/Users/naylajimenez/Downloads/11_nov_p1_converted.mp4,2341.530,15.0,subject,fighting,,,STATE,884.667,886.067,1.400,,
11_nov_p1,2024-09-25 10:43:19,,/Users/naylajimenez/Downloads/11_nov_p1_converted.mp4,2341.530,15.0,subject,facial sniffing,,,STATE,887.200,887.466,0.266,,
11_nov_p1,2024-09-25 10:43:19,,/Users/naylajimenez/Downloads/11_nov_p1_converted.mp4,2341.530,15.0,subject,fighting,,,STATE,887.467,890.599,3.132,,
11_nov_p1,2024-09-25 10:43:19,,/Users/naylajimenez/Downloads/11_nov_p1_converted.mp4,2341.530,15.0,subject,anogenital sniffing,,,STATE,892.267,892.533,0.266,,
11_nov_p1,2024-09-25 10:43:19,,/Users/naylajimenez/Downloads/11_nov_p1_converted.mp4,2341.530,15.0,social_agent,mice taken out,,,POINT,899.933,899.933,NA,,
11_nov_p1,2024-09-25 10:43:19,,/Users/naylajimenez/Downloads/11_nov_p1_converted.mp4,2341.530,15.0,social_agent,mice back in,,,POINT,962.800,962.800,NA,,
11_nov_p1,2024-09-25 10:43:19,,/Users/naylajimenez/Downloads/11_nov_p1_converted.mp4,2341.530,15.0,subject,facial sniffing,,,STATE,964.000,965.200,1.200,,
11_nov_p1,2024-09-25 10:43:19,,/Users/naylajimenez/Downloads/11_nov_p1_converted.mp4,2341.530,15.0,social_agent,facial sniffing,,,STATE,964.200,965.000,0.800,,
11_nov_p1,2024-09-25 10:43:19,,/Users/naylajimenez/Downloads/11_nov_p1_converted.mp4,2341.530,15.0,subject,anogenital sniffing,,,STATE,965.800,968.733,2.933,,
11_nov_p1,2024-09-25 10:43:19,,/Users/naylajimenez/Downloads/11_nov_p1_converted.mp4,2341.530,15.0,subject,facial sniffing,,,STATE,990.200,991.200,1.000,,
11_nov_p1,2024-09-25 10:43:19,,/Users/naylajimenez/Downloads/11_nov_p1_converted.mp4,2341.530,15.0,social_agent,facial sniffing,,,STATE,990.267,990.467,0.200,,
11_nov_p1,2024-09-25 10:43:19,,/Users/naylajimenez/Downloads/11_nov_p1_converted.mp4,2341.530,15.0,social_agent,facial sniffing,,,STATE,991.733,994.600,2.867,,
11_nov_p1,2024-09-25 10:43:19,,/Users/naylajimenez/Downloads/11_nov_p1_converted.mp4,2341.530,15.0,subject,facial sniffing,,,STATE,995.067,995.933,0.866,,
11_nov_p1,2024-09-25 10:43:19,,/Users/naylajimenez/Downloads/11_nov_p1_converted.mp4,2341.530,15.0,subject,facial sniffing,,,STATE,996.200,996.799,0.599,,
11_nov_p1,2024-09-25 10:43:19,,/Users/naylajimenez/Downloads/11_nov_p1_converted.mp4,2341.530,15.0,subject,anogenital sniffing,,,STATE,996.800,998.933,2.133,,
11_nov_p1,2024-09-25 10:43:19,,/Users/naylajimenez/Downloads/11_nov_p1_converted.mp4,2341.530,15.0,subject,facial sniffing,,,STATE,999.267,1006.067,6.800,,
11_nov_p1,2024-09-25 10:43:19,,/Users/naylajimenez/Downloads/11_nov_p1_converted.mp4,2341.530,15.0,social_agent,facial sniffing,,,STATE,1003.733,1005.133,1.400,,
11_nov_p1,2024-09-25 10:43:19,,/Users/naylajimenez/Downloads/11_nov_p1_converted.mp4,2341.530,15.0,subject,anogenital sniffing,,,STATE,1006.600,1008.067,1.467,,
11_nov_p1,2024-09-25 10:43:19,,/Users/naylajimenez/Downloads/11_nov_p1_converted.mp4,2341.530,15.0,social_agent,facial sniffing,,,STATE,1008.467,1008.667,0.200,,
11_nov_p1,2024-09-25 10:43:19,,/Users/naylajimenez/Downloads/11_nov_p1_converted.mp4,2341.530,15.0,subject,facial sniffing,,,STATE,1008.533,1008.733,0.200,,
11_nov_p1,2024-09-25 10:43:19,,/Users/naylajimenez/Downloads/11_nov_p1_converted.mp4,2341.530,15.0,social_agent,facial sniffing,,,STATE,1014.333,1015.667,1.334,,
11_nov_p1,2024-09-25 10:43:19,,/Users/naylajimenez/Downloads/11_nov_p1_converted.mp4,2341.530,15.0,subject,facial sniffing,,,STATE,1018.333,1019.400,1.067,,
11_nov_p1,2024-09-25 10:43:19,,/Users/naylajimenez/Downloads/11_nov_p1_converted.mp4,2341.530,15.0,social_agent,anogenital sniffing,,,STATE,1029.400,1030.667,1.267,,
11_nov_p1,2024-09-25 10:43:19,,/Users/naylajimenez/Downloads/11_nov_p1_converted.mp4,2341.530,15.0,subject,facial sniffing,,,STATE,1029.733,1030.467,0.734,,
11_nov_p1,2024-09-25 10:43:19,,/Users/naylajimenez/Downloads/11_nov_p1_converted.mp4,2341.530,15.0,subject,facial sniffing,,,STATE,1050.333,1052.800,2.467,,
11_nov_p1,2024-09-25 10:43:19,,/Users/naylajimenez/Downloads/11_nov_p1_converted.mp4,2341.530,15.0,subject,facial sniffing,,,STATE,1054.133,1055.467,1.334,,
11_nov_p1,2024-09-25 10:43:19,,/Users/naylajimenez/Downloads/11_nov_p1_converted.mp4,2341.530,15.0,social_agent,facial sniffing,,,STATE,1054.133,1055.133,1.000,,
11_nov_p1,2024-09-25 10:43:19,,/Users/naylajimenez/Downloads/11_nov_p1_converted.mp4,2341.530,15.0,subject,facial sniffing,,,STATE,1057.067,1059.600,2.533,,
11_nov_p1,2024-09-25 10:43:19,,/Users/naylajimenez/Downloads/11_nov_p1_converted.mp4,2341.530,15.0,social_agent,facial sniffing,,,STATE,1057.067,1057.800,0.733,,
11_nov_p1,2024-09-25 10:43:19,,/Users/naylajimenez/Downloads/11_nov_p1_converted.mp4,2341.530,15.0,subject,facial sniffing,,,STATE,1082.600,1083.200,0.600,,
11_nov_p1,2024-09-25 10:43:19,,/Users/naylajimenez/Downloads/11_nov_p1_converted.mp4,2341.530,15.0,subject,facial sniffing,,,STATE,1086.667,1088.333,1.666,,
11_nov_p1,2024-09-25 10:43:19,,/Users/naylajimenez/Downloads/11_nov_p1_converted.mp4,2341.530,15.0,subject,facial sniffing,,,STATE,1089.600,1090.000,0.400,,
11_nov_p1,2024-09-25 10:43:19,,/Users/naylajimenez/Downloads/11_nov_p1_converted.mp4,2341.530,15.0,social_agent,anogenital sniffing,,,STATE,1089.867,1090.267,0.400,,
11_nov_p1,2024-09-25 10:43:19,,/Users/naylajimenez/Downloads/11_nov_p1_converted.mp4,2341.530,15.0,subject,anogenital sniffing,,,STATE,1091.000,1094.533,3.533,,
11_nov_p1,2024-09-25 10:43:19,,/Users/naylajimenez/Downloads/11_nov_p1_converted.mp4,2341.530,15.0,subject,facial sniffing,,,STATE,1110.667,1110.933,0.266,,
11_nov_p1,2024-09-25 10:43:19,,/Users/naylajimenez/Downloads/11_nov_p1_converted.mp4,2341.530,15.0,subject,anogenital sniffing,,,STATE,1118.533,1126.200,7.667,,
11_nov_p1,2024-09-25 10:43:19,,/Users/naylajimenez/Downloads/11_nov_p1_converted.mp4,2341.530,15.0,subject,facial sniffing,,,STATE,1138.733,1141.867,3.134,,
11_nov_p1,2024-09-25 10:43:19,,/Users/naylajimenez/Downloads/11_nov_p1_converted.mp4,2341.530,15.0,social_agent,facial sniffing,,,STATE,1140.133,1141.267,1.134,,
11_nov_p1,2024-09-25 10:43:19,,/Users/naylajimenez/Downloads/11_nov_p1_converted.mp4,2341.530,15.0,subject,anogenital sniffing,,,STATE,1170.733,1171.266,0.533,,
11_nov_p1,2024-09-25 10:43:19,,/Users/naylajimenez/Downloads/11_nov_p1_converted.mp4,2341.530,15.0,subject,facial sniffing,,,STATE,1171.267,1171.667,0.400,,
11_nov_p1,2024-09-25 10:43:19,,/Users/naylajimenez/Downloads/11_nov_p1_converted.mp4,2341.530,15.0,social_agent,facial sniffing,,,STATE,1171.400,1171.600,0.200,,
11_nov_p1,2024-09-25 10:43:19,,/Users/naylajimenez/Downloads/11_nov_p1_converted.mp4,2341.530,15.0,subject,facial sniffing,,,STATE,1175.267,1178.867,3.600,,
11_nov_p1,2024-09-25 10:43:19,,/Users/naylajimenez/Downloads/11_nov_p1_converted.mp4,2341.530,15.0,social_agent,facial sniffing,,,STATE,1176.933,1177.533,0.600,,
11_nov_p1,2024-09-25 10:43:19,,/Users/naylajimenez/Downloads/11_nov_p1_converted.mp4,2341.530,15.0,subject,facial sniffing,,,STATE,1179.667,1180.467,0.800,,
11_nov_p1,2024-09-25 10:43:19,,/Users/naylajimenez/Downloads/11_nov_p1_converted.mp4,2341.530,15.0,subject,anogenital sniffing,,,STATE,1186.533,1188.133,1.600,,
11_nov_p1,2024-09-25 10:43:19,,/Users/naylajimenez/Downloads/11_nov_p1_converted.mp4,2341.530,15.0,subject,facial sniffing,,,STATE,1189.400,1190.267,0.867,,
11_nov_p1,2024-09-25 10:43:19,,/Users/naylajimenez/Downloads/11_nov_p1_converted.mp4,2341.530,15.0,social_agent,facial sniffing,,,STATE,1190.733,1191.133,0.400,,
11_nov_p1,2024-09-25 10:43:19,,/Users/naylajimenez/Downloads/11_nov_p1_converted.mp4,2341.530,15.0,subject,facial sniffing,,,STATE,1190.867,1194.333,3.466,,
11_nov_p1,2024-09-25 10:43:19,,/Users/naylajimenez/Downloads/11_nov_p1_converted.mp4,2341.530,15.0,social_agent,facial sniffing,,,STATE,1193.000,1194.267,1.267,,
11_nov_p1,2024-09-25 10:43:19,,/Users/naylajimenez/Downloads/11_nov_p1_converted.mp4,2341.530,15.0,subject,anogenital sniffing,,,STATE,1195.067,1200.133,5.066,,
11_nov_p1,2024-09-25 10:43:19,,/Users/naylajimenez/Downloads/11_nov_p1_converted.mp4,2341.530,15.0,subject,anogenital sniffing,,,STATE,1201.467,1207.467,6.000,,
11_nov_p1,2024-09-25 10:43:19,,/Users/naylajimenez/Downloads/11_nov_p1_converted.mp4,2341.530,15.0,subject,anogenital sniffing,,,STATE,1209.667,1214.867,5.200,,
11_nov_p1,2024-09-25 10:43:19,,/Users/naylajimenez/Downloads/11_nov_p1_converted.mp4,2341.530,15.0,social_agent,facial sniffing,,,STATE,1226.600,1227.067,0.467,,
11_nov_p1,2024-09-25 10:43:19,,/Users/naylajimenez/Downloads/11_nov_p1_converted.mp4,2341.530,15.0,subject,facial sniffing,,,STATE,1226.733,1227.067,0.334,,
11_nov_p1,2024-09-25 10:43:19,,/Users/naylajimenez/Downloads/11_nov_p1_converted.mp4,2341.530,15.0,social_agent,facial sniffing,,,STATE,1253.200,1253.867,0.667,,
11_nov_p1,2024-09-25 10:43:19,,/Users/naylajimenez/Downloads/11_nov_p1_converted.mp4,2341.530,15.0,subject,facial sniffing,,,STATE,1253.267,1253.933,0.666,,
11_nov_p1,2024-09-25 10:43:19,,/Users/naylajimenez/Downloads/11_nov_p1_converted.mp4,2341.530,15.0,social_agent,mice taken out,,,POINT,1260.600,1260.600,NA,,
11_nov_p1,2024-09-25 10:43:19,,/Users/naylajimenez/Downloads/11_nov_p1_converted.mp4,2341.530,15.0,social_agent,mice back in,,,POINT,1322.867,1322.867,NA,,
11_nov_p1,2024-09-25 10:43:19,,/Users/naylajimenez/Downloads/11_nov_p1_converted.mp4,2341.530,15.0,subject,anogenital sniffing,,,STATE,1325.800,1326.267,0.467,,
11_nov_p1,2024-09-25 10:43:19,,/Users/naylajimenez/Downloads/11_nov_p1_converted.mp4,2341.530,15.0,subject,facial sniffing,,,STATE,1326.267,1328.200,1.933,,
11_nov_p1,2024-09-25 10:43:19,,/Users/naylajimenez/Downloads/11_nov_p1_converted.mp4,2341.530,15.0,subject,anogenital sniffing,,,STATE,1328.467,1330.400,1.933,,
11_nov_p1,2024-09-25 10:43:19,,/Users/naylajimenez/Downloads/11_nov_p1_converted.mp4,2341.530,15.0,subject,anogenital sniffing,,,STATE,1332.000,1333.599,1.599,,
11_nov_p1,2024-09-25 10:43:19,,/Users/naylajimenez/Downloads/11_nov_p1_converted.mp4,2341.530,15.0,subject,facial sniffing,,,STATE,1334.533,1335.933,1.400,,
11_nov_p1,2024-09-25 10:43:19,,/Users/naylajimenez/Downloads/11_nov_p1_converted.mp4,2341.530,15.0,subject,anogenital sniffing,,,STATE,1337.133,1337.400,0.267,,
11_nov_p1,2024-09-25 10:43:19,,/Users/naylajimenez/Downloads/11_nov_p1_converted.mp4,2341.530,15.0,subject,anogenital sniffing,,,STATE,1339.000,1339.733,0.733,,
11_nov_p1,2024-09-25 10:43:19,,/Users/naylajimenez/Downloads/11_nov_p1_converted.mp4,2341.530,15.0,subject,facial sniffing,,,STATE,1340.867,1341.000,0.133,,
11_nov_p1,2024-09-25 10:43:19,,/Users/naylajimenez/Downloads/11_nov_p1_converted.mp4,2341.530,15.0,subject,facial sniffing,,,STATE,1342.067,1346.000,3.933,,
11_nov_p1,2024-09-25 10:43:19,,/Users/naylajimenez/Downloads/11_nov_p1_converted.mp4,2341.530,15.0,social_agent,facial sniffing,,,STATE,1344.067,1345.067,1.000,,
11_nov_p1,2024-09-25 10:43:19,,/Users/naylajimenez/Downloads/11_nov_p1_converted.mp4,2341.530,15.0,social_agent,facial sniffing,,,STATE,1345.600,1346.067,0.467,,
11_nov_p1,2024-09-25 10:43:19,,/Users/naylajimenez/Downloads/11_nov_p1_converted.mp4,2341.530,15.0,social_agent,anogenital sniffing,,,STATE,1347.733,1348.000,0.267,,
11_nov_p1,2024-09-25 10:43:19,,/Users/naylajimenez/Downloads/11_nov_p1_converted.mp4,2341.530,15.0,social_agent,facial sniffing,,,STATE,1348.200,1348.467,0.267,,
11_nov_p1,2024-09-25 10:43:19,,/Users/naylajimenez/Downloads/11_nov_p1_converted.mp4,2341.530,15.0,subject,facial sniffing,,,STATE,1349.800,1350.267,0.467,,
11_nov_p1,2024-09-25 10:43:19,,/Users/naylajimenez/Downloads/11_nov_p1_converted.mp4,2341.530,15.0,subject,facial sniffing,,,STATE,1363.533,1364.733,1.200,,
11_nov_p1,2024-09-25 10:43:19,,/Users/naylajimenez/Downloads/11_nov_p1_converted.mp4,2341.530,15.0,subject,facial sniffing,,,STATE,1370.133,1372.267,2.134,,
11_nov_p1,2024-09-25 10:43:19,,/Users/naylajimenez/Downloads/11_nov_p1_converted.mp4,2341.530,15.0,subject,facial sniffing,,,STATE,1374.067,1378.600,4.533,,
11_nov_p1,2024-09-25 10:43:19,,/Users/naylajimenez/Downloads/11_nov_p1_converted.mp4,2341.530,15.0,social_agent,facial sniffing,,,STATE,1374.333,1376.800,2.467,,
11_nov_p1,2024-09-25 10:43:19,,/Users/naylajimenez/Downloads/11_nov_p1_converted.mp4,2341.530,15.0,subject,anogenital sniffing,,,STATE,1379.600,1380.999,1.399,,
11_nov_p1,2024-09-25 10:43:19,,/Users/naylajimenez/Downloads/11_nov_p1_converted.mp4,2341.530,15.0,subject,allogrooming,,,STATE,1381.000,1384.200,3.200,,
11_nov_p1,2024-09-25 10:43:19,,/Users/naylajimenez/Downloads/11_nov_p1_converted.mp4,2341.530,15.0,subject,anogenital sniffing,,,STATE,1381.267,1384.199,2.932,,
11_nov_p1,2024-09-25 10:43:19,,/Users/naylajimenez/Downloads/11_nov_p1_converted.mp4,2341.530,15.0,subject,anogenital sniffing,,,STATE,1385.733,1386.333,0.600,,
11_nov_p1,2024-09-25 10:43:19,,/Users/naylajimenez/Downloads/11_nov_p1_converted.mp4,2341.530,15.0,subject,allogrooming,,,STATE,1386.800,1388.467,1.667,,
11_nov_p1,2024-09-25 10:43:19,,/Users/naylajimenez/Downloads/11_nov_p1_converted.mp4,2341.530,15.0,subject,fighting,,,STATE,1388.467,1391.200,2.733,,
11_nov_p1,2024-09-25 10:43:19,,/Users/naylajimenez/Downloads/11_nov_p1_converted.mp4,2341.530,15.0,subject,fighting,,,STATE,1391.800,1392.867,1.067,,
11_nov_p1,2024-09-25 10:43:19,,/Users/naylajimenez/Downloads/11_nov_p1_converted.mp4,2341.530,15.0,subject,facial sniffing,,,STATE,1394.600,1395.067,0.467,,
11_nov_p1,2024-09-25 10:43:19,,/Users/naylajimenez/Downloads/11_nov_p1_converted.mp4,2341.530,15.0,social_agent,facial sniffing,,,STATE,1394.600,1395.067,0.467,,
11_nov_p1,2024-09-25 10:43:19,,/Users/naylajimenez/Downloads/11_nov_p1_converted.mp4,2341.530,15.0,social_agent,facial sniffing,,,STATE,1398.733,1399.467,0.734,,
11_nov_p1,2024-09-25 10:43:19,,/Users/naylajimenez/Downloads/11_nov_p1_converted.mp4,2341.530,15.0,subject,facial sniffing,,,STATE,1398.933,1399.533,0.600,,
11_nov_p1,2024-09-25 10:43:19,,/Users/naylajimenez/Downloads/11_nov_p1_converted.mp4,2341.530,15.0,subject,facial sniffing,,,STATE,1416.000,1416.800,0.800,,
11_nov_p1,2024-09-25 10:43:19,,/Users/naylajimenez/Downloads/11_nov_p1_converted.mp4,2341.530,15.0,social_agent,facial sniffing,,,STATE,1416.267,1416.600,0.333,,
11_nov_p1,2024-09-25 10:43:19,,/Users/naylajimenez/Downloads/11_nov_p1_converted.mp4,2341.530,15.0,subject,facial sniffing,,,STATE,1418.333,1420.733,2.400,,
11_nov_p1,2024-09-25 10:43:19,,/Users/naylajimenez/Downloads/11_nov_p1_converted.mp4,2341.530,15.0,social_agent,facial sniffing,,,STATE,1418.733,1419.867,1.134,,
11_nov_p1,2024-09-25 10:43:19,,/Users/naylajimenez/Downloads/11_nov_p1_converted.mp4,2341.530,15.0,social_agent,facial sniffing,,,STATE,1433.867,1434.000,0.133,,
11_nov_p1,2024-09-25 10:43:19,,/Users/naylajimenez/Downloads/11_nov_p1_converted.mp4,2341.530,15.0,social_agent,anogenital sniffing,,,STATE,1437.800,1438.867,1.067,,
11_nov_p1,2024-09-25 10:43:19,,/Users/naylajimenez/Downloads/11_nov_p1_converted.mp4,2341.530,15.0,subject,facial sniffing,,,STATE,1442.533,1444.200,1.667,,
11_nov_p1,2024-09-25 10:43:19,,/Users/naylajimenez/Downloads/11_nov_p1_converted.mp4,2341.530,15.0,social_agent,anogenital sniffing,,,STATE,1442.533,1444.800,2.267,,
11_nov_p1,2024-09-25 10:43:19,,/Users/naylajimenez/Downloads/11_nov_p1_converted.mp4,2341.530,15.0,subject,anogenital sniffing,,,STATE,1455.333,1457.267,1.934,,
11_nov_p1,2024-09-25 10:43:19,,/Users/naylajimenez/Downloads/11_nov_p1_converted.mp4,2341.530,15.0,social_agent,facial sniffing,,,STATE,1463.467,1463.667,0.200,,
11_nov_p1,2024-09-25 10:43:19,,/Users/naylajimenez/Downloads/11_nov_p1_converted.mp4,2341.530,15.0,subject,anogenital sniffing,,,STATE,1477.267,1477.667,0.400,,
11_nov_p1,2024-09-25 10:43:19,,/Users/naylajimenez/Downloads/11_nov_p1_converted.mp4,2341.530,15.0,subject,facial sniffing,,,STATE,1486.733,1487.200,0.467,,
11_nov_p1,2024-09-25 10:43:19,,/Users/naylajimenez/Downloads/11_nov_p1_converted.mp4,2341.530,15.0,social_agent,facial sniffing,,,STATE,1486.800,1487.133,0.333,,
11_nov_p1,2024-09-25 10:43:19,,/Users/naylajimenez/Downloads/11_nov_p1_converted.mp4,2341.530,15.0,subject,facial sniffing,,,STATE,1490.200,1490.400,0.200,,
11_nov_p1,2024-09-25 10:43:19,,/Users/naylajimenez/Downloads/11_nov_p1_converted.mp4,2341.530,15.0,social_agent,facial sniffing,,,STATE,1490.267,1491.133,0.866,,
11_nov_p1,2024-09-25 10:43:19,,/Users/naylajimenez/Downloads/11_nov_p1_converted.mp4,2341.530,15.0,social_agent,anogenital sniffing,,,STATE,1491.667,1492.267,0.600,,
11_nov_p1,2024-09-25 10:43:19,,/Users/naylajimenez/Downloads/11_nov_p1_converted.mp4,2341.530,15.0,subject,facial sniffing,,,STATE,1498.133,1498.733,0.600,,
11_nov_p1,2024-09-25 10:43:19,,/Users/naylajimenez/Downloads/11_nov_p1_converted.mp4,2341.530,15.0,social_agent,facial sniffing,,,STATE,1498.200,1498.667,0.467,,
11_nov_p1,2024-09-25 10:43:19,,/Users/naylajimenez/Downloads/11_nov_p1_converted.mp4,2341.530,15.0,social_agent,facial sniffing,,,STATE,1499.667,1499.733,0.066,,
11_nov_p1,2024-09-25 10:43:19,,/Users/naylajimenez/Downloads/11_nov_p1_converted.mp4,2341.530,15.0,social_agent,anogenital sniffing,,,STATE,1500.400,1500.600,0.200,,
11_nov_p1,2024-09-25 10:43:19,,/Users/naylajimenez/Downloads/11_nov_p1_converted.mp4,2341.530,15.0,social_agent,facial sniffing,,,STATE,1503.667,1504.333,0.666,,
11_nov_p1,2024-09-25 10:43:19,,/Users/naylajimenez/Downloads/11_nov_p1_converted.mp4,2341.530,15.0,subject,facial sniffing,,,STATE,1503.867,1504.333,0.466,,
11_nov_p1,2024-09-25 10:43:19,,/Users/naylajimenez/Downloads/11_nov_p1_converted.mp4,2341.530,15.0,subject,anogenital sniffing,,,STATE,1512.467,1512.600,0.133,,
11_nov_p1,2024-09-25 10:43:19,,/Users/naylajimenez/Downloads/11_nov_p1_converted.mp4,2341.530,15.0,subject,facial sniffing,,,STATE,1528.333,1528.733,0.400,,
11_nov_p1,2024-09-25 10:43:19,,/Users/naylajimenez/Downloads/11_nov_p1_converted.mp4,2341.530,15.0,social_agent,facial sniffing,,,STATE,1528.333,1528.533,0.200,,
11_nov_p1,2024-09-25 10:43:19,,/Users/naylajimenez/Downloads/11_nov_p1_converted.mp4,2341.530,15.0,subject,anogenital sniffing,,,STATE,1529.133,1529.400,0.267,,
11_nov_p1,2024-09-25 10:43:19,,/Users/naylajimenez/Downloads/11_nov_p1_converted.mp4,2341.530,15.0,subject,facial sniffing,,,STATE,1535.933,1537.400,1.467,,
11_nov_p1,2024-09-25 10:43:19,,/Users/naylajimenez/Downloads/11_nov_p1_converted.mp4,2341.530,15.0,social_agent,facial sniffing,,,STATE,1538.800,1539.067,0.267,,
11_nov_p1,2024-09-25 10:43:19,,/Users/naylajimenez/Downloads/11_nov_p1_converted.mp4,2341.530,15.0,subject,facial sniffing,,,STATE,1538.933,1539.667,0.734,,
11_nov_p1,2024-09-25 10:43:19,,/Users/naylajimenez/Downloads/11_nov_p1_converted.mp4,2341.530,15.0,subject,facial sniffing,,,STATE,1541.000,1541.200,0.200,,
11_nov_p1,2024-09-25 10:43:19,,/Users/naylajimenez/Downloads/11_nov_p1_converted.mp4,2341.530,15.0,social_agent,anogenital sniffing,,,STATE,1541.333,1541.467,0.134,,
11_nov_p1,2024-09-25 10:43:19,,/Users/naylajimenez/Downloads/11_nov_p1_converted.mp4,2341.530,15.0,social_agent,anogenital sniffing,,,STATE,1542.867,1543.600,0.733,,
11_nov_p1,2024-09-25 10:43:19,,/Users/naylajimenez/Downloads/11_nov_p1_converted.mp4,2341.530,15.0,subject,anogenital sniffing,,,STATE,1549.667,1549.933,0.266,,
11_nov_p1,2024-09-25 10:43:19,,/Users/naylajimenez/Downloads/11_nov_p1_converted.mp4,2341.530,15.0,social_agent,facial sniffing,,,STATE,1550.200,1550.533,0.333,,
11_nov_p1,2024-09-25 10:43:19,,/Users/naylajimenez/Downloads/11_nov_p1_converted.mp4,2341.530,15.0,social_agent,facial sniffing,,,STATE,1551.467,1551.933,0.466,,
11_nov_p1,2024-09-25 10:43:19,,/Users/naylajimenez/Downloads/11_nov_p1_converted.mp4,2341.530,15.0,subject,facial sniffing,,,STATE,1554.667,1555.600,0.933,,
11_nov_p1,2024-09-25 10:43:19,,/Users/naylajimenez/Downloads/11_nov_p1_converted.mp4,2341.530,15.0,social_agent,facial sniffing,,,STATE,1554.733,1555.533,0.800,,
11_nov_p1,2024-09-25 10:43:19,,/Users/naylajimenez/Downloads/11_nov_p1_converted.mp4,2341.530,15.0,subject,anogenital sniffing,,,STATE,1556.600,1557.467,0.867,,
11_nov_p1,2024-09-25 10:43:19,,/Users/naylajimenez/Downloads/11_nov_p1_converted.mp4,2341.530,15.0,subject,facial sniffing,,,STATE,1558.067,1558.133,0.066,,
11_nov_p1,2024-09-25 10:43:19,,/Users/naylajimenez/Downloads/11_nov_p1_converted.mp4,2341.530,15.0,subject,facial sniffing,,,STATE,1562.800,1563.267,0.467,,
11_nov_p1,2024-09-25 10:43:19,,/Users/naylajimenez/Downloads/11_nov_p1_converted.mp4,2341.530,15.0,subject,facial sniffing,,,STATE,1563.800,1565.400,1.600,,
11_nov_p1,2024-09-25 10:43:19,,/Users/naylajimenez/Downloads/11_nov_p1_converted.mp4,2341.530,15.0,social_agent,facial sniffing,,,STATE,1563.933,1565.933,2.000,,
11_nov_p1,2024-09-25 10:43:19,,/Users/naylajimenez/Downloads/11_nov_p1_converted.mp4,2341.530,15.0,social_agent,anogenital sniffing,,,STATE,1571.933,1573.600,1.667,,
11_nov_p1,2024-09-25 10:43:19,,/Users/naylajimenez/Downloads/11_nov_p1_converted.mp4,2341.530,15.0,social_agent,facial sniffing,,,STATE,1574.200,1575.333,1.133,,
11_nov_p1,2024-09-25 10:43:19,,/Users/naylajimenez/Downloads/11_nov_p1_converted.mp4,2341.530,15.0,social_agent,facial sniffing,,,STATE,1576.333,1577.533,1.200,,
11_nov_p1,2024-09-25 10:43:19,,/Users/naylajimenez/Downloads/11_nov_p1_converted.mp4,2341.530,15.0,subject,facial sniffing,,,STATE,1576.400,1577.667,1.267,,
11_nov_p1,2024-09-25 10:43:19,,/Users/naylajimenez/Downloads/11_nov_p1_converted.mp4,2341.530,15.0,social_agent,anogenital sniffing,,,STATE,1585.067,1587.000,1.933,,
11_nov_p1,2024-09-25 10:43:19,,/Users/naylajimenez/Downloads/11_nov_p1_converted.mp4,2341.530,15.0,subject,facial sniffing,,,STATE,1595.667,1596.733,1.066,,
11_nov_p1,2024-09-25 10:43:19,,/Users/naylajimenez/Downloads/11_nov_p1_converted.mp4,2341.530,15.0,social_agent,facial sniffing,,,STATE,1596.733,1597.067,0.334,,
11_nov_p1,2024-09-25 10:43:19,,/Users/naylajimenez/Downloads/11_nov_p1_converted.mp4,2341.530,15.0,social_agent,anogenital sniffing,,,STATE,1615.200,1615.333,0.133,,
11_nov_p1,2024-09-25 10:43:19,,/Users/naylajimenez/Downloads/11_nov_p1_converted.mp4,2341.530,15.0,social_agent,facial sniffing,,,STATE,1617.400,1617.733,0.333,,
11_nov_p1,2024-09-25 10:43:19,,/Users/naylajimenez/Downloads/11_nov_p1_converted.mp4,2341.530,15.0,social_agent,mice taken out,,,POINT,1620.800,1620.800,NA,,
11_nov_p1,2024-09-25 10:43:19,,/Users/naylajimenez/Downloads/11_nov_p1_converted.mp4,2341.530,15.0,social_agent,mice back in,,,POINT,1683.533,1683.533,NA,,
11_nov_p1,2024-09-25 10:43:19,,/Users/naylajimenez/Downloads/11_nov_p1_converted.mp4,2341.530,15.0,subject,facial sniffing,,,STATE,1684.667,1685.267,0.600,,
11_nov_p1,2024-09-25 10:43:19,,/Users/naylajimenez/Downloads/11_nov_p1_converted.mp4,2341.530,15.0,subject,anogenital sniffing,,,STATE,1686.067,1687.000,0.933,,
11_nov_p1,2024-09-25 10:43:19,,/Users/naylajimenez/Downloads/11_nov_p1_converted.mp4,2341.530,15.0,social_agent,facial sniffing,,,STATE,1687.467,1687.933,0.466,,
11_nov_p1,2024-09-25 10:43:19,,/Users/naylajimenez/Downloads/11_nov_p1_converted.mp4,2341.530,15.0,subject,facial sniffing,,,STATE,1687.533,1688.067,0.534,,
11_nov_p1,2024-09-25 10:43:19,,/Users/naylajimenez/Downloads/11_nov_p1_converted.mp4,2341.530,15.0,subject,anogenital sniffing,,,STATE,1694.333,1695.533,1.200,,
11_nov_p1,2024-09-25 10:43:19,,/Users/naylajimenez/Downloads/11_nov_p1_converted.mp4,2341.530,15.0,subject,anogenital sniffing,,,STATE,1697.333,1698.867,1.534,,
11_nov_p1,2024-09-25 10:43:19,,/Users/naylajimenez/Downloads/11_nov_p1_converted.mp4,2341.530,15.0,subject,anogenital sniffing,,,STATE,1712.267,1712.867,0.600,,
11_nov_p1,2024-09-25 10:43:19,,/Users/naylajimenez/Downloads/11_nov_p1_converted.mp4,2341.530,15.0,subject,facial sniffing,,,STATE,1714.333,1715.267,0.934,,
11_nov_p1,2024-09-25 10:43:19,,/Users/naylajimenez/Downloads/11_nov_p1_converted.mp4,2341.530,15.0,social_agent,facial sniffing,,,STATE,1714.600,1714.933,0.333,,
11_nov_p1,2024-09-25 10:43:19,,/Users/naylajimenez/Downloads/11_nov_p1_converted.mp4,2341.530,15.0,social_agent,facial sniffing,,,STATE,1720.600,1722.133,1.533,,
11_nov_p1,2024-09-25 10:43:19,,/Users/naylajimenez/Downloads/11_nov_p1_converted.mp4,2341.530,15.0,subject,facial sniffing,,,STATE,1721.533,1721.800,0.267,,
11_nov_p1,2024-09-25 10:43:19,,/Users/naylajimenez/Downloads/11_nov_p1_converted.mp4,2341.530,15.0,subject,facial sniffing,,,STATE,1723.133,1723.467,0.334,,
11_nov_p1,2024-09-25 10:43:19,,/Users/naylajimenez/Downloads/11_nov_p1_converted.mp4,2341.530,15.0,social_agent,facial sniffing,,,STATE,1723.200,1723.400,0.200,,
11_nov_p1,2024-09-25 10:43:19,,/Users/naylajimenez/Downloads/11_nov_p1_converted.mp4,2341.530,15.0,social_agent,anogenital sniffing,,,STATE,1728.333,1728.800,0.467,,
11_nov_p1,2024-09-25 10:43:19,,/Users/naylajimenez/Downloads/11_nov_p1_converted.mp4,2341.530,15.0,subject,anogenital sniffing,,,STATE,1730.133,1731.867,1.734,,
11_nov_p1,2024-09-25 10:43:19,,/Users/naylajimenez/Downloads/11_nov_p1_converted.mp4,2341.530,15.0,social_agent,facial sniffing,,,STATE,1732.333,1732.733,0.400,,
11_nov_p1,2024-09-25 10:43:19,,/Users/naylajimenez/Downloads/11_nov_p1_converted.mp4,2341.530,15.0,subject,anogenital sniffing,,,STATE,1734.200,1736.000,1.800,,
11_nov_p1,2024-09-25 10:43:19,,/Users/naylajimenez/Downloads/11_nov_p1_converted.mp4,2341.530,15.0,social_agent,facial sniffing,,,STATE,1739.333,1739.667,0.334,,
11_nov_p1,2024-09-25 10:43:19,,/Users/naylajimenez/Downloads/11_nov_p1_converted.mp4,2341.530,15.0,subject,facial sniffing,,,STATE,1739.400,1739.733,0.333,,
11_nov_p1,2024-09-25 10:43:19,,/Users/naylajimenez/Downloads/11_nov_p1_converted.mp4,2341.530,15.0,social_agent,facial sniffing,,,STATE,1743.933,1744.200,0.267,,
11_nov_p1,2024-09-25 10:43:19,,/Users/naylajimenez/Downloads/11_nov_p1_converted.mp4,2341.530,15.0,social_agent,anogenital sniffing,,,STATE,1745.133,1746.400,1.267,,
11_nov_p1,2024-09-25 10:43:19,,/Users/naylajimenez/Downloads/11_nov_p1_converted.mp4,2341.530,15.0,social_agent,anogenital sniffing,,,STATE,1750.533,1751.067,0.534,,
11_nov_p1,2024-09-25 10:43:19,,/Users/naylajimenez/Downloads/11_nov_p1_converted.mp4,2341.530,15.0,social_agent,facial sniffing,,,STATE,1753.733,1755.067,1.334,,
11_nov_p1,2024-09-25 10:43:19,,/Users/naylajimenez/Downloads/11_nov_p1_converted.mp4,2341.530,15.0,social_agent,anogenital sniffing,,,STATE,1761.533,1761.933,0.400,,
11_nov_p1,2024-09-25 10:43:19,,/Users/naylajimenez/Downloads/11_nov_p1_converted.mp4,2341.530,15.0,subject,facial sniffing,,,STATE,1765.667,1766.867,1.200,,
11_nov_p1,2024-09-25 10:43:19,,/Users/naylajimenez/Downloads/11_nov_p1_converted.mp4,2341.530,15.0,subject,anogenital sniffing,,,STATE,1785.000,1785.333,0.333,,
11_nov_p1,2024-09-25 10:43:19,,/Users/naylajimenez/Downloads/11_nov_p1_converted.mp4,2341.530,15.0,subject,anogenital sniffing,,,STATE,1786.933,1787.867,0.934,,
11_nov_p1,2024-09-25 10:43:19,,/Users/naylajimenez/Downloads/11_nov_p1_converted.mp4,2341.530,15.0,subject,facial sniffing,,,STATE,1801.867,1802.267,0.400,,
11_nov_p1,2024-09-25 10:43:19,,/Users/naylajimenez/Downloads/11_nov_p1_converted.mp4,2341.530,15.0,social_agent,facial sniffing,,,STATE,1801.867,1802.000,0.133,,
11_nov_p1,2024-09-25 10:43:19,,/Users/naylajimenez/Downloads/11_nov_p1_converted.mp4,2341.530,15.0,social_agent,anogenital sniffing,,,STATE,1812.600,1812.867,0.267,,
11_nov_p1,2024-09-25 10:43:19,,/Users/naylajimenez/Downloads/11_nov_p1_converted.mp4,2341.530,15.0,social_agent,facial sniffing,,,STATE,1836.333,1836.667,0.334,,
11_nov_p1,2024-09-25 10:43:19,,/Users/naylajimenez/Downloads/11_nov_p1_converted.mp4,2341.530,15.0,subject,facial sniffing,,,STATE,1836.400,1836.667,0.267,,
11_nov_p1,2024-09-25 10:43:19,,/Users/naylajimenez/Downloads/11_nov_p1_converted.mp4,2341.530,15.0,social_agent,anogenital sniffing,,,STATE,1837.000,1840.600,3.600,,
11_nov_p1,2024-09-25 10:43:19,,/Users/naylajimenez/Downloads/11_nov_p1_converted.mp4,2341.530,15.0,social_agent,anogenital sniffing,,,STATE,1841.200,1841.400,0.200,,
11_nov_p1,2024-09-25 10:43:19,,/Users/naylajimenez/Downloads/11_nov_p1_converted.mp4,2341.530,15.0,subject,facial sniffing,,,STATE,1842.267,1844.133,1.866,,
11_nov_p1,2024-09-25 10:43:19,,/Users/naylajimenez/Downloads/11_nov_p1_converted.mp4,2341.530,15.0,social_agent,facial sniffing,,,STATE,1842.467,1842.867,0.400,,
11_nov_p1,2024-09-25 10:43:19,,/Users/naylajimenez/Downloads/11_nov_p1_converted.mp4,2341.530,15.0,social_agent,facial sniffing,,,STATE,1844.000,1844.867,0.867,,
11_nov_p1,2024-09-25 10:43:19,,/Users/naylajimenez/Downloads/11_nov_p1_converted.mp4,2341.530,15.0,social_agent,anogenital sniffing,,,STATE,1846.000,1847.800,1.800,,
11_nov_p1,2024-09-25 10:43:19,,/Users/naylajimenez/Downloads/11_nov_p1_converted.mp4,2341.530,15.0,subject,facial sniffing,,,STATE,1850.400,1850.733,0.333,,
11_nov_p1,2024-09-25 10:43:19,,/Users/naylajimenez/Downloads/11_nov_p1_converted.mp4,2341.530,15.0,social_agent,facial sniffing,,,STATE,1850.400,1850.667,0.267,,
11_nov_p1,2024-09-25 10:43:19,,/Users/naylajimenez/Downloads/11_nov_p1_converted.mp4,2341.530,15.0,subject,facial sniffing,,,STATE,1851.933,1852.533,0.600,,
11_nov_p1,2024-09-25 10:43:19,,/Users/naylajimenez/Downloads/11_nov_p1_converted.mp4,2341.530,15.0,subject,facial sniffing,,,STATE,1854.800,1859.600,4.800,,
11_nov_p1,2024-09-25 10:43:19,,/Users/naylajimenez/Downloads/11_nov_p1_converted.mp4,2341.530,15.0,social_agent,facial sniffing,,,STATE,1854.800,1855.067,0.267,,
11_nov_p1,2024-09-25 10:43:19,,/Users/naylajimenez/Downloads/11_nov_p1_converted.mp4,2341.530,15.0,social_agent,facial sniffing,,,STATE,1857.133,1858.667,1.534,,
11_nov_p1,2024-09-25 10:43:19,,/Users/naylajimenez/Downloads/11_nov_p1_converted.mp4,2341.530,15.0,subject,facial sniffing,,,STATE,1878.600,1879.200,0.600,,
11_nov_p1,2024-09-25 10:43:19,,/Users/naylajimenez/Downloads/11_nov_p1_converted.mp4,2341.530,15.0,social_agent,facial sniffing,,,STATE,1878.800,1879.200,0.400,,
11_nov_p1,2024-09-25 10:43:19,,/Users/naylajimenez/Downloads/11_nov_p1_converted.mp4,2341.530,15.0,subject,facial sniffing,,,STATE,1888.800,1889.067,0.267,,
11_nov_p1,2024-09-25 10:43:19,,/Users/naylajimenez/Downloads/11_nov_p1_converted.mp4,2341.530,15.0,social_agent,facial sniffing,,,STATE,1888.867,1889.067,0.200,,
11_nov_p1,2024-09-25 10:43:19,,/Users/naylajimenez/Downloads/11_nov_p1_converted.mp4,2341.530,15.0,social_agent,facial sniffing,,,STATE,1892.467,1892.667,0.200,,
11_nov_p1,2024-09-25 10:43:19,,/Users/naylajimenez/Downloads/11_nov_p1_converted.mp4,2341.530,15.0,subject,facial sniffing,,,STATE,1895.333,1895.533,0.200,,
11_nov_p1,2024-09-25 10:43:19,,/Users/naylajimenez/Downloads/11_nov_p1_converted.mp4,2341.530,15.0,social_agent,facial sniffing,,,STATE,1895.333,1895.600,0.267,,
11_nov_p1,2024-09-25 10:43:19,,/Users/naylajimenez/Downloads/11_nov_p1_converted.mp4,2341.530,15.0,subject,anogenital sniffing,,,STATE,1903.533,1903.800,0.267,,
11_nov_p1,2024-09-25 10:43:19,,/Users/naylajimenez/Downloads/11_nov_p1_converted.mp4,2341.530,15.0,subject,facial sniffing,,,STATE,1929.000,1929.067,0.067,,
11_nov_p1,2024-09-25 10:43:19,,/Users/naylajimenez/Downloads/11_nov_p1_converted.mp4,2341.530,15.0,social_agent,facial sniffing,,,STATE,1931.000,1931.933,0.933,,
11_nov_p1,2024-09-25 10:43:19,,/Users/naylajimenez/Downloads/11_nov_p1_converted.mp4,2341.530,15.0,social_agent,facial sniffing,,,STATE,1949.667,1950.133,0.466,,
11_nov_p1,2024-09-25 10:43:19,,/Users/naylajimenez/Downloads/11_nov_p1_converted.mp4,2341.530,15.0,social_agent,anogenital sniffing,,,STATE,1950.400,1950.800,0.400,,
11_nov_p1,2024-09-25 10:43:19,,/Users/naylajimenez/Downloads/11_nov_p1_converted.mp4,2341.530,15.0,social_agent,facial sniffing,,,STATE,1952.200,1952.667,0.467,,
11_nov_p1,2024-09-25 10:43:19,,/Users/naylajimenez/Downloads/11_nov_p1_converted.mp4,2341.530,15.0,subject,facial sniffing,,,STATE,1952.400,1952.533,0.133,,
11_nov_p1,2024-09-25 10:43:19,,/Users/naylajimenez/Downloads/11_nov_p1_converted.mp4,2341.530,15.0,social_agent,anogenital sniffing,,,STATE,1977.867,1978.533,0.666,,
11_nov_p1,2024-09-25 10:43:19,,/Users/naylajimenez/Downloads/11_nov_p1_converted.mp4,2341.530,15.0,social_agent,anogenital sniffing,,,STATE,1979.467,1980.067,0.600,,
11_nov_p1,2024-09-25 10:43:19,,/Users/naylajimenez/Downloads/11_nov_p1_converted.mp4,2341.530,15.0,social_agent,mice taken out,,,POINT,1981.600,1981.600,NA,,
11_nov_p1,2024-09-25 10:43:19,,/Users/naylajimenez/Downloads/11_nov_p1_converted.mp4,2341.530,15.0,social_agent,mice back in,,,POINT,2044.533,2044.533,NA,,
11_nov_p1,2024-09-25 10:43:19,,/Users/naylajimenez/Downloads/11_nov_p1_converted.mp4,2341.530,15.0,subject,anogenital sniffing,,,STATE,2048.200,2048.533,0.333,,
11_nov_p1,2024-09-25 10:43:19,,/Users/naylajimenez/Downloads/11_nov_p1_converted.mp4,2341.530,15.0,subject,anogenital sniffing,,,STATE,2049.533,2051.200,1.667,,
11_nov_p1,2024-09-25 10:43:19,,/Users/naylajimenez/Downloads/11_nov_p1_converted.mp4,2341.530,15.0,subject,facial sniffing,,,STATE,2051.867,2052.200,0.333,,
11_nov_p1,2024-09-25 10:43:19,,/Users/naylajimenez/Downloads/11_nov_p1_converted.mp4,2341.530,15.0,subject,anogenital sniffing,,,STATE,2052.800,2055.667,2.867,,
11_nov_p1,2024-09-25 10:43:19,,/Users/naylajimenez/Downloads/11_nov_p1_converted.mp4,2341.530,15.0,subject,facial sniffing,,,STATE,2060.667,2061.000,0.333,,
11_nov_p1,2024-09-25 10:43:19,,/Users/naylajimenez/Downloads/11_nov_p1_converted.mp4,2341.530,15.0,social_agent,facial sniffing,,,STATE,2060.800,2061.200,0.400,,
11_nov_p1,2024-09-25 10:43:19,,/Users/naylajimenez/Downloads/11_nov_p1_converted.mp4,2341.530,15.0,subject,anogenital sniffing,,,STATE,2062.533,2067.200,4.667,,
11_nov_p1,2024-09-25 10:43:19,,/Users/naylajimenez/Downloads/11_nov_p1_converted.mp4,2341.530,15.0,subject,anogenital sniffing,,,STATE,2069.067,2070.000,0.933,,
11_nov_p1,2024-09-25 10:43:19,,/Users/naylajimenez/Downloads/11_nov_p1_converted.mp4,2341.530,15.0,social_agent,anogenital sniffing,,,STATE,2070.400,2071.467,1.067,,
11_nov_p1,2024-09-25 10:43:19,,/Users/naylajimenez/Downloads/11_nov_p1_converted.mp4,2341.530,15.0,subject,anogenital sniffing,,,STATE,2073.933,2074.533,0.600,,
11_nov_p1,2024-09-25 10:43:19,,/Users/naylajimenez/Downloads/11_nov_p1_converted.mp4,2341.530,15.0,subject,anogenital sniffing,,,STATE,2081.000,2084.200,3.200,,
11_nov_p1,2024-09-25 10:43:19,,/Users/naylajimenez/Downloads/11_nov_p1_converted.mp4,2341.530,15.0,subject,anogenital sniffing,,,STATE,2087.667,2089.600,1.933,,
11_nov_p1,2024-09-25 10:43:19,,/Users/naylajimenez/Downloads/11_nov_p1_converted.mp4,2341.530,15.0,subject,anogenital sniffing,,,STATE,2091.533,2093.933,2.400,,
11_nov_p1,2024-09-25 10:43:19,,/Users/naylajimenez/Downloads/11_nov_p1_converted.mp4,2341.530,15.0,social_agent,anogenital sniffing,,,STATE,2097.000,2097.333,0.333,,
11_nov_p1,2024-09-25 10:43:19,,/Users/naylajimenez/Downloads/11_nov_p1_converted.mp4,2341.530,15.0,social_agent,facial sniffing,,,STATE,2099.400,2102.200,2.800,,
11_nov_p1,2024-09-25 10:43:19,,/Users/naylajimenez/Downloads/11_nov_p1_converted.mp4,2341.530,15.0,subject,facial sniffing,,,STATE,2099.467,2102.333,2.866,,
11_nov_p1,2024-09-25 10:43:19,,/Users/naylajimenez/Downloads/11_nov_p1_converted.mp4,2341.530,15.0,subject,anogenital sniffing,,,STATE,2105.133,2107.267,2.134,,
11_nov_p1,2024-09-25 10:43:19,,/Users/naylajimenez/Downloads/11_nov_p1_converted.mp4,2341.530,15.0,subject,facial sniffing,,,STATE,2109.067,2109.200,0.133,,
11_nov_p1,2024-09-25 10:43:19,,/Users/naylajimenez/Downloads/11_nov_p1_converted.mp4,2341.530,15.0,subject,anogenital sniffing,,,STATE,2111.400,2111.867,0.467,,
11_nov_p1,2024-09-25 10:43:19,,/Users/naylajimenez/Downloads/11_nov_p1_converted.mp4,2341.530,15.0,subject,facial sniffing,,,STATE,2112.200,2112.267,0.067,,
11_nov_p1,2024-09-25 10:43:19,,/Users/naylajimenez/Downloads/11_nov_p1_converted.mp4,2341.530,15.0,subject,anogenital sniffing,,,STATE,2117.400,2120.733,3.333,,
11_nov_p1,2024-09-25 10:43:19,,/Users/naylajimenez/Downloads/11_nov_p1_converted.mp4,2341.530,15.0,subject,anogenital sniffing,,,STATE,2121.867,2124.000,2.133,,
11_nov_p1,2024-09-25 10:43:19,,/Users/naylajimenez/Downloads/11_nov_p1_converted.mp4,2341.530,15.0,social_agent,anogenital sniffing,,,STATE,2128.533,2129.133,0.600,,
11_nov_p1,2024-09-25 10:43:19,,/Users/naylajimenez/Downloads/11_nov_p1_converted.mp4,2341.530,15.0,social_agent,anogenital sniffing,,,STATE,2130.667,2131.133,0.466,,
11_nov_p1,2024-09-25 10:43:19,,/Users/naylajimenez/Downloads/11_nov_p1_converted.mp4,2341.530,15.0,social_agent,facial sniffing,,,STATE,2134.333,2135.533,1.200,,
11_nov_p1,2024-09-25 10:43:19,,/Users/naylajimenez/Downloads/11_nov_p1_converted.mp4,2341.530,15.0,subject,facial sniffing,,,STATE,2134.400,2135.667,1.267,,
11_nov_p1,2024-09-25 10:43:19,,/Users/naylajimenez/Downloads/11_nov_p1_converted.mp4,2341.530,15.0,social_agent,anogenital sniffing,,,STATE,2146.400,2146.533,0.133,,
11_nov_p1,2024-09-25 10:43:19,,/Users/naylajimenez/Downloads/11_nov_p1_converted.mp4,2341.530,15.0,social_agent,facial sniffing,,,STATE,2147.867,2148.533,0.666,,
11_nov_p1,2024-09-25 10:43:19,,/Users/naylajimenez/Downloads/11_nov_p1_converted.mp4,2341.530,15.0,subject,facial sniffing,,,STATE,2148.000,2148.733,0.733,,
11_nov_p1,2024-09-25 10:43:19,,/Users/naylajimenez/Downloads/11_nov_p1_converted.mp4,2341.530,15.0,subject,anogenital sniffing,,,STATE,2149.467,2159.733,10.266,,
11_nov_p1,2024-09-25 10:43:19,,/Users/naylajimenez/Downloads/11_nov_p1_converted.mp4,2341.530,15.0,social_agent,anogenital sniffing,,,STATE,2161.200,2161.467,0.267,,
11_nov_p1,2024-09-25 10:43:19,,/Users/naylajimenez/Downloads/11_nov_p1_converted.mp4,2341.530,15.0,subject,facial sniffing,,,STATE,2167.933,2168.667,0.734,,
11_nov_p1,2024-09-25 10:43:19,,/Users/naylajimenez/Downloads/11_nov_p1_converted.mp4,2341.530,15.0,social_agent,facial sniffing,,,STATE,2167.933,2168.533,0.600,,
11_nov_p1,2024-09-25 10:43:19,,/Users/naylajimenez/Downloads/11_nov_p1_converted.mp4,2341.530,15.0,subject,anogenital sniffing,,,STATE,2169.467,2170.133,0.666,,
11_nov_p1,2024-09-25 10:43:19,,/Users/naylajimenez/Downloads/11_nov_p1_converted.mp4,2341.530,15.0,social_agent,anogenital sniffing,,,STATE,2180.733,2180.867,0.134,,
11_nov_p1,2024-09-25 10:43:19,,/Users/naylajimenez/Downloads/11_nov_p1_converted.mp4,2341.530,15.0,subject,facial sniffing,,,STATE,2181.133,2185.933,4.800,,
11_nov_p1,2024-09-25 10:43:19,,/Users/naylajimenez/Downloads/11_nov_p1_converted.mp4,2341.530,15.0,social_agent,facial sniffing,,,STATE,2181.133,2185.400,4.267,,
11_nov_p1,2024-09-25 10:43:19,,/Users/naylajimenez/Downloads/11_nov_p1_converted.mp4,2341.530,15.0,social_agent,facial sniffing,,,STATE,2185.933,2186.000,0.067,,
11_nov_p1,2024-09-25 10:43:19,,/Users/naylajimenez/Downloads/11_nov_p1_converted.mp4,2341.530,15.0,social_agent,anogenital sniffing,,,STATE,2188.400,2188.600,0.200,,
11_nov_p1,2024-09-25 10:43:19,,/Users/naylajimenez/Downloads/11_nov_p1_converted.mp4,2341.530,15.0,subject,facial sniffing,,,STATE,2189.867,2190.333,0.466,,
11_nov_p1,2024-09-25 10:43:19,,/Users/naylajimenez/Downloads/11_nov_p1_converted.mp4,2341.530,15.0,social_agent,facial sniffing,,,STATE,2189.867,2190.333,0.466,,
11_nov_p1,2024-09-25 10:43:19,,/Users/naylajimenez/Downloads/11_nov_p1_converted.mp4,2341.530,15.0,subject,anogenital sniffing,,,STATE,2191.267,2194.067,2.800,,
11_nov_p1,2024-09-25 10:43:19,,/Users/naylajimenez/Downloads/11_nov_p1_converted.mp4,2341.530,15.0,social_agent,anogenital sniffing,,,STATE,2191.333,2194.067,2.734,,
11_nov_p1,2024-09-25 10:43:19,,/Users/naylajimenez/Downloads/11_nov_p1_converted.mp4,2341.530,15.0,subject,facial sniffing,,,STATE,2195.533,2196.667,1.134,,
11_nov_p1,2024-09-25 10:43:19,,/Users/naylajimenez/Downloads/11_nov_p1_converted.mp4,2341.530,15.0,social_agent,facial sniffing,,,STATE,2195.800,2196.800,1.000,,
11_nov_p1,2024-09-25 10:43:19,,/Users/naylajimenez/Downloads/11_nov_p1_converted.mp4,2341.530,15.0,social_agent,anogenital sniffing,,,STATE,2197.467,2197.733,0.266,,
11_nov_p1,2024-09-25 10:43:19,,/Users/naylajimenez/Downloads/11_nov_p1_converted.mp4,2341.530,15.0,subject,anogenital sniffing,,,STATE,2197.533,2198.400,0.867,,
11_nov_p1,2024-09-25 10:43:19,,/Users/naylajimenez/Downloads/11_nov_p1_converted.mp4,2341.530,15.0,social_agent,anogenital sniffing,,,STATE,2203.667,2204.733,1.066,,
11_nov_p1,2024-09-25 10:43:19,,/Users/naylajimenez/Downloads/11_nov_p1_converted.mp4,2341.530,15.0,subject,facial sniffing,,,STATE,2204.867,2205.267,0.400,,
11_nov_p1,2024-09-25 10:43:19,,/Users/naylajimenez/Downloads/11_nov_p1_converted.mp4,2341.530,15.0,subject,facial sniffing,,,STATE,2218.400,2218.867,0.467,,
11_nov_p1,2024-09-25 10:43:19,,/Users/naylajimenez/Downloads/11_nov_p1_converted.mp4,2341.530,15.0,social_agent,facial sniffing,,,STATE,2218.733,2218.800,0.067,,
11_nov_p1,2024-09-25 10:43:19,,/Users/naylajimenez/Downloads/11_nov_p1_converted.mp4,2341.530,15.0,social_agent,anogenital sniffing,,,STATE,2226.867,2227.067,0.200,,
11_nov_p1,2024-09-25 10:43:19,,/Users/naylajimenez/Downloads/11_nov_p1_converted.mp4,2341.530,15.0,social_agent,anogenital sniffing,,,STATE,2228.800,2229.067,0.267,,
11_nov_p1,2024-09-25 10:43:19,,/Users/naylajimenez/Downloads/11_nov_p1_converted.mp4,2341.530,15.0,social_agent,anogenital sniffing,,,STATE,2230.333,2230.933,0.600,,
11_nov_p1,2024-09-25 10:43:19,,/Users/naylajimenez/Downloads/11_nov_p1_converted.mp4,2341.530,15.0,social_agent,anogenital sniffing,,,STATE,2240.000,2242.400,2.400,,
11_nov_p1,2024-09-25 10:43:19,,/Users/naylajimenez/Downloads/11_nov_p1_converted.mp4,2341.530,15.0,subject,facial sniffing,,,STATE,2243.400,2244.133,0.733,,
11_nov_p1,2024-09-25 10:43:19,,/Users/naylajimenez/Downloads/11_nov_p1_converted.mp4,2341.530,15.0,social_agent,facial sniffing,,,STATE,2243.533,2243.933,0.400,,
11_nov_p1,2024-09-25 10:43:19,,/Users/naylajimenez/Downloads/11_nov_p1_converted.mp4,2341.530,15.0,subject,anogenital sniffing,,,STATE,2245.533,2245.933,0.400,,
11_nov_p1,2024-09-25 10:43:19,,/Users/naylajimenez/Downloads/11_nov_p1_converted.mp4,2341.530,15.0,social_agent,anogenital sniffing,,,STATE,2250.400,2250.467,0.067,,
11_nov_p1,2024-09-25 10:43:19,,/Users/naylajimenez/Downloads/11_nov_p1_converted.mp4,2341.530,15.0,subject,facial sniffing,,,STATE,2254.400,2255.133,0.733,,
11_nov_p1,2024-09-25 10:43:19,,/Users/naylajimenez/Downloads/11_nov_p1_converted.mp4,2341.530,15.0,social_agent,facial sniffing,,,STATE,2254.400,2255.467,1.067,,
11_nov_p1,2024-09-25 10:43:19,,/Users/naylajimenez/Downloads/11_nov_p1_converted.mp4,2341.530,15.0,social_agent,anogenital sniffing,,,STATE,2257.133,2257.200,0.067,,
11_nov_p1,2024-09-25 10:43:19,,/Users/naylajimenez/Downloads/11_nov_p1_converted.mp4,2341.530,15.0,social_agent,anogenital sniffing,,,STATE,2263.467,2265.000,1.533,,
11_nov_p1,2024-09-25 10:43:19,,/Users/naylajimenez/Downloads/11_nov_p1_converted.mp4,2341.530,15.0,social_agent,anogenital sniffing,,,STATE,2267.067,2267.400,0.333,,
11_nov_p1,2024-09-25 10:43:19,,/Users/naylajimenez/Downloads/11_nov_p1_converted.mp4,2341.530,15.0,social_agent,facial sniffing,,,STATE,2271.933,2272.200,0.267,,
11_nov_p1,2024-09-25 10:43:19,,/Users/naylajimenez/Downloads/11_nov_p1_converted.mp4,2341.530,15.0,subject,facial sniffing,,,STATE,2292.000,2292.733,0.733,,
11_nov_p1,2024-09-25 10:43:19,,/Users/naylajimenez/Downloads/11_nov_p1_converted.mp4,2341.530,15.0,social_agent,facial sniffing,,,STATE,2292.533,2292.733,0.200,,
11_nov_p1,2024-09-25 10:43:19,,/Users/naylajimenez/Downloads/11_nov_p1_converted.mp4,2341.530,15.0,social_agent,facial sniffing,,,STATE,2296.667,2297.533,0.866,,
11_nov_p1,2024-09-25 10:43:19,,/Users/naylajimenez/Downloads/11_nov_p1_converted.mp4,2341.530,15.0,subject,facial sniffing,,,STATE,2296.733,2298.533,1.800,,
11_nov_p1,2024-09-25 10:43:19,,/Users/naylajimenez/Downloads/11_nov_p1_converted.mp4,2341.530,15.0,social_agent,facial sniffing,,,STATE,2298.600,2298.667,0.067,,
11_nov_p1,2024-09-25 10:43:19,,/Users/naylajimenez/Downloads/11_nov_p1_converted.mp4,2341.530,15.0,subject,anogenital sniffing,,,STATE,2299.933,2300.667,0.734,,
11_nov_p1,2024-09-25 10:43:19,,/Users/naylajimenez/Downloads/11_nov_p1_converted.mp4,2341.530,15.0,social_agent,anogenital sniffing,,,STATE,2303.067,2303.200,0.133,,
11_nov_p1,2024-09-25 10:43:19,,/Users/naylajimenez/Downloads/11_nov_p1_converted.mp4,2341.530,15.0,social_agent,anogenital sniffing,,,STATE,2306.067,2306.533,0.466,,
11_nov_p1,2024-09-25 10:43:19,,/Users/naylajimenez/Downloads/11_nov_p1_converted.mp4,2341.530,15.0,social_agent,anogenital sniffing,,,STATE,2307.599,2307.600,0.001,,
11_nov_p1,2024-09-25 10:43:19,,/Users/naylajimenez/Downloads/11_nov_p1_converted.mp4,2341.530,15.0,social_agent,facial sniffing,,,STATE,2307.600,2308.799,1.199,,
11_nov_p1,2024-09-25 10:43:19,,/Users/naylajimenez/Downloads/11_nov_p1_converted.mp4,2341.530,15.0,social_agent,anogenital sniffing,,,STATE,2308.800,2316.467,7.667,,
11_nov_p1,2024-09-25 10:43:19,,/Users/naylajimenez/Downloads/11_nov_p1_converted.mp4,2341.530,15.0,social_agent,anogenital sniffing,,,STATE,2317.000,2324.933,7.933,,
11_nov_p1,2024-09-25 10:43:19,,/Users/naylajimenez/Downloads/11_nov_p1_converted.mp4,2341.530,15.0,social_agent,anogenital sniffing,,,STATE,2325.200,2328.600,3.400,,
11_nov_p1,2024-09-25 10:43:19,,/Users/naylajimenez/Downloads/11_nov_p1_converted.mp4,2341.530,15.0,social_agent,facial sniffing,,,STATE,2328.600,2330.332,1.732,,
11_nov_p1,2024-09-25 10:43:19,,/Users/naylajimenez/Downloads/11_nov_p1_converted.mp4,2341.530,15.0,social_agent,anogenital sniffing,,,STATE,2330.333,2330.799,0.466,,
11_nov_p1,2024-09-25 10:43:19,,/Users/naylajimenez/Downloads/11_nov_p1_converted.mp4,2341.530,15.0,social_agent,facial sniffing,,,STATE,2330.800,2334.133,3.333,,
11_nov_p1,2024-09-25 10:43:19,,/Users/naylajimenez/Downloads/11_nov_p1_converted.mp4,2341.530,15.0,social_agent,anogenital sniffing,,,STATE,2334.800,2336.467,1.667,,
