Observation id,Observation date,Description,Observation type,Source,Time offset (s),Coding duration,Media duration (s),FPS (frame/s),Subject,Observation duration by subject by observation,Behavior,Behavioral category,Behavior type,Start (s),Stop (s),Duration (s),Media file name,Image index start,Image index stop,Image file path start,Image file path stop,Comment start,Comment stop
12_cage_p1,2024-09-29 19:12:50.306,,Media file,player #1:C:/Users/brayd/Desktop/Padilla-Coreano Lab/Social Memory/12_cage_p1/12_cage_p1_converted.mp4,0.0,1722.200,2342.333,15.000,social_agent,33.535,mice back in,Not defined,POINT,602.733,602.733,NA,C:/Users/brayd/Desktop/Padilla-Coreano Lab/Social Memory/12_cage_p1/12_cage_p1_converted.mp4,9041,9041,,,,
12_cage_p1,2024-09-29 19:12:50.306,,Media file,player #1:C:/Users/brayd/Desktop/Padilla-Coreano Lab/Social Memory/12_cage_p1/12_cage_p1_converted.mp4,0.0,1722.200,2342.333,15.000,social_agent,33.535,facial sniffing,Not defined,STATE,609.133,609.800,0.667,C:/Users/brayd/Desktop/Padilla-Coreano Lab/Social Memory/12_cage_p1/12_cage_p1_converted.mp4,9137,9147,,,,
12_cage_p1,2024-09-29 19:12:50.306,,Media file,player #1:C:/Users/brayd/Desktop/Padilla-Coreano Lab/Social Memory/12_cage_p1/12_cage_p1_converted.mp4,0.0,1722.200,2342.333,15.000,subject,165.393,anogenital sniffing,Not defined,STATE,610.800,612.000,1.200,C:/Users/brayd/Desktop/Padilla-Coreano Lab/Social Memory/12_cage_p1/12_cage_p1_converted.mp4,9162,9180,,,,
12_cage_p1,2024-09-29 19:12:50.306,,Media file,player #1:C:/Users/brayd/Desktop/Padilla-Coreano Lab/Social Memory/12_cage_p1/12_cage_p1_converted.mp4,0.0,1722.200,2342.333,15.000,subject,165.393,anogenital sniffing,Not defined,STATE,613.200,613.800,0.600,C:/Users/brayd/Desktop/Padilla-Coreano Lab/Social Memory/12_cage_p1/12_cage_p1_converted.mp4,9198,9207,,,,
12_cage_p1,2024-09-29 19:12:50.306,,Media file,player #1:C:/Users/brayd/Desktop/Padilla-Coreano Lab/Social Memory/12_cage_p1/12_cage_p1_converted.mp4,0.0,1722.200,2342.333,15.000,subject,165.393,anogenital sniffing,Not defined,STATE,616.333,617.067,0.734,C:/Users/brayd/Desktop/Padilla-Coreano Lab/Social Memory/12_cage_p1/12_cage_p1_converted.mp4,9245,9256,,,,
12_cage_p1,2024-09-29 19:12:50.306,,Media file,player #1:C:/Users/brayd/Desktop/Padilla-Coreano Lab/Social Memory/12_cage_p1/12_cage_p1_converted.mp4,0.0,1722.200,2342.333,15.000,subject,165.393,anogenital sniffing,Not defined,STATE,619.867,622.533,2.666,C:/Users/brayd/Desktop/Padilla-Coreano Lab/Social Memory/12_cage_p1/12_cage_p1_converted.mp4,9298,9338,,,,
12_cage_p1,2024-09-29 19:12:50.306,,Media file,player #1:C:/Users/brayd/Desktop/Padilla-Coreano Lab/Social Memory/12_cage_p1/12_cage_p1_converted.mp4,0.0,1722.200,2342.333,15.000,subject,165.393,anogenital sniffing,Not defined,STATE,624.600,626.533,1.933,C:/Users/brayd/Desktop/Padilla-Coreano Lab/Social Memory/12_cage_p1/12_cage_p1_converted.mp4,9369,9398,,,,
12_cage_p1,2024-09-29 19:12:50.306,,Media file,player #1:C:/Users/brayd/Desktop/Padilla-Coreano Lab/Social Memory/12_cage_p1/12_cage_p1_converted.mp4,0.0,1722.200,2342.333,15.000,subject,165.393,anogenital sniffing,Not defined,STATE,627.733,629.867,2.134,C:/Users/brayd/Desktop/Padilla-Coreano Lab/Social Memory/12_cage_p1/12_cage_p1_converted.mp4,9416,9448,,,,
12_cage_p1,2024-09-29 19:12:50.306,,Media file,player #1:C:/Users/brayd/Desktop/Padilla-Coreano Lab/Social Memory/12_cage_p1/12_cage_p1_converted.mp4,0.0,1722.200,2342.333,15.000,subject,165.393,anogenital sniffing,Not defined,STATE,639.067,653.933,14.866,C:/Users/brayd/Desktop/Padilla-Coreano Lab/Social Memory/12_cage_p1/12_cage_p1_converted.mp4,9586,9809,,,,
12_cage_p1,2024-09-29 19:12:50.306,,Media file,player #1:C:/Users/brayd/Desktop/Padilla-Coreano Lab/Social Memory/12_cage_p1/12_cage_p1_converted.mp4,0.0,1722.200,2342.333,15.000,subject,165.393,anogenital sniffing,Not defined,STATE,656.067,656.933,0.866,C:/Users/brayd/Desktop/Padilla-Coreano Lab/Social Memory/12_cage_p1/12_cage_p1_converted.mp4,9841,9854,,,,
12_cage_p1,2024-09-29 19:12:50.306,,Media file,player #1:C:/Users/brayd/Desktop/Padilla-Coreano Lab/Social Memory/12_cage_p1/12_cage_p1_converted.mp4,0.0,1722.200,2342.333,15.000,subject,165.393,facial sniffing,Not defined,STATE,672.067,673.800,1.733,C:/Users/brayd/Desktop/Padilla-Coreano Lab/Social Memory/12_cage_p1/12_cage_p1_converted.mp4,10081,10108,,,,
12_cage_p1,2024-09-29 19:12:50.306,,Media file,player #1:C:/Users/brayd/Desktop/Padilla-Coreano Lab/Social Memory/12_cage_p1/12_cage_p1_converted.mp4,0.0,1722.200,2342.333,15.000,social_agent,33.535,anogenital sniffing,Not defined,STATE,673.800,675.133,1.333,C:/Users/brayd/Desktop/Padilla-Coreano Lab/Social Memory/12_cage_p1/12_cage_p1_converted.mp4,10107,10127,,,,
12_cage_p1,2024-09-29 19:12:50.306,,Media file,player #1:C:/Users/brayd/Desktop/Padilla-Coreano Lab/Social Memory/12_cage_p1/12_cage_p1_converted.mp4,0.0,1722.200,2342.333,15.000,subject,165.393,anogenital sniffing,Not defined,STATE,678.467,681.133,2.666,C:/Users/brayd/Desktop/Padilla-Coreano Lab/Social Memory/12_cage_p1/12_cage_p1_converted.mp4,10177,10217,,,,
12_cage_p1,2024-09-29 19:12:50.306,,Media file,player #1:C:/Users/brayd/Desktop/Padilla-Coreano Lab/Social Memory/12_cage_p1/12_cage_p1_converted.mp4,0.0,1722.200,2342.333,15.000,subject,165.393,anogenital sniffing,Not defined,STATE,684.133,689.667,5.534,C:/Users/brayd/Desktop/Padilla-Coreano Lab/Social Memory/12_cage_p1/12_cage_p1_converted.mp4,10262,10345,,,,
12_cage_p1,2024-09-29 19:12:50.306,,Media file,player #1:C:/Users/brayd/Desktop/Padilla-Coreano Lab/Social Memory/12_cage_p1/12_cage_p1_converted.mp4,0.0,1722.200,2342.333,15.000,subject,165.393,facial sniffing,Not defined,STATE,693.400,695.133,1.733,C:/Users/brayd/Desktop/Padilla-Coreano Lab/Social Memory/12_cage_p1/12_cage_p1_converted.mp4,10401,10427,,,,
12_cage_p1,2024-09-29 19:12:50.306,,Media file,player #1:C:/Users/brayd/Desktop/Padilla-Coreano Lab/Social Memory/12_cage_p1/12_cage_p1_converted.mp4,0.0,1722.200,2342.333,15.000,subject,165.393,facial sniffing,Not defined,STATE,696.333,697.133,0.800,C:/Users/brayd/Desktop/Padilla-Coreano Lab/Social Memory/12_cage_p1/12_cage_p1_converted.mp4,10445,10458,,,,
12_cage_p1,2024-09-29 19:12:50.306,,Media file,player #1:C:/Users/brayd/Desktop/Padilla-Coreano Lab/Social Memory/12_cage_p1/12_cage_p1_converted.mp4,0.0,1722.200,2342.333,15.000,subject,165.393,facial sniffing,Not defined,STATE,715.333,716.800,1.467,C:/Users/brayd/Desktop/Padilla-Coreano Lab/Social Memory/12_cage_p1/12_cage_p1_converted.mp4,10730,10752,,,,
12_cage_p1,2024-09-29 19:12:50.306,,Media file,player #1:C:/Users/brayd/Desktop/Padilla-Coreano Lab/Social Memory/12_cage_p1/12_cage_p1_converted.mp4,0.0,1722.200,2342.333,15.000,social_agent,33.535,anogenital sniffing,Not defined,STATE,717.000,719.133,2.133,C:/Users/brayd/Desktop/Padilla-Coreano Lab/Social Memory/12_cage_p1/12_cage_p1_converted.mp4,10755,10787,,,,
12_cage_p1,2024-09-29 19:12:50.306,,Media file,player #1:C:/Users/brayd/Desktop/Padilla-Coreano Lab/Social Memory/12_cage_p1/12_cage_p1_converted.mp4,0.0,1722.200,2342.333,15.000,subject,165.393,anogenital sniffing,Not defined,STATE,722.067,724.133,2.066,C:/Users/brayd/Desktop/Padilla-Coreano Lab/Social Memory/12_cage_p1/12_cage_p1_converted.mp4,10831,10862,,,,
12_cage_p1,2024-09-29 19:12:50.306,,Media file,player #1:C:/Users/brayd/Desktop/Padilla-Coreano Lab/Social Memory/12_cage_p1/12_cage_p1_converted.mp4,0.0,1722.200,2342.333,15.000,subject,165.393,anogenital sniffing,Not defined,STATE,731.200,731.733,0.533,C:/Users/brayd/Desktop/Padilla-Coreano Lab/Social Memory/12_cage_p1/12_cage_p1_converted.mp4,10968,10976,,,,
12_cage_p1,2024-09-29 19:12:50.306,,Media file,player #1:C:/Users/brayd/Desktop/Padilla-Coreano Lab/Social Memory/12_cage_p1/12_cage_p1_converted.mp4,0.0,1722.200,2342.333,15.000,subject,165.393,facial sniffing,Not defined,STATE,734.600,735.000,0.400,C:/Users/brayd/Desktop/Padilla-Coreano Lab/Social Memory/12_cage_p1/12_cage_p1_converted.mp4,11019,11025,,,,
12_cage_p1,2024-09-29 19:12:50.306,,Media file,player #1:C:/Users/brayd/Desktop/Padilla-Coreano Lab/Social Memory/12_cage_p1/12_cage_p1_converted.mp4,0.0,1722.200,2342.333,15.000,subject,165.393,facial sniffing,Not defined,STATE,748.933,750.200,1.267,C:/Users/brayd/Desktop/Padilla-Coreano Lab/Social Memory/12_cage_p1/12_cage_p1_converted.mp4,11234,11253,,,,
12_cage_p1,2024-09-29 19:12:50.306,,Media file,player #1:C:/Users/brayd/Desktop/Padilla-Coreano Lab/Social Memory/12_cage_p1/12_cage_p1_converted.mp4,0.0,1722.200,2342.333,15.000,subject,165.393,facial sniffing,Not defined,STATE,755.000,756.333,1.333,C:/Users/brayd/Desktop/Padilla-Coreano Lab/Social Memory/12_cage_p1/12_cage_p1_converted.mp4,11325,11345,,,,
12_cage_p1,2024-09-29 19:12:50.306,,Media file,player #1:C:/Users/brayd/Desktop/Padilla-Coreano Lab/Social Memory/12_cage_p1/12_cage_p1_converted.mp4,0.0,1722.200,2342.333,15.000,subject,165.393,facial sniffing,Not defined,STATE,757.000,758.667,1.667,C:/Users/brayd/Desktop/Padilla-Coreano Lab/Social Memory/12_cage_p1/12_cage_p1_converted.mp4,11355,11380,,,,
12_cage_p1,2024-09-29 19:12:50.306,,Media file,player #1:C:/Users/brayd/Desktop/Padilla-Coreano Lab/Social Memory/12_cage_p1/12_cage_p1_converted.mp4,0.0,1722.200,2342.333,15.000,subject,165.393,anogenital sniffing,Not defined,STATE,778.133,780.533,2.400,C:/Users/brayd/Desktop/Padilla-Coreano Lab/Social Memory/12_cage_p1/12_cage_p1_converted.mp4,11672,11708,,,,
12_cage_p1,2024-09-29 19:12:50.306,,Media file,player #1:C:/Users/brayd/Desktop/Padilla-Coreano Lab/Social Memory/12_cage_p1/12_cage_p1_converted.mp4,0.0,1722.200,2342.333,15.000,social_agent,33.535,facial sniffing,Not defined,STATE,787.600,788.400,0.800,C:/Users/brayd/Desktop/Padilla-Coreano Lab/Social Memory/12_cage_p1/12_cage_p1_converted.mp4,11814,11826,,,,
12_cage_p1,2024-09-29 19:12:50.306,,Media file,player #1:C:/Users/brayd/Desktop/Padilla-Coreano Lab/Social Memory/12_cage_p1/12_cage_p1_converted.mp4,0.0,1722.200,2342.333,15.000,social_agent,33.535,facial sniffing,Not defined,STATE,789.733,790.400,0.667,C:/Users/brayd/Desktop/Padilla-Coreano Lab/Social Memory/12_cage_p1/12_cage_p1_converted.mp4,11846,11856,,,,
12_cage_p1,2024-09-29 19:12:50.306,,Media file,player #1:C:/Users/brayd/Desktop/Padilla-Coreano Lab/Social Memory/12_cage_p1/12_cage_p1_converted.mp4,0.0,1722.200,2342.333,15.000,social_agent,33.535,anogenital sniffing,Not defined,STATE,803.800,805.600,1.800,C:/Users/brayd/Desktop/Padilla-Coreano Lab/Social Memory/12_cage_p1/12_cage_p1_converted.mp4,12057,12084,,,,
12_cage_p1,2024-09-29 19:12:50.306,,Media file,player #1:C:/Users/brayd/Desktop/Padilla-Coreano Lab/Social Memory/12_cage_p1/12_cage_p1_converted.mp4,0.0,1722.200,2342.333,15.000,social_agent,33.535,facial sniffing,Not defined,STATE,805.933,808.867,2.934,C:/Users/brayd/Desktop/Padilla-Coreano Lab/Social Memory/12_cage_p1/12_cage_p1_converted.mp4,12089,12133,,,,
12_cage_p1,2024-09-29 19:12:50.306,,Media file,player #1:C:/Users/brayd/Desktop/Padilla-Coreano Lab/Social Memory/12_cage_p1/12_cage_p1_converted.mp4,0.0,1722.200,2342.333,15.000,subject,165.393,facial sniffing,Not defined,STATE,812.733,813.600,0.867,C:/Users/brayd/Desktop/Padilla-Coreano Lab/Social Memory/12_cage_p1/12_cage_p1_converted.mp4,12191,12204,,,,
12_cage_p1,2024-09-29 19:12:50.306,,Media file,player #1:C:/Users/brayd/Desktop/Padilla-Coreano Lab/Social Memory/12_cage_p1/12_cage_p1_converted.mp4,0.0,1722.200,2342.333,15.000,subject,165.393,facial sniffing,Not defined,STATE,847.533,848.667,1.134,C:/Users/brayd/Desktop/Padilla-Coreano Lab/Social Memory/12_cage_p1/12_cage_p1_converted.mp4,12713,12730,,,,
12_cage_p1,2024-09-29 19:12:50.306,,Media file,player #1:C:/Users/brayd/Desktop/Padilla-Coreano Lab/Social Memory/12_cage_p1/12_cage_p1_converted.mp4,0.0,1722.200,2342.333,15.000,social_agent,33.535,anogenital sniffing,Not defined,STATE,848.667,850.733,2.066,C:/Users/brayd/Desktop/Padilla-Coreano Lab/Social Memory/12_cage_p1/12_cage_p1_converted.mp4,12730,12761,,,,
12_cage_p1,2024-09-29 19:12:50.306,,Media file,player #1:C:/Users/brayd/Desktop/Padilla-Coreano Lab/Social Memory/12_cage_p1/12_cage_p1_converted.mp4,0.0,1722.200,2342.333,15.000,social_agent,33.535,facial sniffing,Not defined,STATE,859.333,859.800,0.467,C:/Users/brayd/Desktop/Padilla-Coreano Lab/Social Memory/12_cage_p1/12_cage_p1_converted.mp4,12890,12897,,,,
12_cage_p1,2024-09-29 19:12:50.306,,Media file,player #1:C:/Users/brayd/Desktop/Padilla-Coreano Lab/Social Memory/12_cage_p1/12_cage_p1_converted.mp4,0.0,1722.200,2342.333,15.000,subject,165.393,anogenital sniffing,Not defined,STATE,870.600,871.467,0.867,C:/Users/brayd/Desktop/Padilla-Coreano Lab/Social Memory/12_cage_p1/12_cage_p1_converted.mp4,13059,13072,,,,
12_cage_p1,2024-09-29 19:12:50.306,,Media file,player #1:C:/Users/brayd/Desktop/Padilla-Coreano Lab/Social Memory/12_cage_p1/12_cage_p1_converted.mp4,0.0,1722.200,2342.333,15.000,subject,165.393,facial sniffing,Not defined,STATE,871.667,873.067,1.400,C:/Users/brayd/Desktop/Padilla-Coreano Lab/Social Memory/12_cage_p1/12_cage_p1_converted.mp4,13075,13096,,,,
12_cage_p1,2024-09-29 19:12:50.306,,Media file,player #1:C:/Users/brayd/Desktop/Padilla-Coreano Lab/Social Memory/12_cage_p1/12_cage_p1_converted.mp4,0.0,1722.200,2342.333,15.000,subject,165.393,facial sniffing,Not defined,STATE,884.400,885.200,0.800,C:/Users/brayd/Desktop/Padilla-Coreano Lab/Social Memory/12_cage_p1/12_cage_p1_converted.mp4,13266,13278,,,,
12_cage_p1,2024-09-29 19:12:50.306,,Media file,player #1:C:/Users/brayd/Desktop/Padilla-Coreano Lab/Social Memory/12_cage_p1/12_cage_p1_converted.mp4,0.0,1722.200,2342.333,15.000,subject,165.393,facial sniffing,Not defined,STATE,893.267,894.800,1.533,C:/Users/brayd/Desktop/Padilla-Coreano Lab/Social Memory/12_cage_p1/12_cage_p1_converted.mp4,13399,13422,,,,
12_cage_p1,2024-09-29 19:12:50.306,,Media file,player #1:C:/Users/brayd/Desktop/Padilla-Coreano Lab/Social Memory/12_cage_p1/12_cage_p1_converted.mp4,0.0,1722.200,2342.333,15.000,subject,165.393,mice taken out,Not defined,POINT,900.600,900.600,NA,C:/Users/brayd/Desktop/Padilla-Coreano Lab/Social Memory/12_cage_p1/12_cage_p1_converted.mp4,13509,13509,,,,
12_cage_p1,2024-09-29 19:12:50.306,,Media file,player #1:C:/Users/brayd/Desktop/Padilla-Coreano Lab/Social Memory/12_cage_p1/12_cage_p1_converted.mp4,0.0,1722.200,2342.333,15.000,social_agent,33.535,mice back in,Not defined,POINT,964.533,964.533,NA,C:/Users/brayd/Desktop/Padilla-Coreano Lab/Social Memory/12_cage_p1/12_cage_p1_converted.mp4,14468,14468,,,,
12_cage_p1,2024-09-29 19:12:50.306,,Media file,player #1:C:/Users/brayd/Desktop/Padilla-Coreano Lab/Social Memory/12_cage_p1/12_cage_p1_converted.mp4,0.0,1722.200,2342.333,15.000,subject,165.393,facial sniffing,Not defined,STATE,972.667,973.733,1.066,C:/Users/brayd/Desktop/Padilla-Coreano Lab/Social Memory/12_cage_p1/12_cage_p1_converted.mp4,14590,14606,,,,
12_cage_p1,2024-09-29 19:12:50.306,,Media file,player #1:C:/Users/brayd/Desktop/Padilla-Coreano Lab/Social Memory/12_cage_p1/12_cage_p1_converted.mp4,0.0,1722.200,2342.333,15.000,subject,165.393,anogenital sniffing,Not defined,STATE,974.667,974.800,0.133,C:/Users/brayd/Desktop/Padilla-Coreano Lab/Social Memory/12_cage_p1/12_cage_p1_converted.mp4,14620,14622,,,,
12_cage_p1,2024-09-29 19:12:50.306,,Media file,player #1:C:/Users/brayd/Desktop/Padilla-Coreano Lab/Social Memory/12_cage_p1/12_cage_p1_converted.mp4,0.0,1722.200,2342.333,15.000,subject,165.393,anogenital sniffing,Not defined,STATE,993.600,994.267,0.667,C:/Users/brayd/Desktop/Padilla-Coreano Lab/Social Memory/12_cage_p1/12_cage_p1_converted.mp4,14904,14914,,,,
12_cage_p1,2024-09-29 19:12:50.306,,Media file,player #1:C:/Users/brayd/Desktop/Padilla-Coreano Lab/Social Memory/12_cage_p1/12_cage_p1_converted.mp4,0.0,1722.200,2342.333,15.000,subject,165.393,facial sniffing,Not defined,STATE,1000.000,1000.133,0.133,C:/Users/brayd/Desktop/Padilla-Coreano Lab/Social Memory/12_cage_p1/12_cage_p1_converted.mp4,15000,15002,,,,
12_cage_p1,2024-09-29 19:12:50.306,,Media file,player #1:C:/Users/brayd/Desktop/Padilla-Coreano Lab/Social Memory/12_cage_p1/12_cage_p1_converted.mp4,0.0,1722.200,2342.333,15.000,subject,165.393,facial sniffing,Not defined,STATE,1010.267,1011.467,1.200,C:/Users/brayd/Desktop/Padilla-Coreano Lab/Social Memory/12_cage_p1/12_cage_p1_converted.mp4,15154,15172,,,,
12_cage_p1,2024-09-29 19:12:50.306,,Media file,player #1:C:/Users/brayd/Desktop/Padilla-Coreano Lab/Social Memory/12_cage_p1/12_cage_p1_converted.mp4,0.0,1722.200,2342.333,15.000,social_agent,33.535,facial sniffing,Not defined,STATE,1024.133,1025.133,1.000,C:/Users/brayd/Desktop/Padilla-Coreano Lab/Social Memory/12_cage_p1/12_cage_p1_converted.mp4,15362,15377,,,,
12_cage_p1,2024-09-29 19:12:50.306,,Media file,player #1:C:/Users/brayd/Desktop/Padilla-Coreano Lab/Social Memory/12_cage_p1/12_cage_p1_converted.mp4,0.0,1722.200,2342.333,15.000,social_agent,33.535,anogenital sniffing,Not defined,STATE,1025.133,1026.533,1.400,C:/Users/brayd/Desktop/Padilla-Coreano Lab/Social Memory/12_cage_p1/12_cage_p1_converted.mp4,15377,15398,,,,
12_cage_p1,2024-09-29 19:12:50.306,,Media file,player #1:C:/Users/brayd/Desktop/Padilla-Coreano Lab/Social Memory/12_cage_p1/12_cage_p1_converted.mp4,0.0,1722.200,2342.333,15.000,subject,165.393,anogenital sniffing,Not defined,STATE,1035.667,1036.267,0.600,C:/Users/brayd/Desktop/Padilla-Coreano Lab/Social Memory/12_cage_p1/12_cage_p1_converted.mp4,15535,15544,,,,
12_cage_p1,2024-09-29 19:12:50.306,,Media file,player #1:C:/Users/brayd/Desktop/Padilla-Coreano Lab/Social Memory/12_cage_p1/12_cage_p1_converted.mp4,0.0,1722.200,2342.333,15.000,subject,165.393,anogenital sniffing,Not defined,STATE,1036.867,1038.600,1.733,C:/Users/brayd/Desktop/Padilla-Coreano Lab/Social Memory/12_cage_p1/12_cage_p1_converted.mp4,15553,15579,,,,
12_cage_p1,2024-09-29 19:12:50.306,,Media file,player #1:C:/Users/brayd/Desktop/Padilla-Coreano Lab/Social Memory/12_cage_p1/12_cage_p1_converted.mp4,0.0,1722.200,2342.333,15.000,subject,165.393,anogenital sniffing,Not defined,STATE,1041.133,1043.933,2.800,C:/Users/brayd/Desktop/Padilla-Coreano Lab/Social Memory/12_cage_p1/12_cage_p1_converted.mp4,15617,15659,,,,
12_cage_p1,2024-09-29 19:12:50.306,,Media file,player #1:C:/Users/brayd/Desktop/Padilla-Coreano Lab/Social Memory/12_cage_p1/12_cage_p1_converted.mp4,0.0,1722.200,2342.333,15.000,subject,165.393,facial sniffing,Not defined,STATE,1070.800,1072.133,1.333,C:/Users/brayd/Desktop/Padilla-Coreano Lab/Social Memory/12_cage_p1/12_cage_p1_converted.mp4,16062,16082,,,,
12_cage_p1,2024-09-29 19:12:50.306,,Media file,player #1:C:/Users/brayd/Desktop/Padilla-Coreano Lab/Social Memory/12_cage_p1/12_cage_p1_converted.mp4,0.0,1722.200,2342.333,15.000,subject,165.393,facial sniffing,Not defined,STATE,1091.533,1092.533,1.000,C:/Users/brayd/Desktop/Padilla-Coreano Lab/Social Memory/12_cage_p1/12_cage_p1_converted.mp4,16373,16388,,,,
12_cage_p1,2024-09-29 19:12:50.306,,Media file,player #1:C:/Users/brayd/Desktop/Padilla-Coreano Lab/Social Memory/12_cage_p1/12_cage_p1_converted.mp4,0.0,1722.200,2342.333,15.000,subject,165.393,facial sniffing,Not defined,STATE,1101.733,1103.933,2.200,C:/Users/brayd/Desktop/Padilla-Coreano Lab/Social Memory/12_cage_p1/12_cage_p1_converted.mp4,16526,16559,,,,
12_cage_p1,2024-09-29 19:12:50.306,,Media file,player #1:C:/Users/brayd/Desktop/Padilla-Coreano Lab/Social Memory/12_cage_p1/12_cage_p1_converted.mp4,0.0,1722.200,2342.333,15.000,social_agent,33.535,anogenital sniffing,Not defined,STATE,1105.667,1106.267,0.600,C:/Users/brayd/Desktop/Padilla-Coreano Lab/Social Memory/12_cage_p1/12_cage_p1_converted.mp4,16585,16594,,,,
12_cage_p1,2024-09-29 19:12:50.306,,Media file,player #1:C:/Users/brayd/Desktop/Padilla-Coreano Lab/Social Memory/12_cage_p1/12_cage_p1_converted.mp4,0.0,1722.200,2342.333,15.000,subject,165.393,anogenital sniffing,Not defined,STATE,1110.533,1111.333,0.800,C:/Users/brayd/Desktop/Padilla-Coreano Lab/Social Memory/12_cage_p1/12_cage_p1_converted.mp4,16658,16670,,,,
12_cage_p1,2024-09-29 19:12:50.306,,Media file,player #1:C:/Users/brayd/Desktop/Padilla-Coreano Lab/Social Memory/12_cage_p1/12_cage_p1_converted.mp4,0.0,1722.200,2342.333,15.000,subject,165.393,anogenital sniffing,Not defined,STATE,1136.933,1139.333,2.400,C:/Users/brayd/Desktop/Padilla-Coreano Lab/Social Memory/12_cage_p1/12_cage_p1_converted.mp4,17054,17090,,,,
12_cage_p1,2024-09-29 19:12:50.306,,Media file,player #1:C:/Users/brayd/Desktop/Padilla-Coreano Lab/Social Memory/12_cage_p1/12_cage_p1_converted.mp4,0.0,1722.200,2342.333,15.000,subject,165.393,anogenital sniffing,Not defined,STATE,1140.733,1141.867,1.134,C:/Users/brayd/Desktop/Padilla-Coreano Lab/Social Memory/12_cage_p1/12_cage_p1_converted.mp4,17111,17128,,,,
12_cage_p1,2024-09-29 19:12:50.306,,Media file,player #1:C:/Users/brayd/Desktop/Padilla-Coreano Lab/Social Memory/12_cage_p1/12_cage_p1_converted.mp4,0.0,1722.200,2342.333,15.000,social_agent,33.535,anogenital sniffing,Not defined,STATE,1161.667,1162.200,0.533,C:/Users/brayd/Desktop/Padilla-Coreano Lab/Social Memory/12_cage_p1/12_cage_p1_converted.mp4,17425,17433,,,,
12_cage_p1,2024-09-29 19:12:50.306,,Media file,player #1:C:/Users/brayd/Desktop/Padilla-Coreano Lab/Social Memory/12_cage_p1/12_cage_p1_converted.mp4,0.0,1722.200,2342.333,15.000,social_agent,33.535,facial sniffing,Not defined,STATE,1192.000,1193.200,1.200,C:/Users/brayd/Desktop/Padilla-Coreano Lab/Social Memory/12_cage_p1/12_cage_p1_converted.mp4,17880,17898,,,,
12_cage_p1,2024-09-29 19:12:50.306,,Media file,player #1:C:/Users/brayd/Desktop/Padilla-Coreano Lab/Social Memory/12_cage_p1/12_cage_p1_converted.mp4,0.0,1722.200,2342.333,15.000,social_agent,33.535,anogenital sniffing,Not defined,STATE,1246.200,1246.667,0.467,C:/Users/brayd/Desktop/Padilla-Coreano Lab/Social Memory/12_cage_p1/12_cage_p1_converted.mp4,18693,18700,,,,
12_cage_p1,2024-09-29 19:12:50.306,,Media file,player #1:C:/Users/brayd/Desktop/Padilla-Coreano Lab/Social Memory/12_cage_p1/12_cage_p1_converted.mp4,0.0,1722.200,2342.333,15.000,subject,165.393,facial sniffing,Not defined,STATE,1248.333,1248.800,0.467,C:/Users/brayd/Desktop/Padilla-Coreano Lab/Social Memory/12_cage_p1/12_cage_p1_converted.mp4,18725,18732,,,,
12_cage_p1,2024-09-29 19:12:50.306,,Media file,player #1:C:/Users/brayd/Desktop/Padilla-Coreano Lab/Social Memory/12_cage_p1/12_cage_p1_converted.mp4,0.0,1722.200,2342.333,15.000,social_agent,33.535,anogenital sniffing,Not defined,STATE,1251.200,1253.600,2.400,C:/Users/brayd/Desktop/Padilla-Coreano Lab/Social Memory/12_cage_p1/12_cage_p1_converted.mp4,18768,18804,,,,
12_cage_p1,2024-09-29 19:12:50.306,,Media file,player #1:C:/Users/brayd/Desktop/Padilla-Coreano Lab/Social Memory/12_cage_p1/12_cage_p1_converted.mp4,0.0,1722.200,2342.333,15.000,subject,165.393,anogenital sniffing,Not defined,STATE,1254.867,1256.067,1.200,C:/Users/brayd/Desktop/Padilla-Coreano Lab/Social Memory/12_cage_p1/12_cage_p1_converted.mp4,18823,18841,,,,
12_cage_p1,2024-09-29 19:12:50.306,,Media file,player #1:C:/Users/brayd/Desktop/Padilla-Coreano Lab/Social Memory/12_cage_p1/12_cage_p1_converted.mp4,0.0,1722.200,2342.333,15.000,subject,165.393,facial sniffing,Not defined,STATE,1259.267,1260.000,0.733,C:/Users/brayd/Desktop/Padilla-Coreano Lab/Social Memory/12_cage_p1/12_cage_p1_converted.mp4,18889,18900,,,,
12_cage_p1,2024-09-29 19:12:50.306,,Media file,player #1:C:/Users/brayd/Desktop/Padilla-Coreano Lab/Social Memory/12_cage_p1/12_cage_p1_converted.mp4,0.0,1722.200,2342.333,15.000,subject,165.393,mice taken out,Not defined,POINT,1260.267,1260.267,NA,C:/Users/brayd/Desktop/Padilla-Coreano Lab/Social Memory/12_cage_p1/12_cage_p1_converted.mp4,18904,18904,,,,
12_cage_p1,2024-09-29 19:12:50.306,,Media file,player #1:C:/Users/brayd/Desktop/Padilla-Coreano Lab/Social Memory/12_cage_p1/12_cage_p1_converted.mp4,0.0,1722.200,2342.333,15.000,social_agent,33.535,mice back in,Not defined,POINT,1323.800,1323.800,NA,C:/Users/brayd/Desktop/Padilla-Coreano Lab/Social Memory/12_cage_p1/12_cage_p1_converted.mp4,19857,19857,,,,
12_cage_p1,2024-09-29 19:12:50.306,,Media file,player #1:C:/Users/brayd/Desktop/Padilla-Coreano Lab/Social Memory/12_cage_p1/12_cage_p1_converted.mp4,0.0,1722.200,2342.333,15.000,subject,165.393,anogenital sniffing,Not defined,STATE,1332.867,1333.400,0.533,C:/Users/brayd/Desktop/Padilla-Coreano Lab/Social Memory/12_cage_p1/12_cage_p1_converted.mp4,19993,20001,,,,
12_cage_p1,2024-09-29 19:12:50.306,,Media file,player #1:C:/Users/brayd/Desktop/Padilla-Coreano Lab/Social Memory/12_cage_p1/12_cage_p1_converted.mp4,0.0,1722.200,2342.333,15.000,subject,165.393,anogenital sniffing,Not defined,STATE,1334.067,1334.933,0.866,C:/Users/brayd/Desktop/Padilla-Coreano Lab/Social Memory/12_cage_p1/12_cage_p1_converted.mp4,20011,20024,,,,
12_cage_p1,2024-09-29 19:12:50.306,,Media file,player #1:C:/Users/brayd/Desktop/Padilla-Coreano Lab/Social Memory/12_cage_p1/12_cage_p1_converted.mp4,0.0,1722.200,2342.333,15.000,subject,165.393,anogenital sniffing,Not defined,STATE,1338.667,1339.200,0.533,C:/Users/brayd/Desktop/Padilla-Coreano Lab/Social Memory/12_cage_p1/12_cage_p1_converted.mp4,20080,20088,,,,
12_cage_p1,2024-09-29 19:12:50.306,,Media file,player #1:C:/Users/brayd/Desktop/Padilla-Coreano Lab/Social Memory/12_cage_p1/12_cage_p1_converted.mp4,0.0,1722.200,2342.333,15.000,subject,165.393,facial sniffing,Not defined,STATE,1343.067,1343.400,0.333,C:/Users/brayd/Desktop/Padilla-Coreano Lab/Social Memory/12_cage_p1/12_cage_p1_converted.mp4,20146,20151,,,,
12_cage_p1,2024-09-29 19:12:50.306,,Media file,player #1:C:/Users/brayd/Desktop/Padilla-Coreano Lab/Social Memory/12_cage_p1/12_cage_p1_converted.mp4,0.0,1722.200,2342.333,15.000,subject,165.393,anogenital sniffing,Not defined,STATE,1349.000,1350.867,1.867,C:/Users/brayd/Desktop/Padilla-Coreano Lab/Social Memory/12_cage_p1/12_cage_p1_converted.mp4,20235,20263,,,,
12_cage_p1,2024-09-29 19:12:50.306,,Media file,player #1:C:/Users/brayd/Desktop/Padilla-Coreano Lab/Social Memory/12_cage_p1/12_cage_p1_converted.mp4,0.0,1722.200,2342.333,15.000,subject,165.393,facial sniffing,Not defined,STATE,1352.067,1353.733,1.666,C:/Users/brayd/Desktop/Padilla-Coreano Lab/Social Memory/12_cage_p1/12_cage_p1_converted.mp4,20281,20306,,,,
12_cage_p1,2024-09-29 19:12:50.306,,Media file,player #1:C:/Users/brayd/Desktop/Padilla-Coreano Lab/Social Memory/12_cage_p1/12_cage_p1_converted.mp4,0.0,1722.200,2342.333,15.000,subject,165.393,anogenital sniffing,Not defined,STATE,1353.733,1354.400,0.667,C:/Users/brayd/Desktop/Padilla-Coreano Lab/Social Memory/12_cage_p1/12_cage_p1_converted.mp4,20306,20316,,,,
12_cage_p1,2024-09-29 19:12:50.306,,Media file,player #1:C:/Users/brayd/Desktop/Padilla-Coreano Lab/Social Memory/12_cage_p1/12_cage_p1_converted.mp4,0.0,1722.200,2342.333,15.000,subject,165.393,anogenital sniffing,Not defined,STATE,1357.000,1358.000,1.000,C:/Users/brayd/Desktop/Padilla-Coreano Lab/Social Memory/12_cage_p1/12_cage_p1_converted.mp4,20355,20370,,,,
12_cage_p1,2024-09-29 19:12:50.306,,Media file,player #1:C:/Users/brayd/Desktop/Padilla-Coreano Lab/Social Memory/12_cage_p1/12_cage_p1_converted.mp4,0.0,1722.200,2342.333,15.000,subject,165.393,fighting,Not defined,STATE,1358.467,1359.733,1.266,C:/Users/brayd/Desktop/Padilla-Coreano Lab/Social Memory/12_cage_p1/12_cage_p1_converted.mp4,20377,20396,,,,
12_cage_p1,2024-09-29 19:12:50.306,,Media file,player #1:C:/Users/brayd/Desktop/Padilla-Coreano Lab/Social Memory/12_cage_p1/12_cage_p1_converted.mp4,0.0,1722.200,2342.333,15.000,subject,165.393,anogenital sniffing,Not defined,STATE,1364.733,1365.600,0.867,C:/Users/brayd/Desktop/Padilla-Coreano Lab/Social Memory/12_cage_p1/12_cage_p1_converted.mp4,20471,20484,,,,
12_cage_p1,2024-09-29 19:12:50.306,,Media file,player #1:C:/Users/brayd/Desktop/Padilla-Coreano Lab/Social Memory/12_cage_p1/12_cage_p1_converted.mp4,0.0,1722.200,2342.333,15.000,subject,165.393,allogrooming,Not defined,STATE,1366.133,1367.133,1.000,C:/Users/brayd/Desktop/Padilla-Coreano Lab/Social Memory/12_cage_p1/12_cage_p1_converted.mp4,20492,20508,,,,
12_cage_p1,2024-09-29 19:12:50.306,,Media file,player #1:C:/Users/brayd/Desktop/Padilla-Coreano Lab/Social Memory/12_cage_p1/12_cage_p1_converted.mp4,0.0,1722.200,2342.333,15.000,subject,165.393,anogenital sniffing,Not defined,STATE,1367.733,1369.000,1.267,C:/Users/brayd/Desktop/Padilla-Coreano Lab/Social Memory/12_cage_p1/12_cage_p1_converted.mp4,20516,20535,,,,
12_cage_p1,2024-09-29 19:12:50.306,,Media file,player #1:C:/Users/brayd/Desktop/Padilla-Coreano Lab/Social Memory/12_cage_p1/12_cage_p1_converted.mp4,0.0,1722.200,2342.333,15.000,subject,165.393,anogenital sniffing,Not defined,STATE,1372.133,1373.400,1.267,C:/Users/brayd/Desktop/Padilla-Coreano Lab/Social Memory/12_cage_p1/12_cage_p1_converted.mp4,20582,20602,,,,
12_cage_p1,2024-09-29 19:12:50.306,,Media file,player #1:C:/Users/brayd/Desktop/Padilla-Coreano Lab/Social Memory/12_cage_p1/12_cage_p1_converted.mp4,0.0,1722.200,2342.333,15.000,subject,165.393,anogenital sniffing,Not defined,STATE,1374.200,1375.267,1.067,C:/Users/brayd/Desktop/Padilla-Coreano Lab/Social Memory/12_cage_p1/12_cage_p1_converted.mp4,20613,20629,,,,
12_cage_p1,2024-09-29 19:12:50.306,,Media file,player #1:C:/Users/brayd/Desktop/Padilla-Coreano Lab/Social Memory/12_cage_p1/12_cage_p1_converted.mp4,0.0,1722.200,2342.333,15.000,subject,165.393,facial sniffing,Not defined,STATE,1377.800,1378.800,1.000,C:/Users/brayd/Desktop/Padilla-Coreano Lab/Social Memory/12_cage_p1/12_cage_p1_converted.mp4,20667,20682,,,,
12_cage_p1,2024-09-29 19:12:50.306,,Media file,player #1:C:/Users/brayd/Desktop/Padilla-Coreano Lab/Social Memory/12_cage_p1/12_cage_p1_converted.mp4,0.0,1722.200,2342.333,15.000,subject,165.393,anogenital sniffing,Not defined,STATE,1453.400,1453.933,0.533,C:/Users/brayd/Desktop/Padilla-Coreano Lab/Social Memory/12_cage_p1/12_cage_p1_converted.mp4,21801,21809,,,,
12_cage_p1,2024-09-29 19:12:50.306,,Media file,player #1:C:/Users/brayd/Desktop/Padilla-Coreano Lab/Social Memory/12_cage_p1/12_cage_p1_converted.mp4,0.0,1722.200,2342.333,15.000,social_agent,33.535,anogenital sniffing,Not defined,STATE,1457.733,1459.067,1.334,C:/Users/brayd/Desktop/Padilla-Coreano Lab/Social Memory/12_cage_p1/12_cage_p1_converted.mp4,21866,21886,,,,
12_cage_p1,2024-09-29 19:12:50.306,,Media file,player #1:C:/Users/brayd/Desktop/Padilla-Coreano Lab/Social Memory/12_cage_p1/12_cage_p1_converted.mp4,0.0,1722.200,2342.333,15.000,social_agent,33.535,facial sniffing,Not defined,STATE,1477.000,1477.400,0.400,C:/Users/brayd/Desktop/Padilla-Coreano Lab/Social Memory/12_cage_p1/12_cage_p1_converted.mp4,22155,22161,,,,
12_cage_p1,2024-09-29 19:12:50.306,,Media file,player #1:C:/Users/brayd/Desktop/Padilla-Coreano Lab/Social Memory/12_cage_p1/12_cage_p1_converted.mp4,0.0,1722.200,2342.333,15.000,subject,165.393,facial sniffing,Not defined,STATE,1489.000,1490.267,1.267,C:/Users/brayd/Desktop/Padilla-Coreano Lab/Social Memory/12_cage_p1/12_cage_p1_converted.mp4,22335,22354,,,,
12_cage_p1,2024-09-29 19:12:50.306,,Media file,player #1:C:/Users/brayd/Desktop/Padilla-Coreano Lab/Social Memory/12_cage_p1/12_cage_p1_converted.mp4,0.0,1722.200,2342.333,15.000,social_agent,33.535,anogenital sniffing,Not defined,STATE,1490.333,1490.600,0.267,C:/Users/brayd/Desktop/Padilla-Coreano Lab/Social Memory/12_cage_p1/12_cage_p1_converted.mp4,22355,22359,,,,
12_cage_p1,2024-09-29 19:12:50.306,,Media file,player #1:C:/Users/brayd/Desktop/Padilla-Coreano Lab/Social Memory/12_cage_p1/12_cage_p1_converted.mp4,0.0,1722.200,2342.333,15.000,subject,165.393,anogenital sniffing,Not defined,STATE,1496.933,1497.867,0.934,C:/Users/brayd/Desktop/Padilla-Coreano Lab/Social Memory/12_cage_p1/12_cage_p1_converted.mp4,22454,22468,,,,
12_cage_p1,2024-09-29 19:12:50.306,,Media file,player #1:C:/Users/brayd/Desktop/Padilla-Coreano Lab/Social Memory/12_cage_p1/12_cage_p1_converted.mp4,0.0,1722.200,2342.333,15.000,social_agent,33.535,facial sniffing,Not defined,STATE,1519.667,1520.267,0.600,C:/Users/brayd/Desktop/Padilla-Coreano Lab/Social Memory/12_cage_p1/12_cage_p1_converted.mp4,22795,22804,,,,
12_cage_p1,2024-09-29 19:12:50.306,,Media file,player #1:C:/Users/brayd/Desktop/Padilla-Coreano Lab/Social Memory/12_cage_p1/12_cage_p1_converted.mp4,0.0,1722.200,2342.333,15.000,subject,165.393,facial sniffing,Not defined,STATE,1530.267,1530.867,0.600,C:/Users/brayd/Desktop/Padilla-Coreano Lab/Social Memory/12_cage_p1/12_cage_p1_converted.mp4,22954,22963,,,,
12_cage_p1,2024-09-29 19:12:50.306,,Media file,player #1:C:/Users/brayd/Desktop/Padilla-Coreano Lab/Social Memory/12_cage_p1/12_cage_p1_converted.mp4,0.0,1722.200,2342.333,15.000,social_agent,33.535,facial sniffing,Not defined,STATE,1537.933,1538.400,0.467,C:/Users/brayd/Desktop/Padilla-Coreano Lab/Social Memory/12_cage_p1/12_cage_p1_converted.mp4,23069,23076,,,,
12_cage_p1,2024-09-29 19:12:50.306,,Media file,player #1:C:/Users/brayd/Desktop/Padilla-Coreano Lab/Social Memory/12_cage_p1/12_cage_p1_converted.mp4,0.0,1722.200,2342.333,15.000,subject,165.393,facial sniffing,Not defined,STATE,1565.467,1567.000,1.533,C:/Users/brayd/Desktop/Padilla-Coreano Lab/Social Memory/12_cage_p1/12_cage_p1_converted.mp4,23482,23505,,,,
12_cage_p1,2024-09-29 19:12:50.306,,Media file,player #1:C:/Users/brayd/Desktop/Padilla-Coreano Lab/Social Memory/12_cage_p1/12_cage_p1_converted.mp4,0.0,1722.200,2342.333,15.000,subject,165.393,anogenital sniffing,Not defined,STATE,1585.467,1586.400,0.933,C:/Users/brayd/Desktop/Padilla-Coreano Lab/Social Memory/12_cage_p1/12_cage_p1_converted.mp4,23782,23796,,,,
12_cage_p1,2024-09-29 19:12:50.306,,Media file,player #1:C:/Users/brayd/Desktop/Padilla-Coreano Lab/Social Memory/12_cage_p1/12_cage_p1_converted.mp4,0.0,1722.200,2342.333,15.000,subject,165.393,facial sniffing,Not defined,STATE,1588.867,1589.267,0.400,C:/Users/brayd/Desktop/Padilla-Coreano Lab/Social Memory/12_cage_p1/12_cage_p1_converted.mp4,23833,23839,,,,
12_cage_p1,2024-09-29 19:12:50.306,,Media file,player #1:C:/Users/brayd/Desktop/Padilla-Coreano Lab/Social Memory/12_cage_p1/12_cage_p1_converted.mp4,0.0,1722.200,2342.333,15.000,subject,165.393,facial sniffing,Not defined,STATE,1593.200,1594.133,0.933,C:/Users/brayd/Desktop/Padilla-Coreano Lab/Social Memory/12_cage_p1/12_cage_p1_converted.mp4,23898,23912,,,,
12_cage_p1,2024-09-29 19:12:50.306,,Media file,player #1:C:/Users/brayd/Desktop/Padilla-Coreano Lab/Social Memory/12_cage_p1/12_cage_p1_converted.mp4,0.0,1722.200,2342.333,15.000,social_agent,33.535,mice taken out,Not defined,POINT,1618.933,1618.933,NA,C:/Users/brayd/Desktop/Padilla-Coreano Lab/Social Memory/12_cage_p1/12_cage_p1_converted.mp4,24284,24284,,,,
12_cage_p1,2024-09-29 19:12:50.306,,Media file,player #1:C:/Users/brayd/Desktop/Padilla-Coreano Lab/Social Memory/12_cage_p1/12_cage_p1_converted.mp4,0.0,1722.200,2342.333,15.000,social_agent,33.535,mice back in,Not defined,POINT,1682.000,1682.000,NA,C:/Users/brayd/Desktop/Padilla-Coreano Lab/Social Memory/12_cage_p1/12_cage_p1_converted.mp4,25230,25230,,,,
12_cage_p1,2024-09-29 19:12:50.306,,Media file,player #1:C:/Users/brayd/Desktop/Padilla-Coreano Lab/Social Memory/12_cage_p1/12_cage_p1_converted.mp4,0.0,1722.200,2342.333,15.000,subject,165.393,facial sniffing,Not defined,STATE,1690.867,1691.800,0.933,C:/Users/brayd/Desktop/Padilla-Coreano Lab/Social Memory/12_cage_p1/12_cage_p1_converted.mp4,25363,25377,,,,
12_cage_p1,2024-09-29 19:12:50.306,,Media file,player #1:C:/Users/brayd/Desktop/Padilla-Coreano Lab/Social Memory/12_cage_p1/12_cage_p1_converted.mp4,0.0,1722.200,2342.333,15.000,subject,165.393,anogenital sniffing,Not defined,STATE,1693.533,1693.933,0.400,C:/Users/brayd/Desktop/Padilla-Coreano Lab/Social Memory/12_cage_p1/12_cage_p1_converted.mp4,25403,25409,,,,
12_cage_p1,2024-09-29 19:12:50.306,,Media file,player #1:C:/Users/brayd/Desktop/Padilla-Coreano Lab/Social Memory/12_cage_p1/12_cage_p1_converted.mp4,0.0,1722.200,2342.333,15.000,subject,165.393,facial sniffing,Not defined,STATE,1694.067,1694.667,0.600,C:/Users/brayd/Desktop/Padilla-Coreano Lab/Social Memory/12_cage_p1/12_cage_p1_converted.mp4,25411,25420,,,,
12_cage_p1,2024-09-29 19:12:50.306,,Media file,player #1:C:/Users/brayd/Desktop/Padilla-Coreano Lab/Social Memory/12_cage_p1/12_cage_p1_converted.mp4,0.0,1722.200,2342.333,15.000,subject,165.393,facial sniffing,Not defined,STATE,1701.067,1701.467,0.400,C:/Users/brayd/Desktop/Padilla-Coreano Lab/Social Memory/12_cage_p1/12_cage_p1_converted.mp4,25516,25522,,,,
12_cage_p1,2024-09-29 19:12:50.306,,Media file,player #1:C:/Users/brayd/Desktop/Padilla-Coreano Lab/Social Memory/12_cage_p1/12_cage_p1_converted.mp4,0.0,1722.200,2342.333,15.000,subject,165.393,facial sniffing,Not defined,STATE,1719.667,1720.467,0.800,C:/Users/brayd/Desktop/Padilla-Coreano Lab/Social Memory/12_cage_p1/12_cage_p1_converted.mp4,25795,25807,,,,
12_cage_p1,2024-09-29 19:12:50.306,,Media file,player #1:C:/Users/brayd/Desktop/Padilla-Coreano Lab/Social Memory/12_cage_p1/12_cage_p1_converted.mp4,0.0,1722.200,2342.333,15.000,subject,165.393,facial sniffing,Not defined,STATE,1734.067,1734.933,0.866,C:/Users/brayd/Desktop/Padilla-Coreano Lab/Social Memory/12_cage_p1/12_cage_p1_converted.mp4,26011,26024,,,,
12_cage_p1,2024-09-29 19:12:50.306,,Media file,player #1:C:/Users/brayd/Desktop/Padilla-Coreano Lab/Social Memory/12_cage_p1/12_cage_p1_converted.mp4,0.0,1722.200,2342.333,15.000,subject,165.393,anogenital sniffing,Not defined,STATE,1747.400,1748.733,1.333,C:/Users/brayd/Desktop/Padilla-Coreano Lab/Social Memory/12_cage_p1/12_cage_p1_converted.mp4,26211,26231,,,,
12_cage_p1,2024-09-29 19:12:50.306,,Media file,player #1:C:/Users/brayd/Desktop/Padilla-Coreano Lab/Social Memory/12_cage_p1/12_cage_p1_converted.mp4,0.0,1722.200,2342.333,15.000,subject,165.393,anogenital sniffing,Not defined,STATE,1754.067,1755.333,1.266,C:/Users/brayd/Desktop/Padilla-Coreano Lab/Social Memory/12_cage_p1/12_cage_p1_converted.mp4,26311,26330,,,,
12_cage_p1,2024-09-29 19:12:50.306,,Media file,player #1:C:/Users/brayd/Desktop/Padilla-Coreano Lab/Social Memory/12_cage_p1/12_cage_p1_converted.mp4,0.0,1722.200,2342.333,15.000,subject,165.393,facial sniffing,Not defined,STATE,1766.867,1767.867,1.000,C:/Users/brayd/Desktop/Padilla-Coreano Lab/Social Memory/12_cage_p1/12_cage_p1_converted.mp4,26503,26518,,,,
12_cage_p1,2024-09-29 19:12:50.306,,Media file,player #1:C:/Users/brayd/Desktop/Padilla-Coreano Lab/Social Memory/12_cage_p1/12_cage_p1_converted.mp4,0.0,1722.200,2342.333,15.000,social_agent,33.535,facial sniffing,Not defined,STATE,1768.200,1769.000,0.800,C:/Users/brayd/Desktop/Padilla-Coreano Lab/Social Memory/12_cage_p1/12_cage_p1_converted.mp4,26523,26535,,,,
12_cage_p1,2024-09-29 19:12:50.306,,Media file,player #1:C:/Users/brayd/Desktop/Padilla-Coreano Lab/Social Memory/12_cage_p1/12_cage_p1_converted.mp4,0.0,1722.200,2342.333,15.000,subject,165.393,facial sniffing,Not defined,STATE,1769.733,1770.400,0.667,C:/Users/brayd/Desktop/Padilla-Coreano Lab/Social Memory/12_cage_p1/12_cage_p1_converted.mp4,26546,26556,,,,
12_cage_p1,2024-09-29 19:12:50.306,,Media file,player #1:C:/Users/brayd/Desktop/Padilla-Coreano Lab/Social Memory/12_cage_p1/12_cage_p1_converted.mp4,0.0,1722.200,2342.333,15.000,subject,165.393,facial sniffing,Not defined,STATE,1789.800,1790.200,0.400,C:/Users/brayd/Desktop/Padilla-Coreano Lab/Social Memory/12_cage_p1/12_cage_p1_converted.mp4,26847,26853,,,,
12_cage_p1,2024-09-29 19:12:50.306,,Media file,player #1:C:/Users/brayd/Desktop/Padilla-Coreano Lab/Social Memory/12_cage_p1/12_cage_p1_converted.mp4,0.0,1722.200,2342.333,15.000,social_agent,33.535,facial sniffing,Not defined,STATE,1811.667,1812.333,0.666,C:/Users/brayd/Desktop/Padilla-Coreano Lab/Social Memory/12_cage_p1/12_cage_p1_converted.mp4,27175,27185,,,,
12_cage_p1,2024-09-29 19:12:50.306,,Media file,player #1:C:/Users/brayd/Desktop/Padilla-Coreano Lab/Social Memory/12_cage_p1/12_cage_p1_converted.mp4,0.0,1722.200,2342.333,15.000,subject,165.393,facial sniffing,Not defined,STATE,1823.867,1825.067,1.200,C:/Users/brayd/Desktop/Padilla-Coreano Lab/Social Memory/12_cage_p1/12_cage_p1_converted.mp4,27358,27376,,,,
12_cage_p1,2024-09-29 19:12:50.306,,Media file,player #1:C:/Users/brayd/Desktop/Padilla-Coreano Lab/Social Memory/12_cage_p1/12_cage_p1_converted.mp4,0.0,1722.200,2342.333,15.000,subject,165.393,facial sniffing,Not defined,STATE,1857.533,1859.000,1.467,C:/Users/brayd/Desktop/Padilla-Coreano Lab/Social Memory/12_cage_p1/12_cage_p1_converted.mp4,27863,27885,,,,
12_cage_p1,2024-09-29 19:12:50.306,,Media file,player #1:C:/Users/brayd/Desktop/Padilla-Coreano Lab/Social Memory/12_cage_p1/12_cage_p1_converted.mp4,0.0,1722.200,2342.333,15.000,subject,165.393,facial sniffing,Not defined,STATE,1860.267,1863.467,3.200,C:/Users/brayd/Desktop/Padilla-Coreano Lab/Social Memory/12_cage_p1/12_cage_p1_converted.mp4,27904,27952,,,,
12_cage_p1,2024-09-29 19:12:50.306,,Media file,player #1:C:/Users/brayd/Desktop/Padilla-Coreano Lab/Social Memory/12_cage_p1/12_cage_p1_converted.mp4,0.0,1722.200,2342.333,15.000,subject,165.393,facial sniffing,Not defined,STATE,1866.333,1867.667,1.334,C:/Users/brayd/Desktop/Padilla-Coreano Lab/Social Memory/12_cage_p1/12_cage_p1_converted.mp4,27995,28015,,,,
12_cage_p1,2024-09-29 19:12:50.306,,Media file,player #1:C:/Users/brayd/Desktop/Padilla-Coreano Lab/Social Memory/12_cage_p1/12_cage_p1_converted.mp4,0.0,1722.200,2342.333,15.000,subject,165.393,anogenital sniffing,Not defined,STATE,1868.467,1869.533,1.066,C:/Users/brayd/Desktop/Padilla-Coreano Lab/Social Memory/12_cage_p1/12_cage_p1_converted.mp4,28027,28043,,,,
12_cage_p1,2024-09-29 19:12:50.306,,Media file,player #1:C:/Users/brayd/Desktop/Padilla-Coreano Lab/Social Memory/12_cage_p1/12_cage_p1_converted.mp4,0.0,1722.200,2342.333,15.000,subject,165.393,anogenital sniffing,Not defined,STATE,1872.600,1875.733,3.133,C:/Users/brayd/Desktop/Padilla-Coreano Lab/Social Memory/12_cage_p1/12_cage_p1_converted.mp4,28089,28136,,,,
12_cage_p1,2024-09-29 19:12:50.306,,Media file,player #1:C:/Users/brayd/Desktop/Padilla-Coreano Lab/Social Memory/12_cage_p1/12_cage_p1_converted.mp4,0.0,1722.200,2342.333,15.000,subject,165.393,anogenital sniffing,Not defined,STATE,1877.667,1878.467,0.800,C:/Users/brayd/Desktop/Padilla-Coreano Lab/Social Memory/12_cage_p1/12_cage_p1_converted.mp4,28165,28177,,,,
12_cage_p1,2024-09-29 19:12:50.306,,Media file,player #1:C:/Users/brayd/Desktop/Padilla-Coreano Lab/Social Memory/12_cage_p1/12_cage_p1_converted.mp4,0.0,1722.200,2342.333,15.000,subject,165.393,anogenital sniffing,Not defined,STATE,1880.267,1882.933,2.666,C:/Users/brayd/Desktop/Padilla-Coreano Lab/Social Memory/12_cage_p1/12_cage_p1_converted.mp4,28204,28244,,,,
12_cage_p1,2024-09-29 19:12:50.306,,Media file,player #1:C:/Users/brayd/Desktop/Padilla-Coreano Lab/Social Memory/12_cage_p1/12_cage_p1_converted.mp4,0.0,1722.200,2342.333,15.000,subject,165.393,facial sniffing,Not defined,STATE,1929.467,1932.400,2.933,C:/Users/brayd/Desktop/Padilla-Coreano Lab/Social Memory/12_cage_p1/12_cage_p1_converted.mp4,28942,28986,,,,
12_cage_p1,2024-09-29 19:12:50.306,,Media file,player #1:C:/Users/brayd/Desktop/Padilla-Coreano Lab/Social Memory/12_cage_p1/12_cage_p1_converted.mp4,0.0,1722.200,2342.333,15.000,subject,165.393,fighting,Not defined,STATE,1932.533,1933.533,1.000,C:/Users/brayd/Desktop/Padilla-Coreano Lab/Social Memory/12_cage_p1/12_cage_p1_converted.mp4,28988,29003,,,,
12_cage_p1,2024-09-29 19:12:50.306,,Media file,player #1:C:/Users/brayd/Desktop/Padilla-Coreano Lab/Social Memory/12_cage_p1/12_cage_p1_converted.mp4,0.0,1722.200,2342.333,15.000,subject,165.393,facial sniffing,Not defined,STATE,1933.867,1935.133,1.266,C:/Users/brayd/Desktop/Padilla-Coreano Lab/Social Memory/12_cage_p1/12_cage_p1_converted.mp4,29008,29027,,,,
12_cage_p1,2024-09-29 19:12:50.306,,Media file,player #1:C:/Users/brayd/Desktop/Padilla-Coreano Lab/Social Memory/12_cage_p1/12_cage_p1_converted.mp4,0.0,1722.200,2342.333,15.000,subject,165.393,anogenital sniffing,Not defined,STATE,1935.533,1936.733,1.200,C:/Users/brayd/Desktop/Padilla-Coreano Lab/Social Memory/12_cage_p1/12_cage_p1_converted.mp4,29033,29051,,,,
12_cage_p1,2024-09-29 19:12:50.306,,Media file,player #1:C:/Users/brayd/Desktop/Padilla-Coreano Lab/Social Memory/12_cage_p1/12_cage_p1_converted.mp4,0.0,1722.200,2342.333,15.000,subject,165.393,anogenital sniffing,Not defined,STATE,1939.533,1940.800,1.267,C:/Users/brayd/Desktop/Padilla-Coreano Lab/Social Memory/12_cage_p1/12_cage_p1_converted.mp4,29093,29112,,,,
12_cage_p1,2024-09-29 19:12:50.306,,Media file,player #1:C:/Users/brayd/Desktop/Padilla-Coreano Lab/Social Memory/12_cage_p1/12_cage_p1_converted.mp4,0.0,1722.200,2342.333,15.000,social_agent,33.535,facial sniffing,Not defined,STATE,1944.733,1945.933,1.200,C:/Users/brayd/Desktop/Padilla-Coreano Lab/Social Memory/12_cage_p1/12_cage_p1_converted.mp4,29171,29189,,,,
12_cage_p1,2024-09-29 19:12:50.306,,Media file,player #1:C:/Users/brayd/Desktop/Padilla-Coreano Lab/Social Memory/12_cage_p1/12_cage_p1_converted.mp4,0.0,1722.200,2342.333,15.000,subject,165.393,anogenital sniffing,Not defined,STATE,1946.733,1948.733,2.000,C:/Users/brayd/Desktop/Padilla-Coreano Lab/Social Memory/12_cage_p1/12_cage_p1_converted.mp4,29201,29231,,,,
12_cage_p1,2024-09-29 19:12:50.306,,Media file,player #1:C:/Users/brayd/Desktop/Padilla-Coreano Lab/Social Memory/12_cage_p1/12_cage_p1_converted.mp4,0.0,1722.200,2342.333,15.000,subject,165.393,facial sniffing,Not defined,STATE,1949.200,1950.067,0.867,C:/Users/brayd/Desktop/Padilla-Coreano Lab/Social Memory/12_cage_p1/12_cage_p1_converted.mp4,29238,29251,,,,
12_cage_p1,2024-09-29 19:12:50.306,,Media file,player #1:C:/Users/brayd/Desktop/Padilla-Coreano Lab/Social Memory/12_cage_p1/12_cage_p1_converted.mp4,0.0,1722.200,2342.333,15.000,subject,165.393,anogenital sniffing,Not defined,STATE,1950.333,1951.800,1.467,C:/Users/brayd/Desktop/Padilla-Coreano Lab/Social Memory/12_cage_p1/12_cage_p1_converted.mp4,29255,29277,,,,
12_cage_p1,2024-09-29 19:12:50.306,,Media file,player #1:C:/Users/brayd/Desktop/Padilla-Coreano Lab/Social Memory/12_cage_p1/12_cage_p1_converted.mp4,0.0,1722.200,2342.333,15.000,social_agent,33.535,mice taken out,Not defined,POINT,1979.067,1979.067,NA,C:/Users/brayd/Desktop/Padilla-Coreano Lab/Social Memory/12_cage_p1/12_cage_p1_converted.mp4,29686,29686,,,,
12_cage_p1,2024-09-29 19:12:50.306,,Media file,player #1:C:/Users/brayd/Desktop/Padilla-Coreano Lab/Social Memory/12_cage_p1/12_cage_p1_converted.mp4,0.0,1722.200,2342.333,15.000,social_agent,33.535,mice back in,Not defined,POINT,2042.867,2042.867,NA,C:/Users/brayd/Desktop/Padilla-Coreano Lab/Social Memory/12_cage_p1/12_cage_p1_converted.mp4,30643,30643,,,,
12_cage_p1,2024-09-29 19:12:50.306,,Media file,player #1:C:/Users/brayd/Desktop/Padilla-Coreano Lab/Social Memory/12_cage_p1/12_cage_p1_converted.mp4,0.0,1722.200,2342.333,15.000,subject,165.393,facial sniffing,Not defined,STATE,2044.200,2045.133,0.933,C:/Users/brayd/Desktop/Padilla-Coreano Lab/Social Memory/12_cage_p1/12_cage_p1_converted.mp4,30663,30677,,,,
12_cage_p1,2024-09-29 19:12:50.306,,Media file,player #1:C:/Users/brayd/Desktop/Padilla-Coreano Lab/Social Memory/12_cage_p1/12_cage_p1_converted.mp4,0.0,1722.200,2342.333,15.000,subject,165.393,anogenital sniffing,Not defined,STATE,2056.867,2058.133,1.266,C:/Users/brayd/Desktop/Padilla-Coreano Lab/Social Memory/12_cage_p1/12_cage_p1_converted.mp4,30853,30872,,,,
12_cage_p1,2024-09-29 19:12:50.306,,Media file,player #1:C:/Users/brayd/Desktop/Padilla-Coreano Lab/Social Memory/12_cage_p1/12_cage_p1_converted.mp4,0.0,1722.200,2342.333,15.000,subject,165.393,anogenital sniffing,Not defined,STATE,2058.600,2060.133,1.533,C:/Users/brayd/Desktop/Padilla-Coreano Lab/Social Memory/12_cage_p1/12_cage_p1_converted.mp4,30879,30902,,,,
12_cage_p1,2024-09-29 19:12:50.306,,Media file,player #1:C:/Users/brayd/Desktop/Padilla-Coreano Lab/Social Memory/12_cage_p1/12_cage_p1_converted.mp4,0.0,1722.200,2342.333,15.000,subject,165.393,anogenital sniffing,Not defined,STATE,2063.533,2065.267,1.734,C:/Users/brayd/Desktop/Padilla-Coreano Lab/Social Memory/12_cage_p1/12_cage_p1_converted.mp4,30953,30979,,,,
12_cage_p1,2024-09-29 19:12:50.306,,Media file,player #1:C:/Users/brayd/Desktop/Padilla-Coreano Lab/Social Memory/12_cage_p1/12_cage_p1_converted.mp4,0.0,1722.200,2342.333,15.000,subject,165.393,anogenital sniffing,Not defined,STATE,2066.600,2067.067,0.467,C:/Users/brayd/Desktop/Padilla-Coreano Lab/Social Memory/12_cage_p1/12_cage_p1_converted.mp4,30999,31006,,,,
12_cage_p1,2024-09-29 19:12:50.306,,Media file,player #1:C:/Users/brayd/Desktop/Padilla-Coreano Lab/Social Memory/12_cage_p1/12_cage_p1_converted.mp4,0.0,1722.200,2342.333,15.000,subject,165.393,anogenital sniffing,Not defined,STATE,2070.200,2072.400,2.200,C:/Users/brayd/Desktop/Padilla-Coreano Lab/Social Memory/12_cage_p1/12_cage_p1_converted.mp4,31053,31086,,,,
12_cage_p1,2024-09-29 19:12:50.306,,Media file,player #1:C:/Users/brayd/Desktop/Padilla-Coreano Lab/Social Memory/12_cage_p1/12_cage_p1_converted.mp4,0.0,1722.200,2342.333,15.000,subject,165.393,anogenital sniffing,Not defined,STATE,2073.400,2076.000,2.600,C:/Users/brayd/Desktop/Padilla-Coreano Lab/Social Memory/12_cage_p1/12_cage_p1_converted.mp4,31101,31140,,,,
12_cage_p1,2024-09-29 19:12:50.306,,Media file,player #1:C:/Users/brayd/Desktop/Padilla-Coreano Lab/Social Memory/12_cage_p1/12_cage_p1_converted.mp4,0.0,1722.200,2342.333,15.000,subject,165.393,anogenital sniffing,Not defined,STATE,2077.600,2079.400,1.800,C:/Users/brayd/Desktop/Padilla-Coreano Lab/Social Memory/12_cage_p1/12_cage_p1_converted.mp4,31164,31191,,,,
12_cage_p1,2024-09-29 19:12:50.306,,Media file,player #1:C:/Users/brayd/Desktop/Padilla-Coreano Lab/Social Memory/12_cage_p1/12_cage_p1_converted.mp4,0.0,1722.200,2342.333,15.000,subject,165.393,anogenital sniffing,Not defined,STATE,2084.667,2085.733,1.066,C:/Users/brayd/Desktop/Padilla-Coreano Lab/Social Memory/12_cage_p1/12_cage_p1_converted.mp4,31270,31286,,,,
12_cage_p1,2024-09-29 19:12:50.306,,Media file,player #1:C:/Users/brayd/Desktop/Padilla-Coreano Lab/Social Memory/12_cage_p1/12_cage_p1_converted.mp4,0.0,1722.200,2342.333,15.000,subject,165.393,facial sniffing,Not defined,STATE,2092.533,2094.800,2.267,C:/Users/brayd/Desktop/Padilla-Coreano Lab/Social Memory/12_cage_p1/12_cage_p1_converted.mp4,31388,31422,,,,
12_cage_p1,2024-09-29 19:12:50.306,,Media file,player #1:C:/Users/brayd/Desktop/Padilla-Coreano Lab/Social Memory/12_cage_p1/12_cage_p1_converted.mp4,0.0,1722.200,2342.333,15.000,subject,165.393,anogenital sniffing,Not defined,STATE,2095.733,2096.000,0.267,C:/Users/brayd/Desktop/Padilla-Coreano Lab/Social Memory/12_cage_p1/12_cage_p1_converted.mp4,31436,31440,,,,
12_cage_p1,2024-09-29 19:12:50.306,,Media file,player #1:C:/Users/brayd/Desktop/Padilla-Coreano Lab/Social Memory/12_cage_p1/12_cage_p1_converted.mp4,0.0,1722.200,2342.333,15.000,subject,165.393,anogenital sniffing,Not defined,STATE,2099.933,2101.267,1.334,C:/Users/brayd/Desktop/Padilla-Coreano Lab/Social Memory/12_cage_p1/12_cage_p1_converted.mp4,31499,31519,,,,
12_cage_p1,2024-09-29 19:12:50.306,,Media file,player #1:C:/Users/brayd/Desktop/Padilla-Coreano Lab/Social Memory/12_cage_p1/12_cage_p1_converted.mp4,0.0,1722.200,2342.333,15.000,subject,165.393,fighting,Not defined,STATE,2105.067,2105.799,0.732,C:/Users/brayd/Desktop/Padilla-Coreano Lab/Social Memory/12_cage_p1/12_cage_p1_converted.mp4,31576,NA,,,,
12_cage_p1,2024-09-29 19:12:50.306,,Media file,player #1:C:/Users/brayd/Desktop/Padilla-Coreano Lab/Social Memory/12_cage_p1/12_cage_p1_converted.mp4,0.0,1722.200,2342.333,15.000,subject,165.393,chasing,Not defined,STATE,2105.800,2106.600,0.800,C:/Users/brayd/Desktop/Padilla-Coreano Lab/Social Memory/12_cage_p1/12_cage_p1_converted.mp4,31587,31599,,,,
12_cage_p1,2024-09-29 19:12:50.306,,Media file,player #1:C:/Users/brayd/Desktop/Padilla-Coreano Lab/Social Memory/12_cage_p1/12_cage_p1_converted.mp4,0.0,1722.200,2342.333,15.000,subject,165.393,fighting,Not defined,STATE,2106.600,2109.267,2.667,C:/Users/brayd/Desktop/Padilla-Coreano Lab/Social Memory/12_cage_p1/12_cage_p1_converted.mp4,31599,31639,,,,
12_cage_p1,2024-09-29 19:12:50.306,,Media file,player #1:C:/Users/brayd/Desktop/Padilla-Coreano Lab/Social Memory/12_cage_p1/12_cage_p1_converted.mp4,0.0,1722.200,2342.333,15.000,subject,165.393,anogenital sniffing,Not defined,STATE,2109.267,2111.867,2.600,C:/Users/brayd/Desktop/Padilla-Coreano Lab/Social Memory/12_cage_p1/12_cage_p1_converted.mp4,31639,31678,,,,
12_cage_p1,2024-09-29 19:12:50.306,,Media file,player #1:C:/Users/brayd/Desktop/Padilla-Coreano Lab/Social Memory/12_cage_p1/12_cage_p1_converted.mp4,0.0,1722.200,2342.333,15.000,subject,165.393,anogenital sniffing,Not defined,STATE,2112.667,2113.133,0.466,C:/Users/brayd/Desktop/Padilla-Coreano Lab/Social Memory/12_cage_p1/12_cage_p1_converted.mp4,31690,31697,,,,
12_cage_p1,2024-09-29 19:12:50.306,,Media file,player #1:C:/Users/brayd/Desktop/Padilla-Coreano Lab/Social Memory/12_cage_p1/12_cage_p1_converted.mp4,0.0,1722.200,2342.333,15.000,subject,165.393,facial sniffing,Not defined,STATE,2150.600,2152.200,1.600,C:/Users/brayd/Desktop/Padilla-Coreano Lab/Social Memory/12_cage_p1/12_cage_p1_converted.mp4,32259,32283,,,,
12_cage_p1,2024-09-29 19:12:50.306,,Media file,player #1:C:/Users/brayd/Desktop/Padilla-Coreano Lab/Social Memory/12_cage_p1/12_cage_p1_converted.mp4,0.0,1722.200,2342.333,15.000,subject,165.393,facial sniffing,Not defined,STATE,2157.933,2160.600,2.667,C:/Users/brayd/Desktop/Padilla-Coreano Lab/Social Memory/12_cage_p1/12_cage_p1_converted.mp4,32369,32409,,,,
12_cage_p1,2024-09-29 19:12:50.306,,Media file,player #1:C:/Users/brayd/Desktop/Padilla-Coreano Lab/Social Memory/12_cage_p1/12_cage_p1_converted.mp4,0.0,1722.200,2342.333,15.000,subject,165.393,facial sniffing,Not defined,STATE,2194.667,2195.600,0.933,C:/Users/brayd/Desktop/Padilla-Coreano Lab/Social Memory/12_cage_p1/12_cage_p1_converted.mp4,32920,32934,,,,
12_cage_p1,2024-09-29 19:12:50.306,,Media file,player #1:C:/Users/brayd/Desktop/Padilla-Coreano Lab/Social Memory/12_cage_p1/12_cage_p1_converted.mp4,0.0,1722.200,2342.333,15.000,social_agent,33.535,facial sniffing,Not defined,STATE,2199.400,2200.067,0.667,C:/Users/brayd/Desktop/Padilla-Coreano Lab/Social Memory/12_cage_p1/12_cage_p1_converted.mp4,32991,33001,,,,
12_cage_p1,2024-09-29 19:12:50.306,,Media file,player #1:C:/Users/brayd/Desktop/Padilla-Coreano Lab/Social Memory/12_cage_p1/12_cage_p1_converted.mp4,0.0,1722.200,2342.333,15.000,subject,165.393,anogenital sniffing,Not defined,STATE,2200.133,2201.667,1.534,C:/Users/brayd/Desktop/Padilla-Coreano Lab/Social Memory/12_cage_p1/12_cage_p1_converted.mp4,33002,33025,,,,
12_cage_p1,2024-09-29 19:12:50.306,,Media file,player #1:C:/Users/brayd/Desktop/Padilla-Coreano Lab/Social Memory/12_cage_p1/12_cage_p1_converted.mp4,0.0,1722.200,2342.333,15.000,social_agent,33.535,facial sniffing,Not defined,STATE,2203.400,2203.800,0.400,C:/Users/brayd/Desktop/Padilla-Coreano Lab/Social Memory/12_cage_p1/12_cage_p1_converted.mp4,33051,33057,,,,
12_cage_p1,2024-09-29 19:12:50.306,,Media file,player #1:C:/Users/brayd/Desktop/Padilla-Coreano Lab/Social Memory/12_cage_p1/12_cage_p1_converted.mp4,0.0,1722.200,2342.333,15.000,subject,165.393,facial sniffing,Not defined,STATE,2204.067,2204.600,0.533,C:/Users/brayd/Desktop/Padilla-Coreano Lab/Social Memory/12_cage_p1/12_cage_p1_converted.mp4,33061,33069,,,,
12_cage_p1,2024-09-29 19:12:50.306,,Media file,player #1:C:/Users/brayd/Desktop/Padilla-Coreano Lab/Social Memory/12_cage_p1/12_cage_p1_converted.mp4,0.0,1722.200,2342.333,15.000,social_agent,33.535,facial sniffing,Not defined,STATE,2207.200,2208.000,0.800,C:/Users/brayd/Desktop/Padilla-Coreano Lab/Social Memory/12_cage_p1/12_cage_p1_converted.mp4,33108,33120,,,,
12_cage_p1,2024-09-29 19:12:50.306,,Media file,player #1:C:/Users/brayd/Desktop/Padilla-Coreano Lab/Social Memory/12_cage_p1/12_cage_p1_converted.mp4,0.0,1722.200,2342.333,15.000,social_agent,33.535,facial sniffing,Not defined,STATE,2213.200,2215.200,2.000,C:/Users/brayd/Desktop/Padilla-Coreano Lab/Social Memory/12_cage_p1/12_cage_p1_converted.mp4,33198,33228,,,,
12_cage_p1,2024-09-29 19:12:50.306,,Media file,player #1:C:/Users/brayd/Desktop/Padilla-Coreano Lab/Social Memory/12_cage_p1/12_cage_p1_converted.mp4,0.0,1722.200,2342.333,15.000,social_agent,33.535,facial sniffing,Not defined,STATE,2238.200,2239.800,1.600,C:/Users/brayd/Desktop/Padilla-Coreano Lab/Social Memory/12_cage_p1/12_cage_p1_converted.mp4,33573,33597,,,,
12_cage_p1,2024-09-29 19:12:50.306,,Media file,player #1:C:/Users/brayd/Desktop/Padilla-Coreano Lab/Social Memory/12_cage_p1/12_cage_p1_converted.mp4,0.0,1722.200,2342.333,15.000,subject,165.393,facial sniffing,Not defined,STATE,2275.067,2275.800,0.733,C:/Users/brayd/Desktop/Padilla-Coreano Lab/Social Memory/12_cage_p1/12_cage_p1_converted.mp4,34126,34137,,,,
12_cage_p1,2024-09-29 19:12:50.306,,Media file,player #1:C:/Users/brayd/Desktop/Padilla-Coreano Lab/Social Memory/12_cage_p1/12_cage_p1_converted.mp4,0.0,1722.200,2342.333,15.000,social_agent,33.535,anogenital sniffing,Not defined,STATE,2311.200,2311.467,0.267,C:/Users/brayd/Desktop/Padilla-Coreano Lab/Social Memory/12_cage_p1/12_cage_p1_converted.mp4,34668,34672,,,,
12_cage_p1,2024-09-29 19:12:50.306,,Media file,player #1:C:/Users/brayd/Desktop/Padilla-Coreano Lab/Social Memory/12_cage_p1/12_cage_p1_converted.mp4,0.0,1722.200,2342.333,15.000,social_agent,33.535,facial sniffing,Not defined,STATE,2312.733,2313.667,0.934,C:/Users/brayd/Desktop/Padilla-Coreano Lab/Social Memory/12_cage_p1/12_cage_p1_converted.mp4,34691,34705,,,,
12_cage_p1,2024-09-29 19:12:50.306,,Media file,player #1:C:/Users/brayd/Desktop/Padilla-Coreano Lab/Social Memory/12_cage_p1/12_cage_p1_converted.mp4,0.0,1722.200,2342.333,15.000,social_agent,33.535,facial sniffing,Not defined,STATE,2324.267,2324.933,0.666,C:/Users/brayd/Desktop/Padilla-Coreano Lab/Social Memory/12_cage_p1/12_cage_p1_converted.mp4,34864,34874,,,,
