Observation id,Observation date,Description,Observation type,Source,Time offset (s),Coding duration,Media duration (s),FPS (frame/s),Subject,Observation duration by subject by observation,Behavior,Behavioral category,Behavior type,Start (s),Stop (s),Duration (s),Media file name,Image index start,Image index stop,Image file path start,Image file path stop,Comment start,Comment stop
13_cage_p1,2024-09-24 11:18:26.047,,Media file,player #1:C:/Users/brayd/Desktop/Padilla-Coreano Lab/Social Memory/13_cage_p1_converted.mp4,0.0,1740.200,2342.533,15.000,social_agent,117.336,mice back in,Not defined,POINT,602.267,602.267,NA,C:/Users/brayd/Desktop/Padilla-Coreano Lab/Social Memory/13_cage_p1_converted.mp4,9034,9034,,,,
13_cage_p1,2024-09-24 11:18:26.047,,Media file,player #1:C:/Users/brayd/Desktop/Padilla-Coreano Lab/Social Memory/13_cage_p1_converted.mp4,0.0,1740.200,2342.533,15.000,subject,94.473,facial sniffing,Not defined,STATE,605.133,606.067,0.934,C:/Users/brayd/Desktop/Padilla-Coreano Lab/Social Memory/13_cage_p1_converted.mp4,9077,9091,,,,
13_cage_p1,2024-09-24 11:18:26.047,,Media file,player #1:C:/Users/brayd/Desktop/Padilla-Coreano Lab/Social Memory/13_cage_p1_converted.mp4,0.0,1740.200,2342.533,15.000,social_agent,117.336,facial sniffing,Not defined,STATE,609.133,609.533,0.400,C:/Users/brayd/Desktop/Padilla-Coreano Lab/Social Memory/13_cage_p1_converted.mp4,9138,9143,,,,
13_cage_p1,2024-09-24 11:18:26.047,,Media file,player #1:C:/Users/brayd/Desktop/Padilla-Coreano Lab/Social Memory/13_cage_p1_converted.mp4,0.0,1740.200,2342.533,15.000,subject,94.473,facial sniffing,Not defined,STATE,618.267,618.867,0.600,C:/Users/brayd/Desktop/Padilla-Coreano Lab/Social Memory/13_cage_p1_converted.mp4,9274,9283,,,,
13_cage_p1,2024-09-24 11:18:26.047,,Media file,player #1:C:/Users/brayd/Desktop/Padilla-Coreano Lab/Social Memory/13_cage_p1_converted.mp4,0.0,1740.200,2342.533,15.000,subject,94.473,anogenital sniffing,Not defined,STATE,621.533,623.133,1.600,C:/Users/brayd/Desktop/Padilla-Coreano Lab/Social Memory/13_cage_p1_converted.mp4,9323,9347,,,,
13_cage_p1,2024-09-24 11:18:26.047,,Media file,player #1:C:/Users/brayd/Desktop/Padilla-Coreano Lab/Social Memory/13_cage_p1_converted.mp4,0.0,1740.200,2342.533,15.000,subject,94.473,anogenital sniffing,Not defined,STATE,624.000,624.933,0.933,C:/Users/brayd/Desktop/Padilla-Coreano Lab/Social Memory/13_cage_p1_converted.mp4,9360,9374,,,,
13_cage_p1,2024-09-24 11:18:26.047,,Media file,player #1:C:/Users/brayd/Desktop/Padilla-Coreano Lab/Social Memory/13_cage_p1_converted.mp4,0.0,1740.200,2342.533,15.000,subject,94.473,anogenital sniffing,Not defined,STATE,626.933,627.733,0.800,C:/Users/brayd/Desktop/Padilla-Coreano Lab/Social Memory/13_cage_p1_converted.mp4,9404,9416,,,,
13_cage_p1,2024-09-24 11:18:26.047,,Media file,player #1:C:/Users/brayd/Desktop/Padilla-Coreano Lab/Social Memory/13_cage_p1_converted.mp4,0.0,1740.200,2342.533,15.000,subject,94.473,facial sniffing,Not defined,STATE,633.733,634.867,1.134,C:/Users/brayd/Desktop/Padilla-Coreano Lab/Social Memory/13_cage_p1_converted.mp4,9506,9523,,,,
13_cage_p1,2024-09-24 11:18:26.047,,Media file,player #1:C:/Users/brayd/Desktop/Padilla-Coreano Lab/Social Memory/13_cage_p1_converted.mp4,0.0,1740.200,2342.533,15.000,subject,94.473,facial sniffing,Not defined,STATE,636.400,636.867,0.467,C:/Users/brayd/Desktop/Padilla-Coreano Lab/Social Memory/13_cage_p1_converted.mp4,9546,9553,,,,
13_cage_p1,2024-09-24 11:18:26.047,,Media file,player #1:C:/Users/brayd/Desktop/Padilla-Coreano Lab/Social Memory/13_cage_p1_converted.mp4,0.0,1740.200,2342.533,15.000,subject,94.473,anogenital sniffing,Not defined,STATE,637.267,638.933,1.666,C:/Users/brayd/Desktop/Padilla-Coreano Lab/Social Memory/13_cage_p1_converted.mp4,9559,9584,,,,
13_cage_p1,2024-09-24 11:18:26.047,,Media file,player #1:C:/Users/brayd/Desktop/Padilla-Coreano Lab/Social Memory/13_cage_p1_converted.mp4,0.0,1740.200,2342.533,15.000,subject,94.473,facial sniffing,Not defined,STATE,638.933,639.200,0.267,C:/Users/brayd/Desktop/Padilla-Coreano Lab/Social Memory/13_cage_p1_converted.mp4,9584,9588,,,,
13_cage_p1,2024-09-24 11:18:26.047,,Media file,player #1:C:/Users/brayd/Desktop/Padilla-Coreano Lab/Social Memory/13_cage_p1_converted.mp4,0.0,1740.200,2342.533,15.000,subject,94.473,anogenital sniffing,Not defined,STATE,645.400,645.866,0.466,C:/Users/brayd/Desktop/Padilla-Coreano Lab/Social Memory/13_cage_p1_converted.mp4,9681,NA,,,,
13_cage_p1,2024-09-24 11:18:26.047,,Media file,player #1:C:/Users/brayd/Desktop/Padilla-Coreano Lab/Social Memory/13_cage_p1_converted.mp4,0.0,1740.200,2342.533,15.000,subject,94.473,facial sniffing,Not defined,STATE,645.867,646.200,0.333,C:/Users/brayd/Desktop/Padilla-Coreano Lab/Social Memory/13_cage_p1_converted.mp4,9688,9693,,,,
13_cage_p1,2024-09-24 11:18:26.047,,Media file,player #1:C:/Users/brayd/Desktop/Padilla-Coreano Lab/Social Memory/13_cage_p1_converted.mp4,0.0,1740.200,2342.533,15.000,subject,94.473,anogenital sniffing,Not defined,STATE,645.933,646.199,0.266,C:/Users/brayd/Desktop/Padilla-Coreano Lab/Social Memory/13_cage_p1_converted.mp4,9689,NA,,,,
13_cage_p1,2024-09-24 11:18:26.047,,Media file,player #1:C:/Users/brayd/Desktop/Padilla-Coreano Lab/Social Memory/13_cage_p1_converted.mp4,0.0,1740.200,2342.533,15.000,subject,94.473,anogenital sniffing,Not defined,STATE,662.333,662.600,0.267,C:/Users/brayd/Desktop/Padilla-Coreano Lab/Social Memory/13_cage_p1_converted.mp4,9935,9939,,,,
13_cage_p1,2024-09-24 11:18:26.047,,Media file,player #1:C:/Users/brayd/Desktop/Padilla-Coreano Lab/Social Memory/13_cage_p1_converted.mp4,0.0,1740.200,2342.533,15.000,social_agent,117.336,facial sniffing,Not defined,STATE,670.067,671.133,1.066,C:/Users/brayd/Desktop/Padilla-Coreano Lab/Social Memory/13_cage_p1_converted.mp4,10051,10067,,,,
13_cage_p1,2024-09-24 11:18:26.047,,Media file,player #1:C:/Users/brayd/Desktop/Padilla-Coreano Lab/Social Memory/13_cage_p1_converted.mp4,0.0,1740.200,2342.533,15.000,social_agent,117.336,facial sniffing,Not defined,STATE,674.200,674.533,0.333,C:/Users/brayd/Desktop/Padilla-Coreano Lab/Social Memory/13_cage_p1_converted.mp4,10113,10118,,,,
13_cage_p1,2024-09-24 11:18:26.047,,Media file,player #1:C:/Users/brayd/Desktop/Padilla-Coreano Lab/Social Memory/13_cage_p1_converted.mp4,0.0,1740.200,2342.533,15.000,subject,94.473,anogenital sniffing,Not defined,STATE,677.533,678.200,0.667,C:/Users/brayd/Desktop/Padilla-Coreano Lab/Social Memory/13_cage_p1_converted.mp4,10163,10173,,,,
13_cage_p1,2024-09-24 11:18:26.047,,Media file,player #1:C:/Users/brayd/Desktop/Padilla-Coreano Lab/Social Memory/13_cage_p1_converted.mp4,0.0,1740.200,2342.533,15.000,subject,94.473,anogenital sniffing,Not defined,STATE,682.933,683.267,0.334,C:/Users/brayd/Desktop/Padilla-Coreano Lab/Social Memory/13_cage_p1_converted.mp4,10244,10249,,,,
13_cage_p1,2024-09-24 11:18:26.047,,Media file,player #1:C:/Users/brayd/Desktop/Padilla-Coreano Lab/Social Memory/13_cage_p1_converted.mp4,0.0,1740.200,2342.533,15.000,subject,94.473,anogenital sniffing,Not defined,STATE,691.667,692.200,0.533,C:/Users/brayd/Desktop/Padilla-Coreano Lab/Social Memory/13_cage_p1_converted.mp4,10375,10383,,,,
13_cage_p1,2024-09-24 11:18:26.047,,Media file,player #1:C:/Users/brayd/Desktop/Padilla-Coreano Lab/Social Memory/13_cage_p1_converted.mp4,0.0,1740.200,2342.533,15.000,subject,94.473,anogenital sniffing,Not defined,STATE,695.467,696.867,1.400,C:/Users/brayd/Desktop/Padilla-Coreano Lab/Social Memory/13_cage_p1_converted.mp4,10432,10453,,,,
13_cage_p1,2024-09-24 11:18:26.047,,Media file,player #1:C:/Users/brayd/Desktop/Padilla-Coreano Lab/Social Memory/13_cage_p1_converted.mp4,0.0,1740.200,2342.533,15.000,subject,94.473,anogenital sniffing,Not defined,STATE,698.600,699.667,1.067,C:/Users/brayd/Desktop/Padilla-Coreano Lab/Social Memory/13_cage_p1_converted.mp4,10479,10495,,,,
13_cage_p1,2024-09-24 11:18:26.047,,Media file,player #1:C:/Users/brayd/Desktop/Padilla-Coreano Lab/Social Memory/13_cage_p1_converted.mp4,0.0,1740.200,2342.533,15.000,social_agent,117.336,anogenital sniffing,Not defined,STATE,699.667,700.933,1.266,C:/Users/brayd/Desktop/Padilla-Coreano Lab/Social Memory/13_cage_p1_converted.mp4,10495,10514,,,,
13_cage_p1,2024-09-24 11:18:26.047,,Media file,player #1:C:/Users/brayd/Desktop/Padilla-Coreano Lab/Social Memory/13_cage_p1_converted.mp4,0.0,1740.200,2342.533,15.000,social_agent,117.336,anogenital sniffing,Not defined,STATE,712.667,713.067,0.400,C:/Users/brayd/Desktop/Padilla-Coreano Lab/Social Memory/13_cage_p1_converted.mp4,10690,10696,,,,
13_cage_p1,2024-09-24 11:18:26.047,,Media file,player #1:C:/Users/brayd/Desktop/Padilla-Coreano Lab/Social Memory/13_cage_p1_converted.mp4,0.0,1740.200,2342.533,15.000,social_agent,117.336,anogenital sniffing,Not defined,STATE,713.867,714.800,0.933,C:/Users/brayd/Desktop/Padilla-Coreano Lab/Social Memory/13_cage_p1_converted.mp4,10708,10722,,,,
13_cage_p1,2024-09-24 11:18:26.047,,Media file,player #1:C:/Users/brayd/Desktop/Padilla-Coreano Lab/Social Memory/13_cage_p1_converted.mp4,0.0,1740.200,2342.533,15.000,subject,94.473,anogenital sniffing,Not defined,STATE,717.733,718.467,0.734,C:/Users/brayd/Desktop/Padilla-Coreano Lab/Social Memory/13_cage_p1_converted.mp4,10766,10777,,,,
13_cage_p1,2024-09-24 11:18:26.047,,Media file,player #1:C:/Users/brayd/Desktop/Padilla-Coreano Lab/Social Memory/13_cage_p1_converted.mp4,0.0,1740.200,2342.533,15.000,social_agent,117.336,facial sniffing,Not defined,STATE,748.400,748.933,0.533,C:/Users/brayd/Desktop/Padilla-Coreano Lab/Social Memory/13_cage_p1_converted.mp4,11226,11234,,,,
13_cage_p1,2024-09-24 11:18:26.047,,Media file,player #1:C:/Users/brayd/Desktop/Padilla-Coreano Lab/Social Memory/13_cage_p1_converted.mp4,0.0,1740.200,2342.533,15.000,subject,94.473,facial sniffing,Not defined,STATE,750.200,751.400,1.200,C:/Users/brayd/Desktop/Padilla-Coreano Lab/Social Memory/13_cage_p1_converted.mp4,11253,11271,,,,
13_cage_p1,2024-09-24 11:18:26.047,,Media file,player #1:C:/Users/brayd/Desktop/Padilla-Coreano Lab/Social Memory/13_cage_p1_converted.mp4,0.0,1740.200,2342.533,15.000,social_agent,117.336,anogenital sniffing,Not defined,STATE,751.533,752.133,0.600,C:/Users/brayd/Desktop/Padilla-Coreano Lab/Social Memory/13_cage_p1_converted.mp4,11273,11282,,,,
13_cage_p1,2024-09-24 11:18:26.047,,Media file,player #1:C:/Users/brayd/Desktop/Padilla-Coreano Lab/Social Memory/13_cage_p1_converted.mp4,0.0,1740.200,2342.533,15.000,social_agent,117.336,facial sniffing,Not defined,STATE,766.800,769.133,2.333,C:/Users/brayd/Desktop/Padilla-Coreano Lab/Social Memory/13_cage_p1_converted.mp4,11502,11538,,,,
13_cage_p1,2024-09-24 11:18:26.047,,Media file,player #1:C:/Users/brayd/Desktop/Padilla-Coreano Lab/Social Memory/13_cage_p1_converted.mp4,0.0,1740.200,2342.533,15.000,social_agent,117.336,facial sniffing,Not defined,STATE,773.533,774.733,1.200,C:/Users/brayd/Desktop/Padilla-Coreano Lab/Social Memory/13_cage_p1_converted.mp4,11603,11621,,,,
13_cage_p1,2024-09-24 11:18:26.047,,Media file,player #1:C:/Users/brayd/Desktop/Padilla-Coreano Lab/Social Memory/13_cage_p1_converted.mp4,0.0,1740.200,2342.533,15.000,subject,94.473,facial sniffing,Not defined,STATE,786.200,786.467,0.267,C:/Users/brayd/Desktop/Padilla-Coreano Lab/Social Memory/13_cage_p1_converted.mp4,11793,11797,,,,
13_cage_p1,2024-09-24 11:18:26.047,,Media file,player #1:C:/Users/brayd/Desktop/Padilla-Coreano Lab/Social Memory/13_cage_p1_converted.mp4,0.0,1740.200,2342.533,15.000,social_agent,117.336,facial sniffing,Not defined,STATE,786.467,788.267,1.800,C:/Users/brayd/Desktop/Padilla-Coreano Lab/Social Memory/13_cage_p1_converted.mp4,11797,11824,,,,
13_cage_p1,2024-09-24 11:18:26.047,,Media file,player #1:C:/Users/brayd/Desktop/Padilla-Coreano Lab/Social Memory/13_cage_p1_converted.mp4,0.0,1740.200,2342.533,15.000,social_agent,117.336,anogenital sniffing,Not defined,STATE,802.267,802.667,0.400,C:/Users/brayd/Desktop/Padilla-Coreano Lab/Social Memory/13_cage_p1_converted.mp4,12034,12040,,,,
13_cage_p1,2024-09-24 11:18:26.047,,Media file,player #1:C:/Users/brayd/Desktop/Padilla-Coreano Lab/Social Memory/13_cage_p1_converted.mp4,0.0,1740.200,2342.533,15.000,social_agent,117.336,facial sniffing,Not defined,STATE,828.333,828.867,0.534,C:/Users/brayd/Desktop/Padilla-Coreano Lab/Social Memory/13_cage_p1_converted.mp4,12425,12433,,,,
13_cage_p1,2024-09-24 11:18:26.047,,Media file,player #1:C:/Users/brayd/Desktop/Padilla-Coreano Lab/Social Memory/13_cage_p1_converted.mp4,0.0,1740.200,2342.533,15.000,social_agent,117.336,facial sniffing,Not defined,STATE,829.667,829.800,0.133,C:/Users/brayd/Desktop/Padilla-Coreano Lab/Social Memory/13_cage_p1_converted.mp4,12445,12447,,,,
13_cage_p1,2024-09-24 11:18:26.047,,Media file,player #1:C:/Users/brayd/Desktop/Padilla-Coreano Lab/Social Memory/13_cage_p1_converted.mp4,0.0,1740.200,2342.533,15.000,social_agent,117.336,anogenital sniffing,Not defined,STATE,835.933,837.467,1.534,C:/Users/brayd/Desktop/Padilla-Coreano Lab/Social Memory/13_cage_p1_converted.mp4,12539,12562,,,,
13_cage_p1,2024-09-24 11:18:26.047,,Media file,player #1:C:/Users/brayd/Desktop/Padilla-Coreano Lab/Social Memory/13_cage_p1_converted.mp4,0.0,1740.200,2342.533,15.000,social_agent,117.336,facial sniffing,Not defined,STATE,844.600,845.667,1.067,C:/Users/brayd/Desktop/Padilla-Coreano Lab/Social Memory/13_cage_p1_converted.mp4,12669,12685,,,,
13_cage_p1,2024-09-24 11:18:26.047,,Media file,player #1:C:/Users/brayd/Desktop/Padilla-Coreano Lab/Social Memory/13_cage_p1_converted.mp4,0.0,1740.200,2342.533,15.000,social_agent,117.336,anogenital sniffing,Not defined,STATE,846.333,846.867,0.534,C:/Users/brayd/Desktop/Padilla-Coreano Lab/Social Memory/13_cage_p1_converted.mp4,12695,12703,,,,
13_cage_p1,2024-09-24 11:18:26.047,,Media file,player #1:C:/Users/brayd/Desktop/Padilla-Coreano Lab/Social Memory/13_cage_p1_converted.mp4,0.0,1740.200,2342.533,15.000,social_agent,117.336,anogenital sniffing,Not defined,STATE,847.267,848.867,1.600,C:/Users/brayd/Desktop/Padilla-Coreano Lab/Social Memory/13_cage_p1_converted.mp4,12709,12733,,,,
13_cage_p1,2024-09-24 11:18:26.047,,Media file,player #1:C:/Users/brayd/Desktop/Padilla-Coreano Lab/Social Memory/13_cage_p1_converted.mp4,0.0,1740.200,2342.533,15.000,subject,94.473,facial sniffing,Not defined,STATE,849.067,850.267,1.200,C:/Users/brayd/Desktop/Padilla-Coreano Lab/Social Memory/13_cage_p1_converted.mp4,12736,12754,,,,
13_cage_p1,2024-09-24 11:18:26.047,,Media file,player #1:C:/Users/brayd/Desktop/Padilla-Coreano Lab/Social Memory/13_cage_p1_converted.mp4,0.0,1740.200,2342.533,15.000,social_agent,117.336,facial sniffing,Not defined,STATE,857.133,857.600,0.467,C:/Users/brayd/Desktop/Padilla-Coreano Lab/Social Memory/13_cage_p1_converted.mp4,12857,12864,,,,
13_cage_p1,2024-09-24 11:18:26.047,,Media file,player #1:C:/Users/brayd/Desktop/Padilla-Coreano Lab/Social Memory/13_cage_p1_converted.mp4,0.0,1740.200,2342.533,15.000,social_agent,117.336,facial sniffing,Not defined,STATE,863.200,863.533,0.333,C:/Users/brayd/Desktop/Padilla-Coreano Lab/Social Memory/13_cage_p1_converted.mp4,12948,12953,,,,
13_cage_p1,2024-09-24 11:18:26.047,,Media file,player #1:C:/Users/brayd/Desktop/Padilla-Coreano Lab/Social Memory/13_cage_p1_converted.mp4,0.0,1740.200,2342.533,15.000,social_agent,117.336,anogenital sniffing,Not defined,STATE,864.133,864.467,0.334,C:/Users/brayd/Desktop/Padilla-Coreano Lab/Social Memory/13_cage_p1_converted.mp4,12962,12967,,,,
13_cage_p1,2024-09-24 11:18:26.047,,Media file,player #1:C:/Users/brayd/Desktop/Padilla-Coreano Lab/Social Memory/13_cage_p1_converted.mp4,0.0,1740.200,2342.533,15.000,subject,94.473,facial sniffing,Not defined,STATE,873.133,873.867,0.734,C:/Users/brayd/Desktop/Padilla-Coreano Lab/Social Memory/13_cage_p1_converted.mp4,13097,13108,,,,
13_cage_p1,2024-09-24 11:18:26.047,,Media file,player #1:C:/Users/brayd/Desktop/Padilla-Coreano Lab/Social Memory/13_cage_p1_converted.mp4,0.0,1740.200,2342.533,15.000,social_agent,117.336,mice taken out,Not defined,POINT,900.400,900.400,NA,C:/Users/brayd/Desktop/Padilla-Coreano Lab/Social Memory/13_cage_p1_converted.mp4,13506,13506,,,,
13_cage_p1,2024-09-24 11:18:26.047,,Media file,player #1:C:/Users/brayd/Desktop/Padilla-Coreano Lab/Social Memory/13_cage_p1_converted.mp4,0.0,1740.200,2342.533,15.000,social_agent,117.336,mice back in,Not defined,POINT,962.867,962.867,NA,C:/Users/brayd/Desktop/Padilla-Coreano Lab/Social Memory/13_cage_p1_converted.mp4,14443,14443,,,,
13_cage_p1,2024-09-24 11:18:26.047,,Media file,player #1:C:/Users/brayd/Desktop/Padilla-Coreano Lab/Social Memory/13_cage_p1_converted.mp4,0.0,1740.200,2342.533,15.000,social_agent,117.336,facial sniffing,Not defined,STATE,968.067,970.267,2.200,C:/Users/brayd/Desktop/Padilla-Coreano Lab/Social Memory/13_cage_p1_converted.mp4,14521,14555,,,,
13_cage_p1,2024-09-24 11:18:26.047,,Media file,player #1:C:/Users/brayd/Desktop/Padilla-Coreano Lab/Social Memory/13_cage_p1_converted.mp4,0.0,1740.200,2342.533,15.000,social_agent,117.336,facial sniffing,Not defined,STATE,977.600,978.733,1.133,C:/Users/brayd/Desktop/Padilla-Coreano Lab/Social Memory/13_cage_p1_converted.mp4,14664,14681,,,,
13_cage_p1,2024-09-24 11:18:26.047,,Media file,player #1:C:/Users/brayd/Desktop/Padilla-Coreano Lab/Social Memory/13_cage_p1_converted.mp4,0.0,1740.200,2342.533,15.000,subject,94.473,facial sniffing,Not defined,STATE,980.867,982.267,1.400,C:/Users/brayd/Desktop/Padilla-Coreano Lab/Social Memory/13_cage_p1_converted.mp4,14713,14734,,,,
13_cage_p1,2024-09-24 11:18:26.047,,Media file,player #1:C:/Users/brayd/Desktop/Padilla-Coreano Lab/Social Memory/13_cage_p1_converted.mp4,0.0,1740.200,2342.533,15.000,social_agent,117.336,facial sniffing,Not defined,STATE,985.667,987.067,1.400,C:/Users/brayd/Desktop/Padilla-Coreano Lab/Social Memory/13_cage_p1_converted.mp4,14785,14806,,,,
13_cage_p1,2024-09-24 11:18:26.047,,Media file,player #1:C:/Users/brayd/Desktop/Padilla-Coreano Lab/Social Memory/13_cage_p1_converted.mp4,0.0,1740.200,2342.533,15.000,social_agent,117.336,anogenital sniffing,Not defined,STATE,990.600,991.000,0.400,C:/Users/brayd/Desktop/Padilla-Coreano Lab/Social Memory/13_cage_p1_converted.mp4,14859,14865,,,,
13_cage_p1,2024-09-24 11:18:26.047,,Media file,player #1:C:/Users/brayd/Desktop/Padilla-Coreano Lab/Social Memory/13_cage_p1_converted.mp4,0.0,1740.200,2342.533,15.000,social_agent,117.336,facial sniffing,Not defined,STATE,996.133,997.133,1.000,C:/Users/brayd/Desktop/Padilla-Coreano Lab/Social Memory/13_cage_p1_converted.mp4,14942,14957,,,,
13_cage_p1,2024-09-24 11:18:26.047,,Media file,player #1:C:/Users/brayd/Desktop/Padilla-Coreano Lab/Social Memory/13_cage_p1_converted.mp4,0.0,1740.200,2342.533,15.000,social_agent,117.336,facial sniffing,Not defined,STATE,1000.867,1001.667,0.800,C:/Users/brayd/Desktop/Padilla-Coreano Lab/Social Memory/13_cage_p1_converted.mp4,15013,15026,,,,
13_cage_p1,2024-09-24 11:18:26.047,,Media file,player #1:C:/Users/brayd/Desktop/Padilla-Coreano Lab/Social Memory/13_cage_p1_converted.mp4,0.0,1740.200,2342.533,15.000,social_agent,117.336,anogenital sniffing,Not defined,STATE,1002.600,1003.400,0.800,C:/Users/brayd/Desktop/Padilla-Coreano Lab/Social Memory/13_cage_p1_converted.mp4,15039,15051,,,,
13_cage_p1,2024-09-24 11:18:26.047,,Media file,player #1:C:/Users/brayd/Desktop/Padilla-Coreano Lab/Social Memory/13_cage_p1_converted.mp4,0.0,1740.200,2342.533,15.000,subject,94.473,anogenital sniffing,Not defined,STATE,1004.000,1006.067,2.067,C:/Users/brayd/Desktop/Padilla-Coreano Lab/Social Memory/13_cage_p1_converted.mp4,15060,15091,,,,
13_cage_p1,2024-09-24 11:18:26.047,,Media file,player #1:C:/Users/brayd/Desktop/Padilla-Coreano Lab/Social Memory/13_cage_p1_converted.mp4,0.0,1740.200,2342.533,15.000,subject,94.473,facial sniffing,Not defined,STATE,1016.133,1018.867,2.734,C:/Users/brayd/Desktop/Padilla-Coreano Lab/Social Memory/13_cage_p1_converted.mp4,15242,15283,,,,
13_cage_p1,2024-09-24 11:18:26.047,,Media file,player #1:C:/Users/brayd/Desktop/Padilla-Coreano Lab/Social Memory/13_cage_p1_converted.mp4,0.0,1740.200,2342.533,15.000,social_agent,117.336,anogenital sniffing,Not defined,STATE,1067.067,1067.600,0.533,C:/Users/brayd/Desktop/Padilla-Coreano Lab/Social Memory/13_cage_p1_converted.mp4,16006,16014,,,,
13_cage_p1,2024-09-24 11:18:26.047,,Media file,player #1:C:/Users/brayd/Desktop/Padilla-Coreano Lab/Social Memory/13_cage_p1_converted.mp4,0.0,1740.200,2342.533,15.000,social_agent,117.336,facial sniffing,Not defined,STATE,1068.200,1068.867,0.667,C:/Users/brayd/Desktop/Padilla-Coreano Lab/Social Memory/13_cage_p1_converted.mp4,16023,16033,,,,
13_cage_p1,2024-09-24 11:18:26.047,,Media file,player #1:C:/Users/brayd/Desktop/Padilla-Coreano Lab/Social Memory/13_cage_p1_converted.mp4,0.0,1740.200,2342.533,15.000,social_agent,117.336,anogenital sniffing,Not defined,STATE,1072.933,1073.267,0.334,C:/Users/brayd/Desktop/Padilla-Coreano Lab/Social Memory/13_cage_p1_converted.mp4,16094,16099,,,,
13_cage_p1,2024-09-24 11:18:26.047,,Media file,player #1:C:/Users/brayd/Desktop/Padilla-Coreano Lab/Social Memory/13_cage_p1_converted.mp4,0.0,1740.200,2342.533,15.000,social_agent,117.336,facial sniffing,Not defined,STATE,1074.667,1075.333,0.666,C:/Users/brayd/Desktop/Padilla-Coreano Lab/Social Memory/13_cage_p1_converted.mp4,16120,16130,,,,
13_cage_p1,2024-09-24 11:18:26.047,,Media file,player #1:C:/Users/brayd/Desktop/Padilla-Coreano Lab/Social Memory/13_cage_p1_converted.mp4,0.0,1740.200,2342.533,15.000,social_agent,117.336,facial sniffing,Not defined,STATE,1129.467,1130.000,0.533,C:/Users/brayd/Desktop/Padilla-Coreano Lab/Social Memory/13_cage_p1_converted.mp4,16942,16950,,,,
13_cage_p1,2024-09-24 11:18:26.047,,Media file,player #1:C:/Users/brayd/Desktop/Padilla-Coreano Lab/Social Memory/13_cage_p1_converted.mp4,0.0,1740.200,2342.533,15.000,social_agent,117.336,facial sniffing,Not defined,STATE,1142.467,1143.200,0.733,C:/Users/brayd/Desktop/Padilla-Coreano Lab/Social Memory/13_cage_p1_converted.mp4,17137,17148,,,,
13_cage_p1,2024-09-24 11:18:26.047,,Media file,player #1:C:/Users/brayd/Desktop/Padilla-Coreano Lab/Social Memory/13_cage_p1_converted.mp4,0.0,1740.200,2342.533,15.000,subject,94.473,facial sniffing,Not defined,STATE,1185.200,1185.800,0.600,C:/Users/brayd/Desktop/Padilla-Coreano Lab/Social Memory/13_cage_p1_converted.mp4,17778,17787,,,,
13_cage_p1,2024-09-24 11:18:26.047,,Media file,player #1:C:/Users/brayd/Desktop/Padilla-Coreano Lab/Social Memory/13_cage_p1_converted.mp4,0.0,1740.200,2342.533,15.000,subject,94.473,facial sniffing,Not defined,STATE,1203.200,1203.533,0.333,C:/Users/brayd/Desktop/Padilla-Coreano Lab/Social Memory/13_cage_p1_converted.mp4,18048,18053,,,,
13_cage_p1,2024-09-24 11:18:26.047,,Media file,player #1:C:/Users/brayd/Desktop/Padilla-Coreano Lab/Social Memory/13_cage_p1_converted.mp4,0.0,1740.200,2342.533,15.000,subject,94.473,anogenital sniffing,Not defined,STATE,1212.600,1213.267,0.667,C:/Users/brayd/Desktop/Padilla-Coreano Lab/Social Memory/13_cage_p1_converted.mp4,18189,18199,,,,
13_cage_p1,2024-09-24 11:18:26.047,,Media file,player #1:C:/Users/brayd/Desktop/Padilla-Coreano Lab/Social Memory/13_cage_p1_converted.mp4,0.0,1740.200,2342.533,15.000,social_agent,117.336,facial sniffing,Not defined,STATE,1223.933,1224.867,0.934,C:/Users/brayd/Desktop/Padilla-Coreano Lab/Social Memory/13_cage_p1_converted.mp4,18359,18373,,,,
13_cage_p1,2024-09-24 11:18:26.047,,Media file,player #1:C:/Users/brayd/Desktop/Padilla-Coreano Lab/Social Memory/13_cage_p1_converted.mp4,0.0,1740.200,2342.533,15.000,subject,94.473,anogenital sniffing,Not defined,STATE,1225.133,1225.533,0.400,C:/Users/brayd/Desktop/Padilla-Coreano Lab/Social Memory/13_cage_p1_converted.mp4,18377,18383,,,,
13_cage_p1,2024-09-24 11:18:26.047,,Media file,player #1:C:/Users/brayd/Desktop/Padilla-Coreano Lab/Social Memory/13_cage_p1_converted.mp4,0.0,1740.200,2342.533,15.000,social_agent,117.336,facial sniffing,Not defined,STATE,1228.733,1230.333,1.600,C:/Users/brayd/Desktop/Padilla-Coreano Lab/Social Memory/13_cage_p1_converted.mp4,18431,18455,,,,
13_cage_p1,2024-09-24 11:18:26.047,,Media file,player #1:C:/Users/brayd/Desktop/Padilla-Coreano Lab/Social Memory/13_cage_p1_converted.mp4,0.0,1740.200,2342.533,15.000,social_agent,117.336,mice taken out,Not defined,POINT,1259.733,1259.733,NA,C:/Users/brayd/Desktop/Padilla-Coreano Lab/Social Memory/13_cage_p1_converted.mp4,18896,18896,,,,
13_cage_p1,2024-09-24 11:18:26.047,,Media file,player #1:C:/Users/brayd/Desktop/Padilla-Coreano Lab/Social Memory/13_cage_p1_converted.mp4,0.0,1740.200,2342.533,15.000,social_agent,117.336,mice back in,Not defined,POINT,1322.333,1322.333,NA,C:/Users/brayd/Desktop/Padilla-Coreano Lab/Social Memory/13_cage_p1_converted.mp4,19835,19835,,,,
13_cage_p1,2024-09-24 11:18:26.047,,Media file,player #1:C:/Users/brayd/Desktop/Padilla-Coreano Lab/Social Memory/13_cage_p1_converted.mp4,0.0,1740.200,2342.533,15.000,social_agent,117.336,anogenital sniffing,Not defined,STATE,1330.733,1331.067,0.334,C:/Users/brayd/Desktop/Padilla-Coreano Lab/Social Memory/13_cage_p1_converted.mp4,19961,19966,,,,
13_cage_p1,2024-09-24 11:18:26.047,,Media file,player #1:C:/Users/brayd/Desktop/Padilla-Coreano Lab/Social Memory/13_cage_p1_converted.mp4,0.0,1740.200,2342.533,15.000,social_agent,117.336,facial sniffing,Not defined,STATE,1334.800,1336.267,1.467,C:/Users/brayd/Desktop/Padilla-Coreano Lab/Social Memory/13_cage_p1_converted.mp4,20022,20044,,,,
13_cage_p1,2024-09-24 11:18:26.047,,Media file,player #1:C:/Users/brayd/Desktop/Padilla-Coreano Lab/Social Memory/13_cage_p1_converted.mp4,0.0,1740.200,2342.533,15.000,social_agent,117.336,facial sniffing,Not defined,STATE,1337.067,1338.067,1.000,C:/Users/brayd/Desktop/Padilla-Coreano Lab/Social Memory/13_cage_p1_converted.mp4,20056,20071,,,,
13_cage_p1,2024-09-24 11:18:26.047,,Media file,player #1:C:/Users/brayd/Desktop/Padilla-Coreano Lab/Social Memory/13_cage_p1_converted.mp4,0.0,1740.200,2342.533,15.000,social_agent,117.336,facial sniffing,Not defined,STATE,1339.733,1340.267,0.534,C:/Users/brayd/Desktop/Padilla-Coreano Lab/Social Memory/13_cage_p1_converted.mp4,20096,20104,,,,
13_cage_p1,2024-09-24 11:18:26.047,,Media file,player #1:C:/Users/brayd/Desktop/Padilla-Coreano Lab/Social Memory/13_cage_p1_converted.mp4,0.0,1740.200,2342.533,15.000,social_agent,117.336,facial sniffing,Not defined,STATE,1341.600,1343.000,1.400,C:/Users/brayd/Desktop/Padilla-Coreano Lab/Social Memory/13_cage_p1_converted.mp4,20124,20145,,,,
13_cage_p1,2024-09-24 11:18:26.047,,Media file,player #1:C:/Users/brayd/Desktop/Padilla-Coreano Lab/Social Memory/13_cage_p1_converted.mp4,0.0,1740.200,2342.533,15.000,social_agent,117.336,anogenital sniffing,Not defined,STATE,1376.267,1377.400,1.133,C:/Users/brayd/Desktop/Padilla-Coreano Lab/Social Memory/13_cage_p1_converted.mp4,20644,20661,,,,
13_cage_p1,2024-09-24 11:18:26.047,,Media file,player #1:C:/Users/brayd/Desktop/Padilla-Coreano Lab/Social Memory/13_cage_p1_converted.mp4,0.0,1740.200,2342.533,15.000,subject,94.473,facial sniffing,Not defined,STATE,1384.333,1384.933,0.600,C:/Users/brayd/Desktop/Padilla-Coreano Lab/Social Memory/13_cage_p1_converted.mp4,20765,20774,,,,
13_cage_p1,2024-09-24 11:18:26.047,,Media file,player #1:C:/Users/brayd/Desktop/Padilla-Coreano Lab/Social Memory/13_cage_p1_converted.mp4,0.0,1740.200,2342.533,15.000,social_agent,117.336,anogenital sniffing,Not defined,STATE,1390.333,1390.733,0.400,C:/Users/brayd/Desktop/Padilla-Coreano Lab/Social Memory/13_cage_p1_converted.mp4,20855,20861,,,,
13_cage_p1,2024-09-24 11:18:26.047,,Media file,player #1:C:/Users/brayd/Desktop/Padilla-Coreano Lab/Social Memory/13_cage_p1_converted.mp4,0.0,1740.200,2342.533,15.000,social_agent,117.336,anogenital sniffing,Not defined,STATE,1391.000,1391.333,0.333,C:/Users/brayd/Desktop/Padilla-Coreano Lab/Social Memory/13_cage_p1_converted.mp4,20865,20870,,,,
13_cage_p1,2024-09-24 11:18:26.047,,Media file,player #1:C:/Users/brayd/Desktop/Padilla-Coreano Lab/Social Memory/13_cage_p1_converted.mp4,0.0,1740.200,2342.533,15.000,subject,94.473,anogenital sniffing,Not defined,STATE,1391.867,1393.067,1.200,C:/Users/brayd/Desktop/Padilla-Coreano Lab/Social Memory/13_cage_p1_converted.mp4,20878,20896,,,,
13_cage_p1,2024-09-24 11:18:26.047,,Media file,player #1:C:/Users/brayd/Desktop/Padilla-Coreano Lab/Social Memory/13_cage_p1_converted.mp4,0.0,1740.200,2342.533,15.000,subject,94.473,anogenital sniffing,Not defined,STATE,1393.533,1394.000,0.467,C:/Users/brayd/Desktop/Padilla-Coreano Lab/Social Memory/13_cage_p1_converted.mp4,20903,20910,,,,
13_cage_p1,2024-09-24 11:18:26.047,,Media file,player #1:C:/Users/brayd/Desktop/Padilla-Coreano Lab/Social Memory/13_cage_p1_converted.mp4,0.0,1740.200,2342.533,15.000,social_agent,117.336,facial sniffing,Not defined,STATE,1431.933,1433.200,1.267,C:/Users/brayd/Desktop/Padilla-Coreano Lab/Social Memory/13_cage_p1_converted.mp4,21479,21498,,,,
13_cage_p1,2024-09-24 11:18:26.047,,Media file,player #1:C:/Users/brayd/Desktop/Padilla-Coreano Lab/Social Memory/13_cage_p1_converted.mp4,0.0,1740.200,2342.533,15.000,social_agent,117.336,facial sniffing,Not defined,STATE,1434.867,1435.667,0.800,C:/Users/brayd/Desktop/Padilla-Coreano Lab/Social Memory/13_cage_p1_converted.mp4,21523,21535,,,,
13_cage_p1,2024-09-24 11:18:26.047,,Media file,player #1:C:/Users/brayd/Desktop/Padilla-Coreano Lab/Social Memory/13_cage_p1_converted.mp4,0.0,1740.200,2342.533,15.000,social_agent,117.336,anogenital sniffing,Not defined,STATE,1436.800,1441.533,4.733,C:/Users/brayd/Desktop/Padilla-Coreano Lab/Social Memory/13_cage_p1_converted.mp4,21552,21623,,,,
13_cage_p1,2024-09-24 11:18:26.047,,Media file,player #1:C:/Users/brayd/Desktop/Padilla-Coreano Lab/Social Memory/13_cage_p1_converted.mp4,0.0,1740.200,2342.533,15.000,social_agent,117.336,facial sniffing,Not defined,STATE,1447.933,1449.933,2.000,C:/Users/brayd/Desktop/Padilla-Coreano Lab/Social Memory/13_cage_p1_converted.mp4,21719,21749,,,,
13_cage_p1,2024-09-24 11:18:26.047,,Media file,player #1:C:/Users/brayd/Desktop/Padilla-Coreano Lab/Social Memory/13_cage_p1_converted.mp4,0.0,1740.200,2342.533,15.000,social_agent,117.336,facial sniffing,Not defined,STATE,1455.400,1455.600,0.200,C:/Users/brayd/Desktop/Padilla-Coreano Lab/Social Memory/13_cage_p1_converted.mp4,21831,21834,,,,
13_cage_p1,2024-09-24 11:18:26.047,,Media file,player #1:C:/Users/brayd/Desktop/Padilla-Coreano Lab/Social Memory/13_cage_p1_converted.mp4,0.0,1740.200,2342.533,15.000,social_agent,117.336,facial sniffing,Not defined,STATE,1456.133,1456.533,0.400,C:/Users/brayd/Desktop/Padilla-Coreano Lab/Social Memory/13_cage_p1_converted.mp4,21842,21848,,,,
13_cage_p1,2024-09-24 11:18:26.047,,Media file,player #1:C:/Users/brayd/Desktop/Padilla-Coreano Lab/Social Memory/13_cage_p1_converted.mp4,0.0,1740.200,2342.533,15.000,social_agent,117.336,anogenital sniffing,Not defined,STATE,1457.000,1460.267,3.267,C:/Users/brayd/Desktop/Padilla-Coreano Lab/Social Memory/13_cage_p1_converted.mp4,21855,21904,,,,
13_cage_p1,2024-09-24 11:18:26.047,,Media file,player #1:C:/Users/brayd/Desktop/Padilla-Coreano Lab/Social Memory/13_cage_p1_converted.mp4,0.0,1740.200,2342.533,15.000,subject,94.473,facial sniffing,Not defined,STATE,1468.267,1468.933,0.666,C:/Users/brayd/Desktop/Padilla-Coreano Lab/Social Memory/13_cage_p1_converted.mp4,22024,22034,,,,
13_cage_p1,2024-09-24 11:18:26.047,,Media file,player #1:C:/Users/brayd/Desktop/Padilla-Coreano Lab/Social Memory/13_cage_p1_converted.mp4,0.0,1740.200,2342.533,15.000,social_agent,117.336,facial sniffing,Not defined,STATE,1474.667,1475.800,1.133,C:/Users/brayd/Desktop/Padilla-Coreano Lab/Social Memory/13_cage_p1_converted.mp4,22120,22137,,,,
13_cage_p1,2024-09-24 11:18:26.047,,Media file,player #1:C:/Users/brayd/Desktop/Padilla-Coreano Lab/Social Memory/13_cage_p1_converted.mp4,0.0,1740.200,2342.533,15.000,social_agent,117.336,facial sniffing,Not defined,STATE,1479.067,1479.600,0.533,C:/Users/brayd/Desktop/Padilla-Coreano Lab/Social Memory/13_cage_p1_converted.mp4,22186,22194,,,,
13_cage_p1,2024-09-24 11:18:26.047,,Media file,player #1:C:/Users/brayd/Desktop/Padilla-Coreano Lab/Social Memory/13_cage_p1_converted.mp4,0.0,1740.200,2342.533,15.000,social_agent,117.336,facial sniffing,Not defined,STATE,1485.000,1485.333,0.333,C:/Users/brayd/Desktop/Padilla-Coreano Lab/Social Memory/13_cage_p1_converted.mp4,22275,22280,,,,
13_cage_p1,2024-09-24 11:18:26.047,,Media file,player #1:C:/Users/brayd/Desktop/Padilla-Coreano Lab/Social Memory/13_cage_p1_converted.mp4,0.0,1740.200,2342.533,15.000,subject,94.473,facial sniffing,Not defined,STATE,1492.933,1494.133,1.200,C:/Users/brayd/Desktop/Padilla-Coreano Lab/Social Memory/13_cage_p1_converted.mp4,22394,22412,,,,
13_cage_p1,2024-09-24 11:18:26.047,,Media file,player #1:C:/Users/brayd/Desktop/Padilla-Coreano Lab/Social Memory/13_cage_p1_converted.mp4,0.0,1740.200,2342.533,15.000,social_agent,117.336,facial sniffing,Not defined,STATE,1527.000,1527.133,0.133,C:/Users/brayd/Desktop/Padilla-Coreano Lab/Social Memory/13_cage_p1_converted.mp4,22905,22907,,,,
13_cage_p1,2024-09-24 11:18:26.047,,Media file,player #1:C:/Users/brayd/Desktop/Padilla-Coreano Lab/Social Memory/13_cage_p1_converted.mp4,0.0,1740.200,2342.533,15.000,subject,94.473,anogenital sniffing,Not defined,STATE,1533.733,1534.133,0.400,C:/Users/brayd/Desktop/Padilla-Coreano Lab/Social Memory/13_cage_p1_converted.mp4,23006,23012,,,,
13_cage_p1,2024-09-24 11:18:26.047,,Media file,player #1:C:/Users/brayd/Desktop/Padilla-Coreano Lab/Social Memory/13_cage_p1_converted.mp4,0.0,1740.200,2342.533,15.000,social_agent,117.336,facial sniffing,Not defined,STATE,1553.333,1554.467,1.134,C:/Users/brayd/Desktop/Padilla-Coreano Lab/Social Memory/13_cage_p1_converted.mp4,23300,23317,,,,
13_cage_p1,2024-09-24 11:18:26.047,,Media file,player #1:C:/Users/brayd/Desktop/Padilla-Coreano Lab/Social Memory/13_cage_p1_converted.mp4,0.0,1740.200,2342.533,15.000,social_agent,117.336,facial sniffing,Not defined,STATE,1573.800,1574.400,0.600,C:/Users/brayd/Desktop/Padilla-Coreano Lab/Social Memory/13_cage_p1_converted.mp4,23607,23616,,,,
13_cage_p1,2024-09-24 11:18:26.047,,Media file,player #1:C:/Users/brayd/Desktop/Padilla-Coreano Lab/Social Memory/13_cage_p1_converted.mp4,0.0,1740.200,2342.533,15.000,subject,94.473,facial sniffing,Not defined,STATE,1581.733,1582.267,0.534,C:/Users/brayd/Desktop/Padilla-Coreano Lab/Social Memory/13_cage_p1_converted.mp4,23726,23734,,,,
13_cage_p1,2024-09-24 11:18:26.047,,Media file,player #1:C:/Users/brayd/Desktop/Padilla-Coreano Lab/Social Memory/13_cage_p1_converted.mp4,0.0,1740.200,2342.533,15.000,subject,94.473,facial sniffing,Not defined,STATE,1583.667,1584.200,0.533,C:/Users/brayd/Desktop/Padilla-Coreano Lab/Social Memory/13_cage_p1_converted.mp4,23755,23763,,,,
13_cage_p1,2024-09-24 11:18:26.047,,Media file,player #1:C:/Users/brayd/Desktop/Padilla-Coreano Lab/Social Memory/13_cage_p1_converted.mp4,0.0,1740.200,2342.533,15.000,social_agent,117.336,facial sniffing,Not defined,STATE,1587.200,1587.400,0.200,C:/Users/brayd/Desktop/Padilla-Coreano Lab/Social Memory/13_cage_p1_converted.mp4,23808,23811,,,,
13_cage_p1,2024-09-24 11:18:26.047,,Media file,player #1:C:/Users/brayd/Desktop/Padilla-Coreano Lab/Social Memory/13_cage_p1_converted.mp4,0.0,1740.200,2342.533,15.000,social_agent,117.336,facial sniffing,Not defined,STATE,1593.267,1594.000,0.733,C:/Users/brayd/Desktop/Padilla-Coreano Lab/Social Memory/13_cage_p1_converted.mp4,23899,23910,,,,
13_cage_p1,2024-09-24 11:18:26.047,,Media file,player #1:C:/Users/brayd/Desktop/Padilla-Coreano Lab/Social Memory/13_cage_p1_converted.mp4,0.0,1740.200,2342.533,15.000,social_agent,117.336,facial sniffing,Not defined,STATE,1594.867,1595.600,0.733,C:/Users/brayd/Desktop/Padilla-Coreano Lab/Social Memory/13_cage_p1_converted.mp4,23923,23934,,,,
13_cage_p1,2024-09-24 11:18:26.047,,Media file,player #1:C:/Users/brayd/Desktop/Padilla-Coreano Lab/Social Memory/13_cage_p1_converted.mp4,0.0,1740.200,2342.533,15.000,subject,94.473,facial sniffing,Not defined,STATE,1610.400,1610.800,0.400,C:/Users/brayd/Desktop/Padilla-Coreano Lab/Social Memory/13_cage_p1_converted.mp4,24156,24162,,,,
13_cage_p1,2024-09-24 11:18:26.047,,Media file,player #1:C:/Users/brayd/Desktop/Padilla-Coreano Lab/Social Memory/13_cage_p1_converted.mp4,0.0,1740.200,2342.533,15.000,social_agent,117.336,facial sniffing,Not defined,STATE,1611.933,1612.467,0.534,C:/Users/brayd/Desktop/Padilla-Coreano Lab/Social Memory/13_cage_p1_converted.mp4,24179,24187,,,,
13_cage_p1,2024-09-24 11:18:26.047,,Media file,player #1:C:/Users/brayd/Desktop/Padilla-Coreano Lab/Social Memory/13_cage_p1_converted.mp4,0.0,1740.200,2342.533,15.000,social_agent,117.336,anogenital sniffing,Not defined,STATE,1612.933,1613.400,0.467,C:/Users/brayd/Desktop/Padilla-Coreano Lab/Social Memory/13_cage_p1_converted.mp4,24194,24201,,,,
13_cage_p1,2024-09-24 11:18:26.047,,Media file,player #1:C:/Users/brayd/Desktop/Padilla-Coreano Lab/Social Memory/13_cage_p1_converted.mp4,0.0,1740.200,2342.533,15.000,social_agent,117.336,facial sniffing,Not defined,STATE,1613.733,1617.933,4.200,C:/Users/brayd/Desktop/Padilla-Coreano Lab/Social Memory/13_cage_p1_converted.mp4,24206,24269,,,,
13_cage_p1,2024-09-24 11:18:26.047,,Media file,player #1:C:/Users/brayd/Desktop/Padilla-Coreano Lab/Social Memory/13_cage_p1_converted.mp4,0.0,1740.200,2342.533,15.000,social_agent,117.336,facial sniffing,Not defined,STATE,1619.667,1620.000,0.333,C:/Users/brayd/Desktop/Padilla-Coreano Lab/Social Memory/13_cage_p1_converted.mp4,24295,24300,,,,
13_cage_p1,2024-09-24 11:18:26.047,,Media file,player #1:C:/Users/brayd/Desktop/Padilla-Coreano Lab/Social Memory/13_cage_p1_converted.mp4,0.0,1740.200,2342.533,15.000,social_agent,117.336,mice taken out,Not defined,POINT,1621.600,1621.600,NA,C:/Users/brayd/Desktop/Padilla-Coreano Lab/Social Memory/13_cage_p1_converted.mp4,24324,24324,,,,
13_cage_p1,2024-09-24 11:18:26.047,,Media file,player #1:C:/Users/brayd/Desktop/Padilla-Coreano Lab/Social Memory/13_cage_p1_converted.mp4,0.0,1740.200,2342.533,15.000,social_agent,117.336,mice back in,Not defined,POINT,1683.133,1683.133,NA,C:/Users/brayd/Desktop/Padilla-Coreano Lab/Social Memory/13_cage_p1_converted.mp4,25247,25247,,,,
13_cage_p1,2024-09-24 11:18:26.047,,Media file,player #1:C:/Users/brayd/Desktop/Padilla-Coreano Lab/Social Memory/13_cage_p1_converted.mp4,0.0,1740.200,2342.533,15.000,social_agent,117.336,facial sniffing,Not defined,STATE,1683.600,1684.067,0.467,C:/Users/brayd/Desktop/Padilla-Coreano Lab/Social Memory/13_cage_p1_converted.mp4,25254,25261,,,,
13_cage_p1,2024-09-24 11:18:26.047,,Media file,player #1:C:/Users/brayd/Desktop/Padilla-Coreano Lab/Social Memory/13_cage_p1_converted.mp4,0.0,1740.200,2342.533,15.000,subject,94.473,facial sniffing,Not defined,STATE,1705.867,1708.200,2.333,C:/Users/brayd/Desktop/Padilla-Coreano Lab/Social Memory/13_cage_p1_converted.mp4,25588,25623,,,,
13_cage_p1,2024-09-24 11:18:26.047,,Media file,player #1:C:/Users/brayd/Desktop/Padilla-Coreano Lab/Social Memory/13_cage_p1_converted.mp4,0.0,1740.200,2342.533,15.000,social_agent,117.336,facial sniffing,Not defined,STATE,1720.267,1720.533,0.266,C:/Users/brayd/Desktop/Padilla-Coreano Lab/Social Memory/13_cage_p1_converted.mp4,25804,25808,,,,
13_cage_p1,2024-09-24 11:18:26.047,,Media file,player #1:C:/Users/brayd/Desktop/Padilla-Coreano Lab/Social Memory/13_cage_p1_converted.mp4,0.0,1740.200,2342.533,15.000,subject,94.473,facial sniffing,Not defined,STATE,1723.533,1725.667,2.134,C:/Users/brayd/Desktop/Padilla-Coreano Lab/Social Memory/13_cage_p1_converted.mp4,25853,25885,,,,
13_cage_p1,2024-09-24 11:18:26.047,,Media file,player #1:C:/Users/brayd/Desktop/Padilla-Coreano Lab/Social Memory/13_cage_p1_converted.mp4,0.0,1740.200,2342.533,15.000,social_agent,117.336,facial sniffing,Not defined,STATE,1734.533,1735.667,1.134,C:/Users/brayd/Desktop/Padilla-Coreano Lab/Social Memory/13_cage_p1_converted.mp4,26018,26035,,,,
13_cage_p1,2024-09-24 11:18:26.047,,Media file,player #1:C:/Users/brayd/Desktop/Padilla-Coreano Lab/Social Memory/13_cage_p1_converted.mp4,0.0,1740.200,2342.533,15.000,social_agent,117.336,facial sniffing,Not defined,STATE,1748.400,1749.067,0.667,C:/Users/brayd/Desktop/Padilla-Coreano Lab/Social Memory/13_cage_p1_converted.mp4,26226,26236,,,,
13_cage_p1,2024-09-24 11:18:26.047,,Media file,player #1:C:/Users/brayd/Desktop/Padilla-Coreano Lab/Social Memory/13_cage_p1_converted.mp4,0.0,1740.200,2342.533,15.000,subject,94.473,facial sniffing,Not defined,STATE,1767.733,1767.867,0.134,C:/Users/brayd/Desktop/Padilla-Coreano Lab/Social Memory/13_cage_p1_converted.mp4,26516,26518,,,,
13_cage_p1,2024-09-24 11:18:26.047,,Media file,player #1:C:/Users/brayd/Desktop/Padilla-Coreano Lab/Social Memory/13_cage_p1_converted.mp4,0.0,1740.200,2342.533,15.000,social_agent,117.336,facial sniffing,Not defined,STATE,1767.867,1768.267,0.400,C:/Users/brayd/Desktop/Padilla-Coreano Lab/Social Memory/13_cage_p1_converted.mp4,26518,26524,,,,
13_cage_p1,2024-09-24 11:18:26.047,,Media file,player #1:C:/Users/brayd/Desktop/Padilla-Coreano Lab/Social Memory/13_cage_p1_converted.mp4,0.0,1740.200,2342.533,15.000,social_agent,117.336,facial sniffing,Not defined,STATE,1770.600,1771.600,1.000,C:/Users/brayd/Desktop/Padilla-Coreano Lab/Social Memory/13_cage_p1_converted.mp4,26559,26574,,,,
13_cage_p1,2024-09-24 11:18:26.047,,Media file,player #1:C:/Users/brayd/Desktop/Padilla-Coreano Lab/Social Memory/13_cage_p1_converted.mp4,0.0,1740.200,2342.533,15.000,subject,94.473,anogenital sniffing,Not defined,STATE,1771.533,1772.600,1.067,C:/Users/brayd/Desktop/Padilla-Coreano Lab/Social Memory/13_cage_p1_converted.mp4,26573,26589,,,,
13_cage_p1,2024-09-24 11:18:26.047,,Media file,player #1:C:/Users/brayd/Desktop/Padilla-Coreano Lab/Social Memory/13_cage_p1_converted.mp4,0.0,1740.200,2342.533,15.000,social_agent,117.336,facial sniffing,Not defined,STATE,1776.333,1776.867,0.534,C:/Users/brayd/Desktop/Padilla-Coreano Lab/Social Memory/13_cage_p1_converted.mp4,26645,26653,,,,
13_cage_p1,2024-09-24 11:18:26.047,,Media file,player #1:C:/Users/brayd/Desktop/Padilla-Coreano Lab/Social Memory/13_cage_p1_converted.mp4,0.0,1740.200,2342.533,15.000,social_agent,117.336,facial sniffing,Not defined,STATE,1778.000,1779.133,1.133,C:/Users/brayd/Desktop/Padilla-Coreano Lab/Social Memory/13_cage_p1_converted.mp4,26670,26687,,,,
13_cage_p1,2024-09-24 11:18:26.047,,Media file,player #1:C:/Users/brayd/Desktop/Padilla-Coreano Lab/Social Memory/13_cage_p1_converted.mp4,0.0,1740.200,2342.533,15.000,social_agent,117.336,facial sniffing,Not defined,STATE,1789.733,1790.267,0.534,C:/Users/brayd/Desktop/Padilla-Coreano Lab/Social Memory/13_cage_p1_converted.mp4,26846,26854,,,,
13_cage_p1,2024-09-24 11:18:26.047,,Media file,player #1:C:/Users/brayd/Desktop/Padilla-Coreano Lab/Social Memory/13_cage_p1_converted.mp4,0.0,1740.200,2342.533,15.000,social_agent,117.336,facial sniffing,Not defined,STATE,1835.067,1835.600,0.533,C:/Users/brayd/Desktop/Padilla-Coreano Lab/Social Memory/13_cage_p1_converted.mp4,27526,27534,,,,
13_cage_p1,2024-09-24 11:18:26.047,,Media file,player #1:C:/Users/brayd/Desktop/Padilla-Coreano Lab/Social Memory/13_cage_p1_converted.mp4,0.0,1740.200,2342.533,15.000,subject,94.473,facial sniffing,Not defined,STATE,1835.867,1836.267,0.400,C:/Users/brayd/Desktop/Padilla-Coreano Lab/Social Memory/13_cage_p1_converted.mp4,27538,27544,,,,
13_cage_p1,2024-09-24 11:18:26.047,,Media file,player #1:C:/Users/brayd/Desktop/Padilla-Coreano Lab/Social Memory/13_cage_p1_converted.mp4,0.0,1740.200,2342.533,15.000,subject,94.473,facial sniffing,Not defined,STATE,1837.133,1837.400,0.267,C:/Users/brayd/Desktop/Padilla-Coreano Lab/Social Memory/13_cage_p1_converted.mp4,27557,27561,,,,
13_cage_p1,2024-09-24 11:18:26.047,,Media file,player #1:C:/Users/brayd/Desktop/Padilla-Coreano Lab/Social Memory/13_cage_p1_converted.mp4,0.0,1740.200,2342.533,15.000,social_agent,117.336,facial sniffing,Not defined,STATE,1854.800,1855.533,0.733,C:/Users/brayd/Desktop/Padilla-Coreano Lab/Social Memory/13_cage_p1_converted.mp4,27822,27833,,,,
13_cage_p1,2024-09-24 11:18:26.047,,Media file,player #1:C:/Users/brayd/Desktop/Padilla-Coreano Lab/Social Memory/13_cage_p1_converted.mp4,0.0,1740.200,2342.533,15.000,social_agent,117.336,facial sniffing,Not defined,STATE,1859.067,1860.600,1.533,C:/Users/brayd/Desktop/Padilla-Coreano Lab/Social Memory/13_cage_p1_converted.mp4,27886,27909,,,,
13_cage_p1,2024-09-24 11:18:26.047,,Media file,player #1:C:/Users/brayd/Desktop/Padilla-Coreano Lab/Social Memory/13_cage_p1_converted.mp4,0.0,1740.200,2342.533,15.000,social_agent,117.336,facial sniffing,Not defined,STATE,1869.067,1869.667,0.600,C:/Users/brayd/Desktop/Padilla-Coreano Lab/Social Memory/13_cage_p1_converted.mp4,28036,28045,,,,
13_cage_p1,2024-09-24 11:18:26.047,,Media file,player #1:C:/Users/brayd/Desktop/Padilla-Coreano Lab/Social Memory/13_cage_p1_converted.mp4,0.0,1740.200,2342.533,15.000,social_agent,117.336,facial sniffing,Not defined,STATE,1871.933,1872.267,0.334,C:/Users/brayd/Desktop/Padilla-Coreano Lab/Social Memory/13_cage_p1_converted.mp4,28079,28084,,,,
13_cage_p1,2024-09-24 11:18:26.047,,Media file,player #1:C:/Users/brayd/Desktop/Padilla-Coreano Lab/Social Memory/13_cage_p1_converted.mp4,0.0,1740.200,2342.533,15.000,social_agent,117.336,facial sniffing,Not defined,STATE,1908.867,1910.067,1.200,C:/Users/brayd/Desktop/Padilla-Coreano Lab/Social Memory/13_cage_p1_converted.mp4,28633,28651,,,,
13_cage_p1,2024-09-24 11:18:26.047,,Media file,player #1:C:/Users/brayd/Desktop/Padilla-Coreano Lab/Social Memory/13_cage_p1_converted.mp4,0.0,1740.200,2342.533,15.000,social_agent,117.336,facial sniffing,Not defined,STATE,1915.867,1916.267,0.400,C:/Users/brayd/Desktop/Padilla-Coreano Lab/Social Memory/13_cage_p1_converted.mp4,28738,28744,,,,
13_cage_p1,2024-09-24 11:18:26.047,,Media file,player #1:C:/Users/brayd/Desktop/Padilla-Coreano Lab/Social Memory/13_cage_p1_converted.mp4,0.0,1740.200,2342.533,15.000,social_agent,117.336,facial sniffing,Not defined,STATE,1918.533,1918.867,0.334,C:/Users/brayd/Desktop/Padilla-Coreano Lab/Social Memory/13_cage_p1_converted.mp4,28778,28783,,,,
13_cage_p1,2024-09-24 11:18:26.047,,Media file,player #1:C:/Users/brayd/Desktop/Padilla-Coreano Lab/Social Memory/13_cage_p1_converted.mp4,0.0,1740.200,2342.533,15.000,social_agent,117.336,anogenital sniffing,Not defined,STATE,1919.333,1919.800,0.467,C:/Users/brayd/Desktop/Padilla-Coreano Lab/Social Memory/13_cage_p1_converted.mp4,28790,28797,,,,
13_cage_p1,2024-09-24 11:18:26.047,,Media file,player #1:C:/Users/brayd/Desktop/Padilla-Coreano Lab/Social Memory/13_cage_p1_converted.mp4,0.0,1740.200,2342.533,15.000,social_agent,117.336,anogenital sniffing,Not defined,STATE,1921.200,1921.533,0.333,C:/Users/brayd/Desktop/Padilla-Coreano Lab/Social Memory/13_cage_p1_converted.mp4,28818,28823,,,,
13_cage_p1,2024-09-24 11:18:26.047,,Media file,player #1:C:/Users/brayd/Desktop/Padilla-Coreano Lab/Social Memory/13_cage_p1_converted.mp4,0.0,1740.200,2342.533,15.000,social_agent,117.336,facial sniffing,Not defined,STATE,1924.800,1925.733,0.933,C:/Users/brayd/Desktop/Padilla-Coreano Lab/Social Memory/13_cage_p1_converted.mp4,28872,28886,,,,
13_cage_p1,2024-09-24 11:18:26.047,,Media file,player #1:C:/Users/brayd/Desktop/Padilla-Coreano Lab/Social Memory/13_cage_p1_converted.mp4,0.0,1740.200,2342.533,15.000,subject,94.473,facial sniffing,Not defined,STATE,1925.800,1927.133,1.333,C:/Users/brayd/Desktop/Padilla-Coreano Lab/Social Memory/13_cage_p1_converted.mp4,28887,28907,,,,
13_cage_p1,2024-09-24 11:18:26.047,,Media file,player #1:C:/Users/brayd/Desktop/Padilla-Coreano Lab/Social Memory/13_cage_p1_converted.mp4,0.0,1740.200,2342.533,15.000,social_agent,117.336,anogenital sniffing,Not defined,STATE,1927.333,1928.133,0.800,C:/Users/brayd/Desktop/Padilla-Coreano Lab/Social Memory/13_cage_p1_converted.mp4,28910,28922,,,,
13_cage_p1,2024-09-24 11:18:26.047,,Media file,player #1:C:/Users/brayd/Desktop/Padilla-Coreano Lab/Social Memory/13_cage_p1_converted.mp4,0.0,1740.200,2342.533,15.000,social_agent,117.336,facial sniffing,Not defined,STATE,1928.267,1933.733,5.466,C:/Users/brayd/Desktop/Padilla-Coreano Lab/Social Memory/13_cage_p1_converted.mp4,28924,29006,,,,
13_cage_p1,2024-09-24 11:18:26.047,,Media file,player #1:C:/Users/brayd/Desktop/Padilla-Coreano Lab/Social Memory/13_cage_p1_converted.mp4,0.0,1740.200,2342.533,15.000,social_agent,117.336,fighting,Not defined,STATE,1934.333,1936.467,2.134,C:/Users/brayd/Desktop/Padilla-Coreano Lab/Social Memory/13_cage_p1_converted.mp4,29015,29047,,,,
13_cage_p1,2024-09-24 11:18:26.047,,Media file,player #1:C:/Users/brayd/Desktop/Padilla-Coreano Lab/Social Memory/13_cage_p1_converted.mp4,0.0,1740.200,2342.533,15.000,social_agent,117.336,facial sniffing,Not defined,STATE,1936.867,1940.667,3.800,C:/Users/brayd/Desktop/Padilla-Coreano Lab/Social Memory/13_cage_p1_converted.mp4,29053,29110,,,,
13_cage_p1,2024-09-24 11:18:26.047,,Media file,player #1:C:/Users/brayd/Desktop/Padilla-Coreano Lab/Social Memory/13_cage_p1_converted.mp4,0.0,1740.200,2342.533,15.000,social_agent,117.336,anogenital sniffing,Not defined,STATE,1941.733,1942.467,0.734,C:/Users/brayd/Desktop/Padilla-Coreano Lab/Social Memory/13_cage_p1_converted.mp4,29126,29137,,,,
13_cage_p1,2024-09-24 11:18:26.047,,Media file,player #1:C:/Users/brayd/Desktop/Padilla-Coreano Lab/Social Memory/13_cage_p1_converted.mp4,0.0,1740.200,2342.533,15.000,social_agent,117.336,facial sniffing,Not defined,STATE,1942.733,1943.933,1.200,C:/Users/brayd/Desktop/Padilla-Coreano Lab/Social Memory/13_cage_p1_converted.mp4,29141,29159,,,,
13_cage_p1,2024-09-24 11:18:26.047,,Media file,player #1:C:/Users/brayd/Desktop/Padilla-Coreano Lab/Social Memory/13_cage_p1_converted.mp4,0.0,1740.200,2342.533,15.000,subject,94.473,fighting,Not defined,STATE,1943.933,1944.067,0.134,C:/Users/brayd/Desktop/Padilla-Coreano Lab/Social Memory/13_cage_p1_converted.mp4,29159,29161,,,,
13_cage_p1,2024-09-24 11:18:26.047,,Media file,player #1:C:/Users/brayd/Desktop/Padilla-Coreano Lab/Social Memory/13_cage_p1_converted.mp4,0.0,1740.200,2342.533,15.000,subject,94.473,fighting,Not defined,STATE,1944.533,1945.133,0.600,C:/Users/brayd/Desktop/Padilla-Coreano Lab/Social Memory/13_cage_p1_converted.mp4,29168,29177,,,,
13_cage_p1,2024-09-24 11:18:26.047,,Media file,player #1:C:/Users/brayd/Desktop/Padilla-Coreano Lab/Social Memory/13_cage_p1_converted.mp4,0.0,1740.200,2342.533,15.000,subject,94.473,facial sniffing,Not defined,STATE,1957.267,1957.933,0.666,C:/Users/brayd/Desktop/Padilla-Coreano Lab/Social Memory/13_cage_p1_converted.mp4,29359,29369,,,,
13_cage_p1,2024-09-24 11:18:26.047,,Media file,player #1:C:/Users/brayd/Desktop/Padilla-Coreano Lab/Social Memory/13_cage_p1_converted.mp4,0.0,1740.200,2342.533,15.000,social_agent,117.336,facial sniffing,Not defined,STATE,1959.067,1960.533,1.466,C:/Users/brayd/Desktop/Padilla-Coreano Lab/Social Memory/13_cage_p1_converted.mp4,29386,29408,,,,
13_cage_p1,2024-09-24 11:18:26.047,,Media file,player #1:C:/Users/brayd/Desktop/Padilla-Coreano Lab/Social Memory/13_cage_p1_converted.mp4,0.0,1740.200,2342.533,15.000,social_agent,117.336,mice taken out,Not defined,POINT,1979.733,1979.733,NA,C:/Users/brayd/Desktop/Padilla-Coreano Lab/Social Memory/13_cage_p1_converted.mp4,29696,29696,,,,
13_cage_p1,2024-09-24 11:18:26.047,,Media file,player #1:C:/Users/brayd/Desktop/Padilla-Coreano Lab/Social Memory/13_cage_p1_converted.mp4,0.0,1740.200,2342.533,15.000,social_agent,117.336,mice back in,Not defined,POINT,2042.467,2042.467,NA,C:/Users/brayd/Desktop/Padilla-Coreano Lab/Social Memory/13_cage_p1_converted.mp4,30637,30637,,,,
13_cage_p1,2024-09-24 11:18:26.047,,Media file,player #1:C:/Users/brayd/Desktop/Padilla-Coreano Lab/Social Memory/13_cage_p1_converted.mp4,0.0,1740.200,2342.533,15.000,social_agent,117.336,facial sniffing,Not defined,STATE,2047.267,2051.333,4.066,C:/Users/brayd/Desktop/Padilla-Coreano Lab/Social Memory/13_cage_p1_converted.mp4,30709,30770,,,,
13_cage_p1,2024-09-24 11:18:26.047,,Media file,player #1:C:/Users/brayd/Desktop/Padilla-Coreano Lab/Social Memory/13_cage_p1_converted.mp4,0.0,1740.200,2342.533,15.000,subject,94.473,anogenital sniffing,Not defined,STATE,2051.333,2053.400,2.067,C:/Users/brayd/Desktop/Padilla-Coreano Lab/Social Memory/13_cage_p1_converted.mp4,30770,30801,,,,
13_cage_p1,2024-09-24 11:18:26.047,,Media file,player #1:C:/Users/brayd/Desktop/Padilla-Coreano Lab/Social Memory/13_cage_p1_converted.mp4,0.0,1740.200,2342.533,15.000,social_agent,117.336,anogenital sniffing,Not defined,STATE,2054.733,2057.067,2.334,C:/Users/brayd/Desktop/Padilla-Coreano Lab/Social Memory/13_cage_p1_converted.mp4,30821,30856,,,,
13_cage_p1,2024-09-24 11:18:26.047,,Media file,player #1:C:/Users/brayd/Desktop/Padilla-Coreano Lab/Social Memory/13_cage_p1_converted.mp4,0.0,1740.200,2342.533,15.000,subject,94.473,facial sniffing,Not defined,STATE,2057.133,2057.600,0.467,C:/Users/brayd/Desktop/Padilla-Coreano Lab/Social Memory/13_cage_p1_converted.mp4,30857,30864,,,,
13_cage_p1,2024-09-24 11:18:26.047,,Media file,player #1:C:/Users/brayd/Desktop/Padilla-Coreano Lab/Social Memory/13_cage_p1_converted.mp4,0.0,1740.200,2342.533,15.000,subject,94.473,anogenital sniffing,Not defined,STATE,2057.667,2059.800,2.133,C:/Users/brayd/Desktop/Padilla-Coreano Lab/Social Memory/13_cage_p1_converted.mp4,30865,30897,,,,
13_cage_p1,2024-09-24 11:18:26.047,,Media file,player #1:C:/Users/brayd/Desktop/Padilla-Coreano Lab/Social Memory/13_cage_p1_converted.mp4,0.0,1740.200,2342.533,15.000,subject,94.473,facial sniffing,Not defined,STATE,2060.733,2061.667,0.934,C:/Users/brayd/Desktop/Padilla-Coreano Lab/Social Memory/13_cage_p1_converted.mp4,30911,30925,,,,
13_cage_p1,2024-09-24 11:18:26.047,,Media file,player #1:C:/Users/brayd/Desktop/Padilla-Coreano Lab/Social Memory/13_cage_p1_converted.mp4,0.0,1740.200,2342.533,15.000,subject,94.473,facial sniffing,Not defined,STATE,2064.467,2065.533,1.066,C:/Users/brayd/Desktop/Padilla-Coreano Lab/Social Memory/13_cage_p1_converted.mp4,30967,30983,,,,
13_cage_p1,2024-09-24 11:18:26.047,,Media file,player #1:C:/Users/brayd/Desktop/Padilla-Coreano Lab/Social Memory/13_cage_p1_converted.mp4,0.0,1740.200,2342.533,15.000,subject,94.473,anogenital sniffing,Not defined,STATE,2065.600,2066.333,0.733,C:/Users/brayd/Desktop/Padilla-Coreano Lab/Social Memory/13_cage_p1_converted.mp4,30984,30995,,,,
13_cage_p1,2024-09-24 11:18:26.047,,Media file,player #1:C:/Users/brayd/Desktop/Padilla-Coreano Lab/Social Memory/13_cage_p1_converted.mp4,0.0,1740.200,2342.533,15.000,subject,94.473,facial sniffing,Not defined,STATE,2070.467,2071.667,1.200,C:/Users/brayd/Desktop/Padilla-Coreano Lab/Social Memory/13_cage_p1_converted.mp4,31057,31075,,,,
13_cage_p1,2024-09-24 11:18:26.047,,Media file,player #1:C:/Users/brayd/Desktop/Padilla-Coreano Lab/Social Memory/13_cage_p1_converted.mp4,0.0,1740.200,2342.533,15.000,subject,94.473,facial sniffing,Not defined,STATE,2072.600,2074.133,1.533,C:/Users/brayd/Desktop/Padilla-Coreano Lab/Social Memory/13_cage_p1_converted.mp4,31089,31112,,,,
13_cage_p1,2024-09-24 11:18:26.047,,Media file,player #1:C:/Users/brayd/Desktop/Padilla-Coreano Lab/Social Memory/13_cage_p1_converted.mp4,0.0,1740.200,2342.533,15.000,subject,94.473,anogenital sniffing,Not defined,STATE,2085.467,2086.000,0.533,C:/Users/brayd/Desktop/Padilla-Coreano Lab/Social Memory/13_cage_p1_converted.mp4,31282,31290,,,,
13_cage_p1,2024-09-24 11:18:26.047,,Media file,player #1:C:/Users/brayd/Desktop/Padilla-Coreano Lab/Social Memory/13_cage_p1_converted.mp4,0.0,1740.200,2342.533,15.000,subject,94.473,anogenital sniffing,Not defined,STATE,2091.267,2092.667,1.400,C:/Users/brayd/Desktop/Padilla-Coreano Lab/Social Memory/13_cage_p1_converted.mp4,31369,31390,,,,
13_cage_p1,2024-09-24 11:18:26.047,,Media file,player #1:C:/Users/brayd/Desktop/Padilla-Coreano Lab/Social Memory/13_cage_p1_converted.mp4,0.0,1740.200,2342.533,15.000,social_agent,117.336,facial sniffing,Not defined,STATE,2092.800,2093.333,0.533,C:/Users/brayd/Desktop/Padilla-Coreano Lab/Social Memory/13_cage_p1_converted.mp4,31392,31400,,,,
13_cage_p1,2024-09-24 11:18:26.047,,Media file,player #1:C:/Users/brayd/Desktop/Padilla-Coreano Lab/Social Memory/13_cage_p1_converted.mp4,0.0,1740.200,2342.533,15.000,social_agent,117.336,facial sniffing,Not defined,STATE,2103.133,2105.000,1.867,C:/Users/brayd/Desktop/Padilla-Coreano Lab/Social Memory/13_cage_p1_converted.mp4,31547,31575,,,,
13_cage_p1,2024-09-24 11:18:26.047,,Media file,player #1:C:/Users/brayd/Desktop/Padilla-Coreano Lab/Social Memory/13_cage_p1_converted.mp4,0.0,1740.200,2342.533,15.000,subject,94.473,facial sniffing,Not defined,STATE,2107.267,2108.667,1.400,C:/Users/brayd/Desktop/Padilla-Coreano Lab/Social Memory/13_cage_p1_converted.mp4,31609,31630,,,,
13_cage_p1,2024-09-24 11:18:26.047,,Media file,player #1:C:/Users/brayd/Desktop/Padilla-Coreano Lab/Social Memory/13_cage_p1_converted.mp4,0.0,1740.200,2342.533,15.000,subject,94.473,facial sniffing,Not defined,STATE,2118.467,2118.667,0.200,C:/Users/brayd/Desktop/Padilla-Coreano Lab/Social Memory/13_cage_p1_converted.mp4,31777,31780,,,,
13_cage_p1,2024-09-24 11:18:26.047,,Media file,player #1:C:/Users/brayd/Desktop/Padilla-Coreano Lab/Social Memory/13_cage_p1_converted.mp4,0.0,1740.200,2342.533,15.000,subject,94.473,facial sniffing,Not defined,STATE,2121.600,2123.067,1.467,C:/Users/brayd/Desktop/Padilla-Coreano Lab/Social Memory/13_cage_p1_converted.mp4,31824,31846,,,,
13_cage_p1,2024-09-24 11:18:26.047,,Media file,player #1:C:/Users/brayd/Desktop/Padilla-Coreano Lab/Social Memory/13_cage_p1_converted.mp4,0.0,1740.200,2342.533,15.000,subject,94.473,anogenital sniffing,Not defined,STATE,2123.133,2123.800,0.667,C:/Users/brayd/Desktop/Padilla-Coreano Lab/Social Memory/13_cage_p1_converted.mp4,31847,31857,,,,
13_cage_p1,2024-09-24 11:18:26.047,,Media file,player #1:C:/Users/brayd/Desktop/Padilla-Coreano Lab/Social Memory/13_cage_p1_converted.mp4,0.0,1740.200,2342.533,15.000,social_agent,117.336,facial sniffing,Not defined,STATE,2132.200,2133.600,1.400,C:/Users/brayd/Desktop/Padilla-Coreano Lab/Social Memory/13_cage_p1_converted.mp4,31983,32004,,,,
13_cage_p1,2024-09-24 11:18:26.047,,Media file,player #1:C:/Users/brayd/Desktop/Padilla-Coreano Lab/Social Memory/13_cage_p1_converted.mp4,0.0,1740.200,2342.533,15.000,subject,94.473,anogenital sniffing,Not defined,STATE,2134.067,2134.533,0.466,C:/Users/brayd/Desktop/Padilla-Coreano Lab/Social Memory/13_cage_p1_converted.mp4,32011,32018,,,,
13_cage_p1,2024-09-24 11:18:26.047,,Media file,player #1:C:/Users/brayd/Desktop/Padilla-Coreano Lab/Social Memory/13_cage_p1_converted.mp4,0.0,1740.200,2342.533,15.000,subject,94.473,facial sniffing,Not defined,STATE,2134.600,2135.800,1.200,C:/Users/brayd/Desktop/Padilla-Coreano Lab/Social Memory/13_cage_p1_converted.mp4,32019,32037,,,,
13_cage_p1,2024-09-24 11:18:26.047,,Media file,player #1:C:/Users/brayd/Desktop/Padilla-Coreano Lab/Social Memory/13_cage_p1_converted.mp4,0.0,1740.200,2342.533,15.000,subject,94.473,facial sniffing,Not defined,STATE,2136.867,2138.133,1.266,C:/Users/brayd/Desktop/Padilla-Coreano Lab/Social Memory/13_cage_p1_converted.mp4,32053,32072,,,,
13_cage_p1,2024-09-24 11:18:26.047,,Media file,player #1:C:/Users/brayd/Desktop/Padilla-Coreano Lab/Social Memory/13_cage_p1_converted.mp4,0.0,1740.200,2342.533,15.000,social_agent,117.336,facial sniffing,Not defined,STATE,2139.533,2140.400,0.867,C:/Users/brayd/Desktop/Padilla-Coreano Lab/Social Memory/13_cage_p1_converted.mp4,32093,32106,,,,
13_cage_p1,2024-09-24 11:18:26.047,,Media file,player #1:C:/Users/brayd/Desktop/Padilla-Coreano Lab/Social Memory/13_cage_p1_converted.mp4,0.0,1740.200,2342.533,15.000,subject,94.473,facial sniffing,Not defined,STATE,2147.467,2147.533,0.066,C:/Users/brayd/Desktop/Padilla-Coreano Lab/Social Memory/13_cage_p1_converted.mp4,32212,32213,,,,
13_cage_p1,2024-09-24 11:18:26.047,,Media file,player #1:C:/Users/brayd/Desktop/Padilla-Coreano Lab/Social Memory/13_cage_p1_converted.mp4,0.0,1740.200,2342.533,15.000,subject,94.473,facial sniffing,Not defined,STATE,2152.867,2153.667,0.800,C:/Users/brayd/Desktop/Padilla-Coreano Lab/Social Memory/13_cage_p1_converted.mp4,32293,32305,,,,
13_cage_p1,2024-09-24 11:18:26.047,,Media file,player #1:C:/Users/brayd/Desktop/Padilla-Coreano Lab/Social Memory/13_cage_p1_converted.mp4,0.0,1740.200,2342.533,15.000,subject,94.473,facial sniffing,Not defined,STATE,2158.133,2160.067,1.934,C:/Users/brayd/Desktop/Padilla-Coreano Lab/Social Memory/13_cage_p1_converted.mp4,32372,32401,,,,
13_cage_p1,2024-09-24 11:18:26.047,,Media file,player #1:C:/Users/brayd/Desktop/Padilla-Coreano Lab/Social Memory/13_cage_p1_converted.mp4,0.0,1740.200,2342.533,15.000,social_agent,117.336,facial sniffing,Not defined,STATE,2163.000,2163.600,0.600,C:/Users/brayd/Desktop/Padilla-Coreano Lab/Social Memory/13_cage_p1_converted.mp4,32445,32454,,,,
13_cage_p1,2024-09-24 11:18:26.047,,Media file,player #1:C:/Users/brayd/Desktop/Padilla-Coreano Lab/Social Memory/13_cage_p1_converted.mp4,0.0,1740.200,2342.533,15.000,social_agent,117.336,facial sniffing,Not defined,STATE,2164.600,2166.200,1.600,C:/Users/brayd/Desktop/Padilla-Coreano Lab/Social Memory/13_cage_p1_converted.mp4,32469,32493,,,,
13_cage_p1,2024-09-24 11:18:26.047,,Media file,player #1:C:/Users/brayd/Desktop/Padilla-Coreano Lab/Social Memory/13_cage_p1_converted.mp4,0.0,1740.200,2342.533,15.000,subject,94.473,facial sniffing,Not defined,STATE,2175.133,2176.533,1.400,C:/Users/brayd/Desktop/Padilla-Coreano Lab/Social Memory/13_cage_p1_converted.mp4,32627,32648,,,,
13_cage_p1,2024-09-24 11:18:26.047,,Media file,player #1:C:/Users/brayd/Desktop/Padilla-Coreano Lab/Social Memory/13_cage_p1_converted.mp4,0.0,1740.200,2342.533,15.000,subject,94.473,anogenital sniffing,Not defined,STATE,2176.533,2177.933,1.400,C:/Users/brayd/Desktop/Padilla-Coreano Lab/Social Memory/13_cage_p1_converted.mp4,32648,32669,,,,
13_cage_p1,2024-09-24 11:18:26.047,,Media file,player #1:C:/Users/brayd/Desktop/Padilla-Coreano Lab/Social Memory/13_cage_p1_converted.mp4,0.0,1740.200,2342.533,15.000,subject,94.473,anogenital sniffing,Not defined,STATE,2179.000,2180.867,1.867,C:/Users/brayd/Desktop/Padilla-Coreano Lab/Social Memory/13_cage_p1_converted.mp4,32685,32713,,,,
13_cage_p1,2024-09-24 11:18:26.047,,Media file,player #1:C:/Users/brayd/Desktop/Padilla-Coreano Lab/Social Memory/13_cage_p1_converted.mp4,0.0,1740.200,2342.533,15.000,subject,94.473,anogenital sniffing,Not defined,STATE,2181.600,2182.267,0.667,C:/Users/brayd/Desktop/Padilla-Coreano Lab/Social Memory/13_cage_p1_converted.mp4,32724,32734,,,,
13_cage_p1,2024-09-24 11:18:26.047,,Media file,player #1:C:/Users/brayd/Desktop/Padilla-Coreano Lab/Social Memory/13_cage_p1_converted.mp4,0.0,1740.200,2342.533,15.000,subject,94.473,facial sniffing,Not defined,STATE,2188.333,2191.133,2.800,C:/Users/brayd/Desktop/Padilla-Coreano Lab/Social Memory/13_cage_p1_converted.mp4,32825,32867,,,,
13_cage_p1,2024-09-24 11:18:26.047,,Media file,player #1:C:/Users/brayd/Desktop/Padilla-Coreano Lab/Social Memory/13_cage_p1_converted.mp4,0.0,1740.200,2342.533,15.000,subject,94.473,anogenital sniffing,Not defined,STATE,2208.800,2209.133,0.333,C:/Users/brayd/Desktop/Padilla-Coreano Lab/Social Memory/13_cage_p1_converted.mp4,33132,33137,,,,
13_cage_p1,2024-09-24 11:18:26.047,,Media file,player #1:C:/Users/brayd/Desktop/Padilla-Coreano Lab/Social Memory/13_cage_p1_converted.mp4,0.0,1740.200,2342.533,15.000,subject,94.473,facial sniffing,Not defined,STATE,2210.000,2211.867,1.867,C:/Users/brayd/Desktop/Padilla-Coreano Lab/Social Memory/13_cage_p1_converted.mp4,33150,33178,,,,
13_cage_p1,2024-09-24 11:18:26.047,,Media file,player #1:C:/Users/brayd/Desktop/Padilla-Coreano Lab/Social Memory/13_cage_p1_converted.mp4,0.0,1740.200,2342.533,15.000,subject,94.473,anogenital sniffing,Not defined,STATE,2212.467,2213.200,0.733,C:/Users/brayd/Desktop/Padilla-Coreano Lab/Social Memory/13_cage_p1_converted.mp4,33187,33198,,,,
13_cage_p1,2024-09-24 11:18:26.047,,Media file,player #1:C:/Users/brayd/Desktop/Padilla-Coreano Lab/Social Memory/13_cage_p1_converted.mp4,0.0,1740.200,2342.533,15.000,subject,94.473,facial sniffing,Not defined,STATE,2214.933,2215.200,0.267,C:/Users/brayd/Desktop/Padilla-Coreano Lab/Social Memory/13_cage_p1_converted.mp4,33224,33228,,,,
13_cage_p1,2024-09-24 11:18:26.047,,Media file,player #1:C:/Users/brayd/Desktop/Padilla-Coreano Lab/Social Memory/13_cage_p1_converted.mp4,0.0,1740.200,2342.533,15.000,subject,94.473,facial sniffing,Not defined,STATE,2216.133,2217.267,1.134,C:/Users/brayd/Desktop/Padilla-Coreano Lab/Social Memory/13_cage_p1_converted.mp4,33242,33259,,,,
13_cage_p1,2024-09-24 11:18:26.047,,Media file,player #1:C:/Users/brayd/Desktop/Padilla-Coreano Lab/Social Memory/13_cage_p1_converted.mp4,0.0,1740.200,2342.533,15.000,subject,94.473,anogenital sniffing,Not defined,STATE,2217.267,2217.733,0.466,C:/Users/brayd/Desktop/Padilla-Coreano Lab/Social Memory/13_cage_p1_converted.mp4,33259,33266,,,,
13_cage_p1,2024-09-24 11:18:26.047,,Media file,player #1:C:/Users/brayd/Desktop/Padilla-Coreano Lab/Social Memory/13_cage_p1_converted.mp4,0.0,1740.200,2342.533,15.000,subject,94.473,facial sniffing,Not defined,STATE,2226.000,2232.333,6.333,C:/Users/brayd/Desktop/Padilla-Coreano Lab/Social Memory/13_cage_p1_converted.mp4,33390,33485,,,,
13_cage_p1,2024-09-24 11:18:26.047,,Media file,player #1:C:/Users/brayd/Desktop/Padilla-Coreano Lab/Social Memory/13_cage_p1_converted.mp4,0.0,1740.200,2342.533,15.000,subject,94.473,facial sniffing,Not defined,STATE,2238.133,2238.867,0.734,C:/Users/brayd/Desktop/Padilla-Coreano Lab/Social Memory/13_cage_p1_converted.mp4,33572,33583,,,,
13_cage_p1,2024-09-24 11:18:26.047,,Media file,player #1:C:/Users/brayd/Desktop/Padilla-Coreano Lab/Social Memory/13_cage_p1_converted.mp4,0.0,1740.200,2342.533,15.000,social_agent,117.336,facial sniffing,Not defined,STATE,2239.267,2241.200,1.933,C:/Users/brayd/Desktop/Padilla-Coreano Lab/Social Memory/13_cage_p1_converted.mp4,33589,33618,,,,
13_cage_p1,2024-09-24 11:18:26.047,,Media file,player #1:C:/Users/brayd/Desktop/Padilla-Coreano Lab/Social Memory/13_cage_p1_converted.mp4,0.0,1740.200,2342.533,15.000,social_agent,117.336,anogenital sniffing,Not defined,STATE,2242.400,2243.133,0.733,C:/Users/brayd/Desktop/Padilla-Coreano Lab/Social Memory/13_cage_p1_converted.mp4,33636,33647,,,,
13_cage_p1,2024-09-24 11:18:26.047,,Media file,player #1:C:/Users/brayd/Desktop/Padilla-Coreano Lab/Social Memory/13_cage_p1_converted.mp4,0.0,1740.200,2342.533,15.000,social_agent,117.336,facial sniffing,Not defined,STATE,2244.800,2245.667,0.867,C:/Users/brayd/Desktop/Padilla-Coreano Lab/Social Memory/13_cage_p1_converted.mp4,33672,33685,,,,
13_cage_p1,2024-09-24 11:18:26.047,,Media file,player #1:C:/Users/brayd/Desktop/Padilla-Coreano Lab/Social Memory/13_cage_p1_converted.mp4,0.0,1740.200,2342.533,15.000,subject,94.473,facial sniffing,Not defined,STATE,2279.333,2279.800,0.467,C:/Users/brayd/Desktop/Padilla-Coreano Lab/Social Memory/13_cage_p1_converted.mp4,34190,34197,,,,
13_cage_p1,2024-09-24 11:18:26.047,,Media file,player #1:C:/Users/brayd/Desktop/Padilla-Coreano Lab/Social Memory/13_cage_p1_converted.mp4,0.0,1740.200,2342.533,15.000,subject,94.473,facial sniffing,Not defined,STATE,2282.733,2284.467,1.734,C:/Users/brayd/Desktop/Padilla-Coreano Lab/Social Memory/13_cage_p1_converted.mp4,34241,34267,,,,
13_cage_p1,2024-09-24 11:18:26.047,,Media file,player #1:C:/Users/brayd/Desktop/Padilla-Coreano Lab/Social Memory/13_cage_p1_converted.mp4,0.0,1740.200,2342.533,15.000,subject,94.473,facial sniffing,Not defined,STATE,2294.000,2296.067,2.067,C:/Users/brayd/Desktop/Padilla-Coreano Lab/Social Memory/13_cage_p1_converted.mp4,34410,34441,,,,
13_cage_p1,2024-09-24 11:18:26.047,,Media file,player #1:C:/Users/brayd/Desktop/Padilla-Coreano Lab/Social Memory/13_cage_p1_converted.mp4,0.0,1740.200,2342.533,15.000,social_agent,117.336,facial sniffing,Not defined,STATE,2296.533,2298.333,1.800,C:/Users/brayd/Desktop/Padilla-Coreano Lab/Social Memory/13_cage_p1_converted.mp4,34448,34476,,,,
13_cage_p1,2024-09-24 11:18:26.047,,Media file,player #1:C:/Users/brayd/Desktop/Padilla-Coreano Lab/Social Memory/13_cage_p1_converted.mp4,0.0,1740.200,2342.533,15.000,social_agent,117.336,facial sniffing,Not defined,STATE,2299.533,2300.933,1.400,C:/Users/brayd/Desktop/Padilla-Coreano Lab/Social Memory/13_cage_p1_converted.mp4,34493,34514,,,,
13_cage_p1,2024-09-24 11:18:26.047,,Media file,player #1:C:/Users/brayd/Desktop/Padilla-Coreano Lab/Social Memory/13_cage_p1_converted.mp4,0.0,1740.200,2342.533,15.000,social_agent,117.336,facial sniffing,Not defined,STATE,2303.400,2304.667,1.267,C:/Users/brayd/Desktop/Padilla-Coreano Lab/Social Memory/13_cage_p1_converted.mp4,34551,34570,,,,
13_cage_p1,2024-09-24 11:18:26.047,,Media file,player #1:C:/Users/brayd/Desktop/Padilla-Coreano Lab/Social Memory/13_cage_p1_converted.mp4,0.0,1740.200,2342.533,15.000,subject,94.473,facial sniffing,Not defined,STATE,2315.600,2317.133,1.533,C:/Users/brayd/Desktop/Padilla-Coreano Lab/Social Memory/13_cage_p1_converted.mp4,34734,34757,,,,
13_cage_p1,2024-09-24 11:18:26.047,,Media file,player #1:C:/Users/brayd/Desktop/Padilla-Coreano Lab/Social Memory/13_cage_p1_converted.mp4,0.0,1740.200,2342.533,15.000,subject,94.473,facial sniffing,Not defined,STATE,2317.933,2319.000,1.067,C:/Users/brayd/Desktop/Padilla-Coreano Lab/Social Memory/13_cage_p1_converted.mp4,34769,34785,,,,
13_cage_p1,2024-09-24 11:18:26.047,,Media file,player #1:C:/Users/brayd/Desktop/Padilla-Coreano Lab/Social Memory/13_cage_p1_converted.mp4,0.0,1740.200,2342.533,15.000,subject,94.473,facial sniffing,Not defined,STATE,2319.600,2320.200,0.600,C:/Users/brayd/Desktop/Padilla-Coreano Lab/Social Memory/13_cage_p1_converted.mp4,34794,34803,,,,
13_cage_p1,2024-09-24 11:18:26.047,,Media file,player #1:C:/Users/brayd/Desktop/Padilla-Coreano Lab/Social Memory/13_cage_p1_converted.mp4,0.0,1740.200,2342.533,15.000,subject,94.473,facial sniffing,Not defined,STATE,2325.000,2325.667,0.667,C:/Users/brayd/Desktop/Padilla-Coreano Lab/Social Memory/13_cage_p1_converted.mp4,34875,34885,,,,
13_cage_p1,2024-09-24 11:18:26.047,,Media file,player #1:C:/Users/brayd/Desktop/Padilla-Coreano Lab/Social Memory/13_cage_p1_converted.mp4,0.0,1740.200,2342.533,15.000,subject,94.473,facial sniffing,Not defined,STATE,2326.333,2327.867,1.534,C:/Users/brayd/Desktop/Padilla-Coreano Lab/Social Memory/13_cage_p1_converted.mp4,34895,34918,,,,
13_cage_p1,2024-09-24 11:18:26.047,,Media file,player #1:C:/Users/brayd/Desktop/Padilla-Coreano Lab/Social Memory/13_cage_p1_converted.mp4,0.0,1740.200,2342.533,15.000,subject,94.473,facial sniffing,Not defined,STATE,2332.800,2334.533,1.733,C:/Users/brayd/Desktop/Padilla-Coreano Lab/Social Memory/13_cage_p1_converted.mp4,34992,35018,,,,
13_cage_p1,2024-09-24 11:18:26.047,,Media file,player #1:C:/Users/brayd/Desktop/Padilla-Coreano Lab/Social Memory/13_cage_p1_converted.mp4,0.0,1740.200,2342.533,15.000,subject,94.473,anogenital sniffing,Not defined,STATE,2335.000,2335.400,0.400,C:/Users/brayd/Desktop/Padilla-Coreano Lab/Social Memory/13_cage_p1_converted.mp4,35025,35031,,,,
13_cage_p1,2024-09-24 11:18:26.047,,Media file,player #1:C:/Users/brayd/Desktop/Padilla-Coreano Lab/Social Memory/13_cage_p1_converted.mp4,0.0,1740.200,2342.533,15.000,social_agent,117.336,anogenital sniffing,Not defined,STATE,2337.000,2339.133,2.133,C:/Users/brayd/Desktop/Padilla-Coreano Lab/Social Memory/13_cage_p1_converted.mp4,35055,35087,,,,
13_cage_p1,2024-09-24 11:18:26.047,,Media file,player #1:C:/Users/brayd/Desktop/Padilla-Coreano Lab/Social Memory/13_cage_p1_converted.mp4,0.0,1740.200,2342.533,15.000,social_agent,117.336,facial sniffing,Not defined,STATE,2339.533,2342.467,2.934,C:/Users/brayd/Desktop/Padilla-Coreano Lab/Social Memory/13_cage_p1_converted.mp4,35093,35137,,,,
