Observation id,Observation date,Description,Observation type,Source,Time offset (s),Coding duration,Media duration (s),FPS (frame/s),Subject,Observation duration by subject by observation,Behavior,Behavioral category,Behavior type,Start (s),Stop (s),Duration (s),Media file name,Image index start,Image index stop,Image file path start,Image file path stop,Comment start,Comment stop
21_nov_p1,2024-10-16 11:50:52.548,,Media file,player #1:C:/Users/brayd/Desktop/Padilla-Coreano Lab/Social Memory/21_nov_p1/21_nov_p1_converted.mp4,0.0,913.250,1241.357,28.000,social_agent,161.07,mice back in,Not defined,POINT,324.464,324.464,NA,C:/Users/brayd/Desktop/Padilla-Coreano Lab/Social Memory/21_nov_p1/21_nov_p1_converted.mp4,9085,9085,,,,
21_nov_p1,2024-10-16 11:50:52.548,,Media file,player #1:C:/Users/brayd/Desktop/Padilla-Coreano Lab/Social Memory/21_nov_p1/21_nov_p1_converted.mp4,0.0,913.250,1241.357,28.000,subject,177.631,anogenital sniffing,Not defined,STATE,326.429,326.714,0.285,C:/Users/brayd/Desktop/Padilla-Coreano Lab/Social Memory/21_nov_p1/21_nov_p1_converted.mp4,9140,9148,,,,
21_nov_p1,2024-10-16 11:50:52.548,,Media file,player #1:C:/Users/brayd/Desktop/Padilla-Coreano Lab/Social Memory/21_nov_p1/21_nov_p1_converted.mp4,0.0,913.250,1241.357,28.000,subject,177.631,anogenital sniffing,Not defined,STATE,327.286,327.786,0.500,C:/Users/brayd/Desktop/Padilla-Coreano Lab/Social Memory/21_nov_p1/21_nov_p1_converted.mp4,9164,9178,,,,
21_nov_p1,2024-10-16 11:50:52.548,,Media file,player #1:C:/Users/brayd/Desktop/Padilla-Coreano Lab/Social Memory/21_nov_p1/21_nov_p1_converted.mp4,0.0,913.250,1241.357,28.000,subject,177.631,anogenital sniffing,Not defined,STATE,330.857,331.464,0.607,C:/Users/brayd/Desktop/Padilla-Coreano Lab/Social Memory/21_nov_p1/21_nov_p1_converted.mp4,9264,9281,,,,
21_nov_p1,2024-10-16 11:50:52.548,,Media file,player #1:C:/Users/brayd/Desktop/Padilla-Coreano Lab/Social Memory/21_nov_p1/21_nov_p1_converted.mp4,0.0,913.250,1241.357,28.000,subject,177.631,facial sniffing,Not defined,STATE,335.893,337.250,1.357,C:/Users/brayd/Desktop/Padilla-Coreano Lab/Social Memory/21_nov_p1/21_nov_p1_converted.mp4,9405,9443,,,,
21_nov_p1,2024-10-16 11:50:52.548,,Media file,player #1:C:/Users/brayd/Desktop/Padilla-Coreano Lab/Social Memory/21_nov_p1/21_nov_p1_converted.mp4,0.0,913.250,1241.357,28.000,subject,177.631,anogenital sniffing,Not defined,STATE,340.571,341.107,0.536,C:/Users/brayd/Desktop/Padilla-Coreano Lab/Social Memory/21_nov_p1/21_nov_p1_converted.mp4,9536,9551,,,,
21_nov_p1,2024-10-16 11:50:52.548,,Media file,player #1:C:/Users/brayd/Desktop/Padilla-Coreano Lab/Social Memory/21_nov_p1/21_nov_p1_converted.mp4,0.0,913.250,1241.357,28.000,subject,177.631,anogenital sniffing,Not defined,STATE,342.500,342.786,0.286,C:/Users/brayd/Desktop/Padilla-Coreano Lab/Social Memory/21_nov_p1/21_nov_p1_converted.mp4,9590,9598,,,,
21_nov_p1,2024-10-16 11:50:52.548,,Media file,player #1:C:/Users/brayd/Desktop/Padilla-Coreano Lab/Social Memory/21_nov_p1/21_nov_p1_converted.mp4,0.0,913.250,1241.357,28.000,subject,177.631,anogenital sniffing,Not defined,STATE,343.179,344.357,1.178,C:/Users/brayd/Desktop/Padilla-Coreano Lab/Social Memory/21_nov_p1/21_nov_p1_converted.mp4,9609,9642,,,,
21_nov_p1,2024-10-16 11:50:52.548,,Media file,player #1:C:/Users/brayd/Desktop/Padilla-Coreano Lab/Social Memory/21_nov_p1/21_nov_p1_converted.mp4,0.0,913.250,1241.357,28.000,subject,177.631,facial sniffing,Not defined,STATE,346.214,347.321,1.107,C:/Users/brayd/Desktop/Padilla-Coreano Lab/Social Memory/21_nov_p1/21_nov_p1_converted.mp4,9694,9725,,,,
21_nov_p1,2024-10-16 11:50:52.548,,Media file,player #1:C:/Users/brayd/Desktop/Padilla-Coreano Lab/Social Memory/21_nov_p1/21_nov_p1_converted.mp4,0.0,913.250,1241.357,28.000,subject,177.631,facial sniffing,Not defined,STATE,349.321,349.536,0.215,C:/Users/brayd/Desktop/Padilla-Coreano Lab/Social Memory/21_nov_p1/21_nov_p1_converted.mp4,9781,9787,,,,
21_nov_p1,2024-10-16 11:50:52.548,,Media file,player #1:C:/Users/brayd/Desktop/Padilla-Coreano Lab/Social Memory/21_nov_p1/21_nov_p1_converted.mp4,0.0,913.250,1241.357,28.000,subject,177.631,anogenital sniffing,Not defined,STATE,350.179,350.393,0.214,C:/Users/brayd/Desktop/Padilla-Coreano Lab/Social Memory/21_nov_p1/21_nov_p1_converted.mp4,9805,9811,,,,
21_nov_p1,2024-10-16 11:50:52.548,,Media file,player #1:C:/Users/brayd/Desktop/Padilla-Coreano Lab/Social Memory/21_nov_p1/21_nov_p1_converted.mp4,0.0,913.250,1241.357,28.000,subject,177.631,facial sniffing,Not defined,STATE,350.571,351.821,1.250,C:/Users/brayd/Desktop/Padilla-Coreano Lab/Social Memory/21_nov_p1/21_nov_p1_converted.mp4,9816,9851,,,,
21_nov_p1,2024-10-16 11:50:52.548,,Media file,player #1:C:/Users/brayd/Desktop/Padilla-Coreano Lab/Social Memory/21_nov_p1/21_nov_p1_converted.mp4,0.0,913.250,1241.357,28.000,subject,177.631,anogenital sniffing,Not defined,STATE,353.321,353.500,0.179,C:/Users/brayd/Desktop/Padilla-Coreano Lab/Social Memory/21_nov_p1/21_nov_p1_converted.mp4,9893,9898,,,,
21_nov_p1,2024-10-16 11:50:52.548,,Media file,player #1:C:/Users/brayd/Desktop/Padilla-Coreano Lab/Social Memory/21_nov_p1/21_nov_p1_converted.mp4,0.0,913.250,1241.357,28.000,subject,177.631,facial sniffing,Not defined,STATE,353.607,353.857,0.250,C:/Users/brayd/Desktop/Padilla-Coreano Lab/Social Memory/21_nov_p1/21_nov_p1_converted.mp4,9901,9908,,,,
21_nov_p1,2024-10-16 11:50:52.548,,Media file,player #1:C:/Users/brayd/Desktop/Padilla-Coreano Lab/Social Memory/21_nov_p1/21_nov_p1_converted.mp4,0.0,913.250,1241.357,28.000,subject,177.631,anogenital sniffing,Not defined,STATE,354.929,355.500,0.571,C:/Users/brayd/Desktop/Padilla-Coreano Lab/Social Memory/21_nov_p1/21_nov_p1_converted.mp4,9938,9954,,,,
21_nov_p1,2024-10-16 11:50:52.548,,Media file,player #1:C:/Users/brayd/Desktop/Padilla-Coreano Lab/Social Memory/21_nov_p1/21_nov_p1_converted.mp4,0.0,913.250,1241.357,28.000,subject,177.631,facial sniffing,Not defined,STATE,356.036,356.357,0.321,C:/Users/brayd/Desktop/Padilla-Coreano Lab/Social Memory/21_nov_p1/21_nov_p1_converted.mp4,9969,9978,,,,
21_nov_p1,2024-10-16 11:50:52.548,,Media file,player #1:C:/Users/brayd/Desktop/Padilla-Coreano Lab/Social Memory/21_nov_p1/21_nov_p1_converted.mp4,0.0,913.250,1241.357,28.000,subject,177.631,anogenital sniffing,Not defined,STATE,356.786,357.571,0.785,C:/Users/brayd/Desktop/Padilla-Coreano Lab/Social Memory/21_nov_p1/21_nov_p1_converted.mp4,9990,10012,,,,
21_nov_p1,2024-10-16 11:50:52.548,,Media file,player #1:C:/Users/brayd/Desktop/Padilla-Coreano Lab/Social Memory/21_nov_p1/21_nov_p1_converted.mp4,0.0,913.250,1241.357,28.000,subject,177.631,anogenital sniffing,Not defined,STATE,360.750,361.107,0.357,C:/Users/brayd/Desktop/Padilla-Coreano Lab/Social Memory/21_nov_p1/21_nov_p1_converted.mp4,10101,10111,,,,
21_nov_p1,2024-10-16 11:50:52.548,,Media file,player #1:C:/Users/brayd/Desktop/Padilla-Coreano Lab/Social Memory/21_nov_p1/21_nov_p1_converted.mp4,0.0,913.250,1241.357,28.000,subject,177.631,anogenital sniffing,Not defined,STATE,362.536,363.429,0.893,C:/Users/brayd/Desktop/Padilla-Coreano Lab/Social Memory/21_nov_p1/21_nov_p1_converted.mp4,10151,10176,,,,
21_nov_p1,2024-10-16 11:50:52.548,,Media file,player #1:C:/Users/brayd/Desktop/Padilla-Coreano Lab/Social Memory/21_nov_p1/21_nov_p1_converted.mp4,0.0,913.250,1241.357,28.000,subject,177.631,anogenital sniffing,Not defined,STATE,363.893,365.821,1.928,C:/Users/brayd/Desktop/Padilla-Coreano Lab/Social Memory/21_nov_p1/21_nov_p1_converted.mp4,10189,10243,,,,
21_nov_p1,2024-10-16 11:50:52.548,,Media file,player #1:C:/Users/brayd/Desktop/Padilla-Coreano Lab/Social Memory/21_nov_p1/21_nov_p1_converted.mp4,0.0,913.250,1241.357,28.000,subject,177.631,anogenital sniffing,Not defined,STATE,367.321,367.857,0.536,C:/Users/brayd/Desktop/Padilla-Coreano Lab/Social Memory/21_nov_p1/21_nov_p1_converted.mp4,10285,10300,,,,
21_nov_p1,2024-10-16 11:50:52.548,,Media file,player #1:C:/Users/brayd/Desktop/Padilla-Coreano Lab/Social Memory/21_nov_p1/21_nov_p1_converted.mp4,0.0,913.250,1241.357,28.000,subject,177.631,anogenital sniffing,Not defined,STATE,368.179,368.464,0.285,C:/Users/brayd/Desktop/Padilla-Coreano Lab/Social Memory/21_nov_p1/21_nov_p1_converted.mp4,10309,10317,,,,
21_nov_p1,2024-10-16 11:50:52.548,,Media file,player #1:C:/Users/brayd/Desktop/Padilla-Coreano Lab/Social Memory/21_nov_p1/21_nov_p1_converted.mp4,0.0,913.250,1241.357,28.000,social_agent,161.07,anogenital sniffing,Not defined,STATE,369.071,369.357,0.286,C:/Users/brayd/Desktop/Padilla-Coreano Lab/Social Memory/21_nov_p1/21_nov_p1_converted.mp4,10334,10342,,,,
21_nov_p1,2024-10-16 11:50:52.548,,Media file,player #1:C:/Users/brayd/Desktop/Padilla-Coreano Lab/Social Memory/21_nov_p1/21_nov_p1_converted.mp4,0.0,913.250,1241.357,28.000,subject,177.631,anogenital sniffing,Not defined,STATE,369.893,370.893,1.000,C:/Users/brayd/Desktop/Padilla-Coreano Lab/Social Memory/21_nov_p1/21_nov_p1_converted.mp4,10357,10385,,,,
21_nov_p1,2024-10-16 11:50:52.548,,Media file,player #1:C:/Users/brayd/Desktop/Padilla-Coreano Lab/Social Memory/21_nov_p1/21_nov_p1_converted.mp4,0.0,913.250,1241.357,28.000,subject,177.631,anogenital sniffing,Not defined,STATE,372.500,372.750,0.250,C:/Users/brayd/Desktop/Padilla-Coreano Lab/Social Memory/21_nov_p1/21_nov_p1_converted.mp4,10430,10437,,,,
21_nov_p1,2024-10-16 11:50:52.548,,Media file,player #1:C:/Users/brayd/Desktop/Padilla-Coreano Lab/Social Memory/21_nov_p1/21_nov_p1_converted.mp4,0.0,913.250,1241.357,28.000,subject,177.631,anogenital sniffing,Not defined,STATE,372.929,377.857,4.928,C:/Users/brayd/Desktop/Padilla-Coreano Lab/Social Memory/21_nov_p1/21_nov_p1_converted.mp4,10442,10580,,,,
21_nov_p1,2024-10-16 11:50:52.548,,Media file,player #1:C:/Users/brayd/Desktop/Padilla-Coreano Lab/Social Memory/21_nov_p1/21_nov_p1_converted.mp4,0.0,913.250,1241.357,28.000,social_agent,161.07,anogenital sniffing,Not defined,STATE,378.536,378.929,0.393,C:/Users/brayd/Desktop/Padilla-Coreano Lab/Social Memory/21_nov_p1/21_nov_p1_converted.mp4,10599,10610,,,,
21_nov_p1,2024-10-16 11:50:52.548,,Media file,player #1:C:/Users/brayd/Desktop/Padilla-Coreano Lab/Social Memory/21_nov_p1/21_nov_p1_converted.mp4,0.0,913.250,1241.357,28.000,subject,177.631,anogenital sniffing,Not defined,STATE,379.607,380.964,1.357,C:/Users/brayd/Desktop/Padilla-Coreano Lab/Social Memory/21_nov_p1/21_nov_p1_converted.mp4,10629,10667,,,,
21_nov_p1,2024-10-16 11:50:52.548,,Media file,player #1:C:/Users/brayd/Desktop/Padilla-Coreano Lab/Social Memory/21_nov_p1/21_nov_p1_converted.mp4,0.0,913.250,1241.357,28.000,subject,177.631,anogenital sniffing,Not defined,STATE,381.893,383.464,1.571,C:/Users/brayd/Desktop/Padilla-Coreano Lab/Social Memory/21_nov_p1/21_nov_p1_converted.mp4,10693,10737,,,,
21_nov_p1,2024-10-16 11:50:52.548,,Media file,player #1:C:/Users/brayd/Desktop/Padilla-Coreano Lab/Social Memory/21_nov_p1/21_nov_p1_converted.mp4,0.0,913.250,1241.357,28.000,subject,177.631,anogenital sniffing,Not defined,STATE,384.464,384.679,0.215,C:/Users/brayd/Desktop/Padilla-Coreano Lab/Social Memory/21_nov_p1/21_nov_p1_converted.mp4,10765,10771,,,,
21_nov_p1,2024-10-16 11:50:52.548,,Media file,player #1:C:/Users/brayd/Desktop/Padilla-Coreano Lab/Social Memory/21_nov_p1/21_nov_p1_converted.mp4,0.0,913.250,1241.357,28.000,subject,177.631,anogenital sniffing,Not defined,STATE,387.286,389.036,1.750,C:/Users/brayd/Desktop/Padilla-Coreano Lab/Social Memory/21_nov_p1/21_nov_p1_converted.mp4,10844,10893,,,,
21_nov_p1,2024-10-16 11:50:52.548,,Media file,player #1:C:/Users/brayd/Desktop/Padilla-Coreano Lab/Social Memory/21_nov_p1/21_nov_p1_converted.mp4,0.0,913.250,1241.357,28.000,social_agent,161.07,anogenital sniffing,Not defined,STATE,389.786,391.357,1.571,C:/Users/brayd/Desktop/Padilla-Coreano Lab/Social Memory/21_nov_p1/21_nov_p1_converted.mp4,10914,10958,,,,
21_nov_p1,2024-10-16 11:50:52.548,,Media file,player #1:C:/Users/brayd/Desktop/Padilla-Coreano Lab/Social Memory/21_nov_p1/21_nov_p1_converted.mp4,0.0,913.250,1241.357,28.000,subject,177.631,facial sniffing,Not defined,STATE,392.036,393.679,1.643,C:/Users/brayd/Desktop/Padilla-Coreano Lab/Social Memory/21_nov_p1/21_nov_p1_converted.mp4,10977,11023,,,,
21_nov_p1,2024-10-16 11:50:52.548,,Media file,player #1:C:/Users/brayd/Desktop/Padilla-Coreano Lab/Social Memory/21_nov_p1/21_nov_p1_converted.mp4,0.0,913.250,1241.357,28.000,subject,177.631,anogenital sniffing,Not defined,STATE,393.821,394.393,0.572,C:/Users/brayd/Desktop/Padilla-Coreano Lab/Social Memory/21_nov_p1/21_nov_p1_converted.mp4,11027,11043,,,,
21_nov_p1,2024-10-16 11:50:52.548,,Media file,player #1:C:/Users/brayd/Desktop/Padilla-Coreano Lab/Social Memory/21_nov_p1/21_nov_p1_converted.mp4,0.0,913.250,1241.357,28.000,social_agent,161.07,facial sniffing,Not defined,STATE,400.143,401.250,1.107,C:/Users/brayd/Desktop/Padilla-Coreano Lab/Social Memory/21_nov_p1/21_nov_p1_converted.mp4,11204,11235,,,,
21_nov_p1,2024-10-16 11:50:52.548,,Media file,player #1:C:/Users/brayd/Desktop/Padilla-Coreano Lab/Social Memory/21_nov_p1/21_nov_p1_converted.mp4,0.0,913.250,1241.357,28.000,subject,177.631,anogenital sniffing,Not defined,STATE,403.821,404.321,0.500,C:/Users/brayd/Desktop/Padilla-Coreano Lab/Social Memory/21_nov_p1/21_nov_p1_converted.mp4,11307,11321,,,,
21_nov_p1,2024-10-16 11:50:52.548,,Media file,player #1:C:/Users/brayd/Desktop/Padilla-Coreano Lab/Social Memory/21_nov_p1/21_nov_p1_converted.mp4,0.0,913.250,1241.357,28.000,subject,177.631,anogenital sniffing,Not defined,STATE,404.643,405.071,0.428,C:/Users/brayd/Desktop/Padilla-Coreano Lab/Social Memory/21_nov_p1/21_nov_p1_converted.mp4,11330,11342,,,,
21_nov_p1,2024-10-16 11:50:52.548,,Media file,player #1:C:/Users/brayd/Desktop/Padilla-Coreano Lab/Social Memory/21_nov_p1/21_nov_p1_converted.mp4,0.0,913.250,1241.357,28.000,subject,177.631,anogenital sniffing,Not defined,STATE,405.857,406.750,0.893,C:/Users/brayd/Desktop/Padilla-Coreano Lab/Social Memory/21_nov_p1/21_nov_p1_converted.mp4,11364,11389,,,,
21_nov_p1,2024-10-16 11:50:52.548,,Media file,player #1:C:/Users/brayd/Desktop/Padilla-Coreano Lab/Social Memory/21_nov_p1/21_nov_p1_converted.mp4,0.0,913.250,1241.357,28.000,subject,177.631,anogenital sniffing,Not defined,STATE,407.821,409.000,1.179,C:/Users/brayd/Desktop/Padilla-Coreano Lab/Social Memory/21_nov_p1/21_nov_p1_converted.mp4,11419,11452,,,,
21_nov_p1,2024-10-16 11:50:52.548,,Media file,player #1:C:/Users/brayd/Desktop/Padilla-Coreano Lab/Social Memory/21_nov_p1/21_nov_p1_converted.mp4,0.0,913.250,1241.357,28.000,subject,177.631,facial sniffing,Not defined,STATE,411.893,412.500,0.607,C:/Users/brayd/Desktop/Padilla-Coreano Lab/Social Memory/21_nov_p1/21_nov_p1_converted.mp4,11533,11550,,,,
21_nov_p1,2024-10-16 11:50:52.548,,Media file,player #1:C:/Users/brayd/Desktop/Padilla-Coreano Lab/Social Memory/21_nov_p1/21_nov_p1_converted.mp4,0.0,913.250,1241.357,28.000,subject,177.631,facial sniffing,Not defined,STATE,413.536,414.321,0.785,C:/Users/brayd/Desktop/Padilla-Coreano Lab/Social Memory/21_nov_p1/21_nov_p1_converted.mp4,11579,11601,,,,
21_nov_p1,2024-10-16 11:50:52.548,,Media file,player #1:C:/Users/brayd/Desktop/Padilla-Coreano Lab/Social Memory/21_nov_p1/21_nov_p1_converted.mp4,0.0,913.250,1241.357,28.000,subject,177.631,anogenital sniffing,Not defined,STATE,414.857,415.464,0.607,C:/Users/brayd/Desktop/Padilla-Coreano Lab/Social Memory/21_nov_p1/21_nov_p1_converted.mp4,11616,11633,,,,
21_nov_p1,2024-10-16 11:50:52.548,,Media file,player #1:C:/Users/brayd/Desktop/Padilla-Coreano Lab/Social Memory/21_nov_p1/21_nov_p1_converted.mp4,0.0,913.250,1241.357,28.000,subject,177.631,anogenital sniffing,Not defined,STATE,416.929,417.250,0.321,C:/Users/brayd/Desktop/Padilla-Coreano Lab/Social Memory/21_nov_p1/21_nov_p1_converted.mp4,11674,11683,,,,
21_nov_p1,2024-10-16 11:50:52.548,,Media file,player #1:C:/Users/brayd/Desktop/Padilla-Coreano Lab/Social Memory/21_nov_p1/21_nov_p1_converted.mp4,0.0,913.250,1241.357,28.000,subject,177.631,anogenital sniffing,Not defined,STATE,418.000,421.107,3.107,C:/Users/brayd/Desktop/Padilla-Coreano Lab/Social Memory/21_nov_p1/21_nov_p1_converted.mp4,11704,11791,,,,
21_nov_p1,2024-10-16 11:50:52.548,,Media file,player #1:C:/Users/brayd/Desktop/Padilla-Coreano Lab/Social Memory/21_nov_p1/21_nov_p1_converted.mp4,0.0,913.250,1241.357,28.000,social_agent,161.07,anogenital sniffing,Not defined,STATE,427.643,429.679,2.036,C:/Users/brayd/Desktop/Padilla-Coreano Lab/Social Memory/21_nov_p1/21_nov_p1_converted.mp4,11974,12031,,,,
21_nov_p1,2024-10-16 11:50:52.548,,Media file,player #1:C:/Users/brayd/Desktop/Padilla-Coreano Lab/Social Memory/21_nov_p1/21_nov_p1_converted.mp4,0.0,913.250,1241.357,28.000,social_agent,161.07,anogenital sniffing,Not defined,STATE,429.929,430.643,0.714,C:/Users/brayd/Desktop/Padilla-Coreano Lab/Social Memory/21_nov_p1/21_nov_p1_converted.mp4,12038,12058,,,,
21_nov_p1,2024-10-16 11:50:52.548,,Media file,player #1:C:/Users/brayd/Desktop/Padilla-Coreano Lab/Social Memory/21_nov_p1/21_nov_p1_converted.mp4,0.0,913.250,1241.357,28.000,subject,177.631,anogenital sniffing,Not defined,STATE,431.179,431.714,0.535,C:/Users/brayd/Desktop/Padilla-Coreano Lab/Social Memory/21_nov_p1/21_nov_p1_converted.mp4,12073,12088,,,,
21_nov_p1,2024-10-16 11:50:52.548,,Media file,player #1:C:/Users/brayd/Desktop/Padilla-Coreano Lab/Social Memory/21_nov_p1/21_nov_p1_converted.mp4,0.0,913.250,1241.357,28.000,subject,177.631,facial sniffing,Not defined,STATE,431.964,432.607,0.643,C:/Users/brayd/Desktop/Padilla-Coreano Lab/Social Memory/21_nov_p1/21_nov_p1_converted.mp4,12095,12113,,,,
21_nov_p1,2024-10-16 11:50:52.548,,Media file,player #1:C:/Users/brayd/Desktop/Padilla-Coreano Lab/Social Memory/21_nov_p1/21_nov_p1_converted.mp4,0.0,913.250,1241.357,28.000,social_agent,161.07,facial sniffing,Not defined,STATE,435.214,435.643,0.429,C:/Users/brayd/Desktop/Padilla-Coreano Lab/Social Memory/21_nov_p1/21_nov_p1_converted.mp4,12186,12198,,,,
21_nov_p1,2024-10-16 11:50:52.548,,Media file,player #1:C:/Users/brayd/Desktop/Padilla-Coreano Lab/Social Memory/21_nov_p1/21_nov_p1_converted.mp4,0.0,913.250,1241.357,28.000,social_agent,161.07,facial sniffing,Not defined,STATE,438.964,439.214,0.250,C:/Users/brayd/Desktop/Padilla-Coreano Lab/Social Memory/21_nov_p1/21_nov_p1_converted.mp4,12291,12298,,,,
21_nov_p1,2024-10-16 11:50:52.548,,Media file,player #1:C:/Users/brayd/Desktop/Padilla-Coreano Lab/Social Memory/21_nov_p1/21_nov_p1_converted.mp4,0.0,913.250,1241.357,28.000,social_agent,161.07,facial sniffing,Not defined,STATE,447.357,450.857,3.500,C:/Users/brayd/Desktop/Padilla-Coreano Lab/Social Memory/21_nov_p1/21_nov_p1_converted.mp4,12526,12624,,,,
21_nov_p1,2024-10-16 11:50:52.548,,Media file,player #1:C:/Users/brayd/Desktop/Padilla-Coreano Lab/Social Memory/21_nov_p1/21_nov_p1_converted.mp4,0.0,913.250,1241.357,28.000,social_agent,161.07,anogenital sniffing,Not defined,STATE,451.321,451.929,0.608,C:/Users/brayd/Desktop/Padilla-Coreano Lab/Social Memory/21_nov_p1/21_nov_p1_converted.mp4,12637,12654,,,,
21_nov_p1,2024-10-16 11:50:52.548,,Media file,player #1:C:/Users/brayd/Desktop/Padilla-Coreano Lab/Social Memory/21_nov_p1/21_nov_p1_converted.mp4,0.0,913.250,1241.357,28.000,subject,177.631,facial sniffing,Not defined,STATE,462.000,462.464,0.464,C:/Users/brayd/Desktop/Padilla-Coreano Lab/Social Memory/21_nov_p1/21_nov_p1_converted.mp4,12936,12949,,,,
21_nov_p1,2024-10-16 11:50:52.548,,Media file,player #1:C:/Users/brayd/Desktop/Padilla-Coreano Lab/Social Memory/21_nov_p1/21_nov_p1_converted.mp4,0.0,913.250,1241.357,28.000,subject,177.631,facial sniffing,Not defined,STATE,464.286,464.750,0.464,C:/Users/brayd/Desktop/Padilla-Coreano Lab/Social Memory/21_nov_p1/21_nov_p1_converted.mp4,13000,13013,,,,
21_nov_p1,2024-10-16 11:50:52.548,,Media file,player #1:C:/Users/brayd/Desktop/Padilla-Coreano Lab/Social Memory/21_nov_p1/21_nov_p1_converted.mp4,0.0,913.250,1241.357,28.000,subject,177.631,anogenital sniffing,Not defined,STATE,464.929,467.286,2.357,C:/Users/brayd/Desktop/Padilla-Coreano Lab/Social Memory/21_nov_p1/21_nov_p1_converted.mp4,13019,13084,,,,
21_nov_p1,2024-10-16 11:50:52.548,,Media file,player #1:C:/Users/brayd/Desktop/Padilla-Coreano Lab/Social Memory/21_nov_p1/21_nov_p1_converted.mp4,0.0,913.250,1241.357,28.000,subject,177.631,anogenital sniffing,Not defined,STATE,473.750,474.821,1.071,C:/Users/brayd/Desktop/Padilla-Coreano Lab/Social Memory/21_nov_p1/21_nov_p1_converted.mp4,13265,13295,,,,
21_nov_p1,2024-10-16 11:50:52.548,,Media file,player #1:C:/Users/brayd/Desktop/Padilla-Coreano Lab/Social Memory/21_nov_p1/21_nov_p1_converted.mp4,0.0,913.250,1241.357,28.000,social_agent,161.07,anogenital sniffing,Not defined,STATE,474.821,475.107,0.286,C:/Users/brayd/Desktop/Padilla-Coreano Lab/Social Memory/21_nov_p1/21_nov_p1_converted.mp4,13295,13303,,,,
21_nov_p1,2024-10-16 11:50:52.548,,Media file,player #1:C:/Users/brayd/Desktop/Padilla-Coreano Lab/Social Memory/21_nov_p1/21_nov_p1_converted.mp4,0.0,913.250,1241.357,28.000,social_agent,161.07,mice taken out,Not defined,POINT,482.429,482.429,NA,C:/Users/brayd/Desktop/Padilla-Coreano Lab/Social Memory/21_nov_p1/21_nov_p1_converted.mp4,13508,13508,,,,
21_nov_p1,2024-10-16 11:50:52.548,,Media file,player #1:C:/Users/brayd/Desktop/Padilla-Coreano Lab/Social Memory/21_nov_p1/21_nov_p1_converted.mp4,0.0,913.250,1241.357,28.000,social_agent,161.07,mice back in,Not defined,POINT,516.464,516.464,NA,C:/Users/brayd/Desktop/Padilla-Coreano Lab/Social Memory/21_nov_p1/21_nov_p1_converted.mp4,14461,14461,,,,
21_nov_p1,2024-10-16 11:50:52.548,,Media file,player #1:C:/Users/brayd/Desktop/Padilla-Coreano Lab/Social Memory/21_nov_p1/21_nov_p1_converted.mp4,0.0,913.250,1241.357,28.000,subject,177.631,facial sniffing,Not defined,STATE,517.464,518.071,0.607,C:/Users/brayd/Desktop/Padilla-Coreano Lab/Social Memory/21_nov_p1/21_nov_p1_converted.mp4,14489,14506,,,,
21_nov_p1,2024-10-16 11:50:52.548,,Media file,player #1:C:/Users/brayd/Desktop/Padilla-Coreano Lab/Social Memory/21_nov_p1/21_nov_p1_converted.mp4,0.0,913.250,1241.357,28.000,subject,177.631,anogenital sniffing,Not defined,STATE,518.429,518.714,0.285,C:/Users/brayd/Desktop/Padilla-Coreano Lab/Social Memory/21_nov_p1/21_nov_p1_converted.mp4,14516,14524,,,,
21_nov_p1,2024-10-16 11:50:52.548,,Media file,player #1:C:/Users/brayd/Desktop/Padilla-Coreano Lab/Social Memory/21_nov_p1/21_nov_p1_converted.mp4,0.0,913.250,1241.357,28.000,subject,177.631,anogenital sniffing,Not defined,STATE,519.179,519.929,0.750,C:/Users/brayd/Desktop/Padilla-Coreano Lab/Social Memory/21_nov_p1/21_nov_p1_converted.mp4,14537,14558,,,,
21_nov_p1,2024-10-16 11:50:52.548,,Media file,player #1:C:/Users/brayd/Desktop/Padilla-Coreano Lab/Social Memory/21_nov_p1/21_nov_p1_converted.mp4,0.0,913.250,1241.357,28.000,subject,177.631,facial sniffing,Not defined,STATE,520.036,520.286,0.250,C:/Users/brayd/Desktop/Padilla-Coreano Lab/Social Memory/21_nov_p1/21_nov_p1_converted.mp4,14561,14568,,,,
21_nov_p1,2024-10-16 11:50:52.548,,Media file,player #1:C:/Users/brayd/Desktop/Padilla-Coreano Lab/Social Memory/21_nov_p1/21_nov_p1_converted.mp4,0.0,913.250,1241.357,28.000,subject,177.631,anogenital sniffing,Not defined,STATE,520.679,521.571,0.892,C:/Users/brayd/Desktop/Padilla-Coreano Lab/Social Memory/21_nov_p1/21_nov_p1_converted.mp4,14579,14604,,,,
21_nov_p1,2024-10-16 11:50:52.548,,Media file,player #1:C:/Users/brayd/Desktop/Padilla-Coreano Lab/Social Memory/21_nov_p1/21_nov_p1_converted.mp4,0.0,913.250,1241.357,28.000,subject,177.631,anogenital sniffing,Not defined,STATE,522.607,522.786,0.179,C:/Users/brayd/Desktop/Padilla-Coreano Lab/Social Memory/21_nov_p1/21_nov_p1_converted.mp4,14633,14638,,,,
21_nov_p1,2024-10-16 11:50:52.548,,Media file,player #1:C:/Users/brayd/Desktop/Padilla-Coreano Lab/Social Memory/21_nov_p1/21_nov_p1_converted.mp4,0.0,913.250,1241.357,28.000,subject,177.631,anogenital sniffing,Not defined,STATE,523.750,524.179,0.429,C:/Users/brayd/Desktop/Padilla-Coreano Lab/Social Memory/21_nov_p1/21_nov_p1_converted.mp4,14665,14677,,,,
21_nov_p1,2024-10-16 11:50:52.548,,Media file,player #1:C:/Users/brayd/Desktop/Padilla-Coreano Lab/Social Memory/21_nov_p1/21_nov_p1_converted.mp4,0.0,913.250,1241.357,28.000,subject,177.631,anogenital sniffing,Not defined,STATE,524.714,526.393,1.679,C:/Users/brayd/Desktop/Padilla-Coreano Lab/Social Memory/21_nov_p1/21_nov_p1_converted.mp4,14692,14739,,,,
21_nov_p1,2024-10-16 11:50:52.548,,Media file,player #1:C:/Users/brayd/Desktop/Padilla-Coreano Lab/Social Memory/21_nov_p1/21_nov_p1_converted.mp4,0.0,913.250,1241.357,28.000,subject,177.631,anogenital sniffing,Not defined,STATE,527.500,529.143,1.643,C:/Users/brayd/Desktop/Padilla-Coreano Lab/Social Memory/21_nov_p1/21_nov_p1_converted.mp4,14770,14816,,,,
21_nov_p1,2024-10-16 11:50:52.548,,Media file,player #1:C:/Users/brayd/Desktop/Padilla-Coreano Lab/Social Memory/21_nov_p1/21_nov_p1_converted.mp4,0.0,913.250,1241.357,28.000,social_agent,161.07,anogenital sniffing,Not defined,STATE,529.143,530.071,0.928,C:/Users/brayd/Desktop/Padilla-Coreano Lab/Social Memory/21_nov_p1/21_nov_p1_converted.mp4,14816,14842,,,,
21_nov_p1,2024-10-16 11:50:52.548,,Media file,player #1:C:/Users/brayd/Desktop/Padilla-Coreano Lab/Social Memory/21_nov_p1/21_nov_p1_converted.mp4,0.0,913.250,1241.357,28.000,subject,177.631,facial sniffing,Not defined,STATE,531.821,533.286,1.465,C:/Users/brayd/Desktop/Padilla-Coreano Lab/Social Memory/21_nov_p1/21_nov_p1_converted.mp4,14891,14932,,,,
21_nov_p1,2024-10-16 11:50:52.548,,Media file,player #1:C:/Users/brayd/Desktop/Padilla-Coreano Lab/Social Memory/21_nov_p1/21_nov_p1_converted.mp4,0.0,913.250,1241.357,28.000,subject,177.631,anogenital sniffing,Not defined,STATE,536.107,537.000,0.893,C:/Users/brayd/Desktop/Padilla-Coreano Lab/Social Memory/21_nov_p1/21_nov_p1_converted.mp4,15011,15036,,,,
21_nov_p1,2024-10-16 11:50:52.548,,Media file,player #1:C:/Users/brayd/Desktop/Padilla-Coreano Lab/Social Memory/21_nov_p1/21_nov_p1_converted.mp4,0.0,913.250,1241.357,28.000,social_agent,161.07,anogenital sniffing,Not defined,STATE,537.000,540.714,3.714,C:/Users/brayd/Desktop/Padilla-Coreano Lab/Social Memory/21_nov_p1/21_nov_p1_converted.mp4,15036,15140,,,,
21_nov_p1,2024-10-16 11:50:52.548,,Media file,player #1:C:/Users/brayd/Desktop/Padilla-Coreano Lab/Social Memory/21_nov_p1/21_nov_p1_converted.mp4,0.0,913.250,1241.357,28.000,subject,177.631,facial sniffing,Not defined,STATE,541.143,541.536,0.393,C:/Users/brayd/Desktop/Padilla-Coreano Lab/Social Memory/21_nov_p1/21_nov_p1_converted.mp4,15152,15163,,,,
21_nov_p1,2024-10-16 11:50:52.548,,Media file,player #1:C:/Users/brayd/Desktop/Padilla-Coreano Lab/Social Memory/21_nov_p1/21_nov_p1_converted.mp4,0.0,913.250,1241.357,28.000,subject,177.631,anogenital sniffing,Not defined,STATE,541.857,542.250,0.393,C:/Users/brayd/Desktop/Padilla-Coreano Lab/Social Memory/21_nov_p1/21_nov_p1_converted.mp4,15172,15183,,,,
21_nov_p1,2024-10-16 11:50:52.548,,Media file,player #1:C:/Users/brayd/Desktop/Padilla-Coreano Lab/Social Memory/21_nov_p1/21_nov_p1_converted.mp4,0.0,913.250,1241.357,28.000,subject,177.631,facial sniffing,Not defined,STATE,542.429,542.750,0.321,C:/Users/brayd/Desktop/Padilla-Coreano Lab/Social Memory/21_nov_p1/21_nov_p1_converted.mp4,15188,15197,,,,
21_nov_p1,2024-10-16 11:50:52.548,,Media file,player #1:C:/Users/brayd/Desktop/Padilla-Coreano Lab/Social Memory/21_nov_p1/21_nov_p1_converted.mp4,0.0,913.250,1241.357,28.000,subject,177.631,anogenital sniffing,Not defined,STATE,542.750,543.286,0.536,C:/Users/brayd/Desktop/Padilla-Coreano Lab/Social Memory/21_nov_p1/21_nov_p1_converted.mp4,15197,15212,,,,
21_nov_p1,2024-10-16 11:50:52.548,,Media file,player #1:C:/Users/brayd/Desktop/Padilla-Coreano Lab/Social Memory/21_nov_p1/21_nov_p1_converted.mp4,0.0,913.250,1241.357,28.000,social_agent,161.07,anogenital sniffing,Not defined,STATE,543.286,545.000,1.714,C:/Users/brayd/Desktop/Padilla-Coreano Lab/Social Memory/21_nov_p1/21_nov_p1_converted.mp4,15212,15260,,,,
21_nov_p1,2024-10-16 11:50:52.548,,Media file,player #1:C:/Users/brayd/Desktop/Padilla-Coreano Lab/Social Memory/21_nov_p1/21_nov_p1_converted.mp4,0.0,913.250,1241.357,28.000,subject,177.631,facial sniffing,Not defined,STATE,546.929,547.250,0.321,C:/Users/brayd/Desktop/Padilla-Coreano Lab/Social Memory/21_nov_p1/21_nov_p1_converted.mp4,15314,15323,,,,
21_nov_p1,2024-10-16 11:50:52.548,,Media file,player #1:C:/Users/brayd/Desktop/Padilla-Coreano Lab/Social Memory/21_nov_p1/21_nov_p1_converted.mp4,0.0,913.250,1241.357,28.000,subject,177.631,facial sniffing,Not defined,STATE,548.286,548.857,0.571,C:/Users/brayd/Desktop/Padilla-Coreano Lab/Social Memory/21_nov_p1/21_nov_p1_converted.mp4,15352,15368,,,,
21_nov_p1,2024-10-16 11:50:52.548,,Media file,player #1:C:/Users/brayd/Desktop/Padilla-Coreano Lab/Social Memory/21_nov_p1/21_nov_p1_converted.mp4,0.0,913.250,1241.357,28.000,subject,177.631,anogenital sniffing,Not defined,STATE,549.679,550.071,0.392,C:/Users/brayd/Desktop/Padilla-Coreano Lab/Social Memory/21_nov_p1/21_nov_p1_converted.mp4,15391,15402,,,,
21_nov_p1,2024-10-16 11:50:52.548,,Media file,player #1:C:/Users/brayd/Desktop/Padilla-Coreano Lab/Social Memory/21_nov_p1/21_nov_p1_converted.mp4,0.0,913.250,1241.357,28.000,subject,177.631,facial sniffing,Not defined,STATE,550.464,550.929,0.465,C:/Users/brayd/Desktop/Padilla-Coreano Lab/Social Memory/21_nov_p1/21_nov_p1_converted.mp4,15413,15426,,,,
21_nov_p1,2024-10-16 11:50:52.548,,Media file,player #1:C:/Users/brayd/Desktop/Padilla-Coreano Lab/Social Memory/21_nov_p1/21_nov_p1_converted.mp4,0.0,913.250,1241.357,28.000,subject,177.631,facial sniffing,Not defined,STATE,555.143,555.750,0.607,C:/Users/brayd/Desktop/Padilla-Coreano Lab/Social Memory/21_nov_p1/21_nov_p1_converted.mp4,15544,15561,,,,
21_nov_p1,2024-10-16 11:50:52.548,,Media file,player #1:C:/Users/brayd/Desktop/Padilla-Coreano Lab/Social Memory/21_nov_p1/21_nov_p1_converted.mp4,0.0,913.250,1241.357,28.000,social_agent,161.07,facial sniffing,Not defined,STATE,556.857,557.321,0.464,C:/Users/brayd/Desktop/Padilla-Coreano Lab/Social Memory/21_nov_p1/21_nov_p1_converted.mp4,15592,15605,,,,
21_nov_p1,2024-10-16 11:50:52.548,,Media file,player #1:C:/Users/brayd/Desktop/Padilla-Coreano Lab/Social Memory/21_nov_p1/21_nov_p1_converted.mp4,0.0,913.250,1241.357,28.000,social_agent,161.07,anogenital sniffing,Not defined,STATE,558.607,560.286,1.679,C:/Users/brayd/Desktop/Padilla-Coreano Lab/Social Memory/21_nov_p1/21_nov_p1_converted.mp4,15641,15688,,,,
21_nov_p1,2024-10-16 11:50:52.548,,Media file,player #1:C:/Users/brayd/Desktop/Padilla-Coreano Lab/Social Memory/21_nov_p1/21_nov_p1_converted.mp4,0.0,913.250,1241.357,28.000,social_agent,161.07,facial sniffing,Not defined,STATE,561.143,561.500,0.357,C:/Users/brayd/Desktop/Padilla-Coreano Lab/Social Memory/21_nov_p1/21_nov_p1_converted.mp4,15712,15722,,,,
21_nov_p1,2024-10-16 11:50:52.548,,Media file,player #1:C:/Users/brayd/Desktop/Padilla-Coreano Lab/Social Memory/21_nov_p1/21_nov_p1_converted.mp4,0.0,913.250,1241.357,28.000,social_agent,161.07,anogenital sniffing,Not defined,STATE,561.643,562.179,0.536,C:/Users/brayd/Desktop/Padilla-Coreano Lab/Social Memory/21_nov_p1/21_nov_p1_converted.mp4,15726,15741,,,,
21_nov_p1,2024-10-16 11:50:52.548,,Media file,player #1:C:/Users/brayd/Desktop/Padilla-Coreano Lab/Social Memory/21_nov_p1/21_nov_p1_converted.mp4,0.0,913.250,1241.357,28.000,social_agent,161.07,anogenital sniffing,Not defined,STATE,563.500,564.393,0.893,C:/Users/brayd/Desktop/Padilla-Coreano Lab/Social Memory/21_nov_p1/21_nov_p1_converted.mp4,15778,15803,,,,
21_nov_p1,2024-10-16 11:50:52.548,,Media file,player #1:C:/Users/brayd/Desktop/Padilla-Coreano Lab/Social Memory/21_nov_p1/21_nov_p1_converted.mp4,0.0,913.250,1241.357,28.000,subject,177.631,anogenital sniffing,Not defined,STATE,564.393,564.607,0.214,C:/Users/brayd/Desktop/Padilla-Coreano Lab/Social Memory/21_nov_p1/21_nov_p1_converted.mp4,15803,15809,,,,
21_nov_p1,2024-10-16 11:50:52.548,,Media file,player #1:C:/Users/brayd/Desktop/Padilla-Coreano Lab/Social Memory/21_nov_p1/21_nov_p1_converted.mp4,0.0,913.250,1241.357,28.000,subject,177.631,facial sniffing,Not defined,STATE,564.679,566.536,1.857,C:/Users/brayd/Desktop/Padilla-Coreano Lab/Social Memory/21_nov_p1/21_nov_p1_converted.mp4,15811,15863,,,,
21_nov_p1,2024-10-16 11:50:52.548,,Media file,player #1:C:/Users/brayd/Desktop/Padilla-Coreano Lab/Social Memory/21_nov_p1/21_nov_p1_converted.mp4,0.0,913.250,1241.357,28.000,social_agent,161.07,anogenital sniffing,Not defined,STATE,567.143,567.429,0.286,C:/Users/brayd/Desktop/Padilla-Coreano Lab/Social Memory/21_nov_p1/21_nov_p1_converted.mp4,15880,15888,,,,
21_nov_p1,2024-10-16 11:50:52.548,,Media file,player #1:C:/Users/brayd/Desktop/Padilla-Coreano Lab/Social Memory/21_nov_p1/21_nov_p1_converted.mp4,0.0,913.250,1241.357,28.000,subject,177.631,facial sniffing,Not defined,STATE,568.857,569.357,0.500,C:/Users/brayd/Desktop/Padilla-Coreano Lab/Social Memory/21_nov_p1/21_nov_p1_converted.mp4,15928,15942,,,,
21_nov_p1,2024-10-16 11:50:52.548,,Media file,player #1:C:/Users/brayd/Desktop/Padilla-Coreano Lab/Social Memory/21_nov_p1/21_nov_p1_converted.mp4,0.0,913.250,1241.357,28.000,subject,177.631,anogenital sniffing,Not defined,STATE,569.786,572.714,2.928,C:/Users/brayd/Desktop/Padilla-Coreano Lab/Social Memory/21_nov_p1/21_nov_p1_converted.mp4,15954,16037,,,,
21_nov_p1,2024-10-16 11:50:52.548,,Media file,player #1:C:/Users/brayd/Desktop/Padilla-Coreano Lab/Social Memory/21_nov_p1/21_nov_p1_converted.mp4,0.0,913.250,1241.357,28.000,subject,177.631,anogenital sniffing,Not defined,STATE,574.964,575.607,0.643,C:/Users/brayd/Desktop/Padilla-Coreano Lab/Social Memory/21_nov_p1/21_nov_p1_converted.mp4,16099,16117,,,,
21_nov_p1,2024-10-16 11:50:52.548,,Media file,player #1:C:/Users/brayd/Desktop/Padilla-Coreano Lab/Social Memory/21_nov_p1/21_nov_p1_converted.mp4,0.0,913.250,1241.357,28.000,subject,177.631,facial sniffing,Not defined,STATE,577.429,578.036,0.607,C:/Users/brayd/Desktop/Padilla-Coreano Lab/Social Memory/21_nov_p1/21_nov_p1_converted.mp4,16168,16186,,,,
21_nov_p1,2024-10-16 11:50:52.548,,Media file,player #1:C:/Users/brayd/Desktop/Padilla-Coreano Lab/Social Memory/21_nov_p1/21_nov_p1_converted.mp4,0.0,913.250,1241.357,28.000,social_agent,161.07,anogenital sniffing,Not defined,STATE,583.893,584.250,0.357,C:/Users/brayd/Desktop/Padilla-Coreano Lab/Social Memory/21_nov_p1/21_nov_p1_converted.mp4,16349,16359,,,,
21_nov_p1,2024-10-16 11:50:52.548,,Media file,player #1:C:/Users/brayd/Desktop/Padilla-Coreano Lab/Social Memory/21_nov_p1/21_nov_p1_converted.mp4,0.0,913.250,1241.357,28.000,subject,177.631,facial sniffing,Not defined,STATE,584.500,587.571,3.071,C:/Users/brayd/Desktop/Padilla-Coreano Lab/Social Memory/21_nov_p1/21_nov_p1_converted.mp4,16366,16452,,,,
21_nov_p1,2024-10-16 11:50:52.548,,Media file,player #1:C:/Users/brayd/Desktop/Padilla-Coreano Lab/Social Memory/21_nov_p1/21_nov_p1_converted.mp4,0.0,913.250,1241.357,28.000,subject,177.631,facial sniffing,Not defined,STATE,590.179,591.250,1.071,C:/Users/brayd/Desktop/Padilla-Coreano Lab/Social Memory/21_nov_p1/21_nov_p1_converted.mp4,16525,16555,,,,
21_nov_p1,2024-10-16 11:50:52.548,,Media file,player #1:C:/Users/brayd/Desktop/Padilla-Coreano Lab/Social Memory/21_nov_p1/21_nov_p1_converted.mp4,0.0,913.250,1241.357,28.000,social_agent,161.07,facial sniffing,Not defined,STATE,591.893,592.536,0.643,C:/Users/brayd/Desktop/Padilla-Coreano Lab/Social Memory/21_nov_p1/21_nov_p1_converted.mp4,16573,16591,,,,
21_nov_p1,2024-10-16 11:50:52.548,,Media file,player #1:C:/Users/brayd/Desktop/Padilla-Coreano Lab/Social Memory/21_nov_p1/21_nov_p1_converted.mp4,0.0,913.250,1241.357,28.000,social_agent,161.07,facial sniffing,Not defined,STATE,593.321,594.393,1.072,C:/Users/brayd/Desktop/Padilla-Coreano Lab/Social Memory/21_nov_p1/21_nov_p1_converted.mp4,16613,16643,,,,
21_nov_p1,2024-10-16 11:50:52.548,,Media file,player #1:C:/Users/brayd/Desktop/Padilla-Coreano Lab/Social Memory/21_nov_p1/21_nov_p1_converted.mp4,0.0,913.250,1241.357,28.000,social_agent,161.07,anogenital sniffing,Not defined,STATE,598.429,599.071,0.642,C:/Users/brayd/Desktop/Padilla-Coreano Lab/Social Memory/21_nov_p1/21_nov_p1_converted.mp4,16756,16774,,,,
21_nov_p1,2024-10-16 11:50:52.548,,Media file,player #1:C:/Users/brayd/Desktop/Padilla-Coreano Lab/Social Memory/21_nov_p1/21_nov_p1_converted.mp4,0.0,913.250,1241.357,28.000,social_agent,161.07,facial sniffing,Not defined,STATE,600.607,601.464,0.857,C:/Users/brayd/Desktop/Padilla-Coreano Lab/Social Memory/21_nov_p1/21_nov_p1_converted.mp4,16817,16841,,,,
21_nov_p1,2024-10-16 11:50:52.548,,Media file,player #1:C:/Users/brayd/Desktop/Padilla-Coreano Lab/Social Memory/21_nov_p1/21_nov_p1_converted.mp4,0.0,913.250,1241.357,28.000,social_agent,161.07,anogenital sniffing,Not defined,STATE,603.071,604.321,1.250,C:/Users/brayd/Desktop/Padilla-Coreano Lab/Social Memory/21_nov_p1/21_nov_p1_converted.mp4,16886,16921,,,,
21_nov_p1,2024-10-16 11:50:52.548,,Media file,player #1:C:/Users/brayd/Desktop/Padilla-Coreano Lab/Social Memory/21_nov_p1/21_nov_p1_converted.mp4,0.0,913.250,1241.357,28.000,social_agent,161.07,facial sniffing,Not defined,STATE,604.679,605.321,0.642,C:/Users/brayd/Desktop/Padilla-Coreano Lab/Social Memory/21_nov_p1/21_nov_p1_converted.mp4,16931,16949,,,,
21_nov_p1,2024-10-16 11:50:52.548,,Media file,player #1:C:/Users/brayd/Desktop/Padilla-Coreano Lab/Social Memory/21_nov_p1/21_nov_p1_converted.mp4,0.0,913.250,1241.357,28.000,social_agent,161.07,anogenital sniffing,Not defined,STATE,605.464,607.536,2.072,C:/Users/brayd/Desktop/Padilla-Coreano Lab/Social Memory/21_nov_p1/21_nov_p1_converted.mp4,16953,17011,,,,
21_nov_p1,2024-10-16 11:50:52.548,,Media file,player #1:C:/Users/brayd/Desktop/Padilla-Coreano Lab/Social Memory/21_nov_p1/21_nov_p1_converted.mp4,0.0,913.250,1241.357,28.000,social_agent,161.07,anogenital sniffing,Not defined,STATE,608.607,608.964,0.357,C:/Users/brayd/Desktop/Padilla-Coreano Lab/Social Memory/21_nov_p1/21_nov_p1_converted.mp4,17041,17051,,,,
21_nov_p1,2024-10-16 11:50:52.548,,Media file,player #1:C:/Users/brayd/Desktop/Padilla-Coreano Lab/Social Memory/21_nov_p1/21_nov_p1_converted.mp4,0.0,913.250,1241.357,28.000,social_agent,161.07,facial sniffing,Not defined,STATE,609.107,610.179,1.072,C:/Users/brayd/Desktop/Padilla-Coreano Lab/Social Memory/21_nov_p1/21_nov_p1_converted.mp4,17055,17085,,,,
21_nov_p1,2024-10-16 11:50:52.548,,Media file,player #1:C:/Users/brayd/Desktop/Padilla-Coreano Lab/Social Memory/21_nov_p1/21_nov_p1_converted.mp4,0.0,913.250,1241.357,28.000,social_agent,161.07,anogenital sniffing,Not defined,STATE,610.786,611.143,0.357,C:/Users/brayd/Desktop/Padilla-Coreano Lab/Social Memory/21_nov_p1/21_nov_p1_converted.mp4,17102,17112,,,,
21_nov_p1,2024-10-16 11:50:52.548,,Media file,player #1:C:/Users/brayd/Desktop/Padilla-Coreano Lab/Social Memory/21_nov_p1/21_nov_p1_converted.mp4,0.0,913.250,1241.357,28.000,social_agent,161.07,facial sniffing,Not defined,STATE,613.000,613.393,0.393,C:/Users/brayd/Desktop/Padilla-Coreano Lab/Social Memory/21_nov_p1/21_nov_p1_converted.mp4,17164,17175,,,,
21_nov_p1,2024-10-16 11:50:52.548,,Media file,player #1:C:/Users/brayd/Desktop/Padilla-Coreano Lab/Social Memory/21_nov_p1/21_nov_p1_converted.mp4,0.0,913.250,1241.357,28.000,subject,177.631,anogenital sniffing,Not defined,STATE,622.536,623.071,0.535,C:/Users/brayd/Desktop/Padilla-Coreano Lab/Social Memory/21_nov_p1/21_nov_p1_converted.mp4,17431,17446,,,,
21_nov_p1,2024-10-16 11:50:52.548,,Media file,player #1:C:/Users/brayd/Desktop/Padilla-Coreano Lab/Social Memory/21_nov_p1/21_nov_p1_converted.mp4,0.0,913.250,1241.357,28.000,social_agent,161.07,anogenital sniffing,Not defined,STATE,623.214,624.393,1.179,C:/Users/brayd/Desktop/Padilla-Coreano Lab/Social Memory/21_nov_p1/21_nov_p1_converted.mp4,17450,17483,,,,
21_nov_p1,2024-10-16 11:50:52.548,,Media file,player #1:C:/Users/brayd/Desktop/Padilla-Coreano Lab/Social Memory/21_nov_p1/21_nov_p1_converted.mp4,0.0,913.250,1241.357,28.000,social_agent,161.07,anogenital sniffing,Not defined,STATE,628.821,629.429,0.608,C:/Users/brayd/Desktop/Padilla-Coreano Lab/Social Memory/21_nov_p1/21_nov_p1_converted.mp4,17607,17624,,,,
21_nov_p1,2024-10-16 11:50:52.548,,Media file,player #1:C:/Users/brayd/Desktop/Padilla-Coreano Lab/Social Memory/21_nov_p1/21_nov_p1_converted.mp4,0.0,913.250,1241.357,28.000,social_agent,161.07,anogenital sniffing,Not defined,STATE,630.286,630.536,0.250,C:/Users/brayd/Desktop/Padilla-Coreano Lab/Social Memory/21_nov_p1/21_nov_p1_converted.mp4,17648,17655,,,,
21_nov_p1,2024-10-16 11:50:52.548,,Media file,player #1:C:/Users/brayd/Desktop/Padilla-Coreano Lab/Social Memory/21_nov_p1/21_nov_p1_converted.mp4,0.0,913.250,1241.357,28.000,social_agent,161.07,facial sniffing,Not defined,STATE,630.786,631.214,0.428,C:/Users/brayd/Desktop/Padilla-Coreano Lab/Social Memory/21_nov_p1/21_nov_p1_converted.mp4,17662,17674,,,,
21_nov_p1,2024-10-16 11:50:52.548,,Media file,player #1:C:/Users/brayd/Desktop/Padilla-Coreano Lab/Social Memory/21_nov_p1/21_nov_p1_converted.mp4,0.0,913.250,1241.357,28.000,social_agent,161.07,anogenital sniffing,Not defined,STATE,631.357,631.643,0.286,C:/Users/brayd/Desktop/Padilla-Coreano Lab/Social Memory/21_nov_p1/21_nov_p1_converted.mp4,17678,17686,,,,
21_nov_p1,2024-10-16 11:50:52.548,,Media file,player #1:C:/Users/brayd/Desktop/Padilla-Coreano Lab/Social Memory/21_nov_p1/21_nov_p1_converted.mp4,0.0,913.250,1241.357,28.000,social_agent,161.07,anogenital sniffing,Not defined,STATE,632.607,633.429,0.822,C:/Users/brayd/Desktop/Padilla-Coreano Lab/Social Memory/21_nov_p1/21_nov_p1_converted.mp4,17713,17736,,,,
21_nov_p1,2024-10-16 11:50:52.548,,Media file,player #1:C:/Users/brayd/Desktop/Padilla-Coreano Lab/Social Memory/21_nov_p1/21_nov_p1_converted.mp4,0.0,913.250,1241.357,28.000,social_agent,161.07,facial sniffing,Not defined,STATE,633.679,634.214,0.535,C:/Users/brayd/Desktop/Padilla-Coreano Lab/Social Memory/21_nov_p1/21_nov_p1_converted.mp4,17743,17758,,,,
21_nov_p1,2024-10-16 11:50:52.548,,Media file,player #1:C:/Users/brayd/Desktop/Padilla-Coreano Lab/Social Memory/21_nov_p1/21_nov_p1_converted.mp4,0.0,913.250,1241.357,28.000,subject,177.631,facial sniffing,Not defined,STATE,641.036,643.393,2.357,C:/Users/brayd/Desktop/Padilla-Coreano Lab/Social Memory/21_nov_p1/21_nov_p1_converted.mp4,17949,18015,,,,
21_nov_p1,2024-10-16 11:50:52.548,,Media file,player #1:C:/Users/brayd/Desktop/Padilla-Coreano Lab/Social Memory/21_nov_p1/21_nov_p1_converted.mp4,0.0,913.250,1241.357,28.000,social_agent,161.07,anogenital sniffing,Not defined,STATE,651.107,652.250,1.143,C:/Users/brayd/Desktop/Padilla-Coreano Lab/Social Memory/21_nov_p1/21_nov_p1_converted.mp4,18231,18263,,,,
21_nov_p1,2024-10-16 11:50:52.548,,Media file,player #1:C:/Users/brayd/Desktop/Padilla-Coreano Lab/Social Memory/21_nov_p1/21_nov_p1_converted.mp4,0.0,913.250,1241.357,28.000,subject,177.631,facial sniffing,Not defined,STATE,653.857,654.750,0.893,C:/Users/brayd/Desktop/Padilla-Coreano Lab/Social Memory/21_nov_p1/21_nov_p1_converted.mp4,18308,18333,,,,
21_nov_p1,2024-10-16 11:50:52.548,,Media file,player #1:C:/Users/brayd/Desktop/Padilla-Coreano Lab/Social Memory/21_nov_p1/21_nov_p1_converted.mp4,0.0,913.250,1241.357,28.000,social_agent,161.07,fighting,Not defined,STATE,657.250,675.214,17.964,C:/Users/brayd/Desktop/Padilla-Coreano Lab/Social Memory/21_nov_p1/21_nov_p1_converted.mp4,18403,18906,,,,
21_nov_p1,2024-10-16 11:50:52.548,,Media file,player #1:C:/Users/brayd/Desktop/Padilla-Coreano Lab/Social Memory/21_nov_p1/21_nov_p1_converted.mp4,0.0,913.250,1241.357,28.000,social_agent,161.07,mice taken out,Not defined,POINT,675.393,675.393,NA,C:/Users/brayd/Desktop/Padilla-Coreano Lab/Social Memory/21_nov_p1/21_nov_p1_converted.mp4,18911,18911,,,,
21_nov_p1,2024-10-16 11:50:52.548,,Media file,player #1:C:/Users/brayd/Desktop/Padilla-Coreano Lab/Social Memory/21_nov_p1/21_nov_p1_converted.mp4,0.0,913.250,1241.357,28.000,social_agent,161.07,mice back in,Not defined,POINT,709.036,709.036,NA,C:/Users/brayd/Desktop/Padilla-Coreano Lab/Social Memory/21_nov_p1/21_nov_p1_converted.mp4,19853,19853,,,,
21_nov_p1,2024-10-16 11:50:52.548,,Media file,player #1:C:/Users/brayd/Desktop/Padilla-Coreano Lab/Social Memory/21_nov_p1/21_nov_p1_converted.mp4,0.0,913.250,1241.357,28.000,subject,177.631,anogenital sniffing,Not defined,STATE,711.071,711.750,0.679,C:/Users/brayd/Desktop/Padilla-Coreano Lab/Social Memory/21_nov_p1/21_nov_p1_converted.mp4,19910,19929,,,,
21_nov_p1,2024-10-16 11:50:52.548,,Media file,player #1:C:/Users/brayd/Desktop/Padilla-Coreano Lab/Social Memory/21_nov_p1/21_nov_p1_converted.mp4,0.0,913.250,1241.357,28.000,social_agent,161.07,anogenital sniffing,Not defined,STATE,712.429,713.107,0.678,C:/Users/brayd/Desktop/Padilla-Coreano Lab/Social Memory/21_nov_p1/21_nov_p1_converted.mp4,19948,19967,,,,
21_nov_p1,2024-10-16 11:50:52.548,,Media file,player #1:C:/Users/brayd/Desktop/Padilla-Coreano Lab/Social Memory/21_nov_p1/21_nov_p1_converted.mp4,0.0,913.250,1241.357,28.000,subject,177.631,anogenital sniffing,Not defined,STATE,713.250,714.429,1.179,C:/Users/brayd/Desktop/Padilla-Coreano Lab/Social Memory/21_nov_p1/21_nov_p1_converted.mp4,19971,20004,,,,
21_nov_p1,2024-10-16 11:50:52.548,,Media file,player #1:C:/Users/brayd/Desktop/Padilla-Coreano Lab/Social Memory/21_nov_p1/21_nov_p1_converted.mp4,0.0,913.250,1241.357,28.000,social_agent,161.07,anogenital sniffing,Not defined,STATE,714.429,716.821,2.392,C:/Users/brayd/Desktop/Padilla-Coreano Lab/Social Memory/21_nov_p1/21_nov_p1_converted.mp4,20004,20071,,,,
21_nov_p1,2024-10-16 11:50:52.548,,Media file,player #1:C:/Users/brayd/Desktop/Padilla-Coreano Lab/Social Memory/21_nov_p1/21_nov_p1_converted.mp4,0.0,913.250,1241.357,28.000,subject,177.631,facial sniffing,Not defined,STATE,716.786,719.679,2.893,C:/Users/brayd/Desktop/Padilla-Coreano Lab/Social Memory/21_nov_p1/21_nov_p1_converted.mp4,20070,20151,,,,
21_nov_p1,2024-10-16 11:50:52.548,,Media file,player #1:C:/Users/brayd/Desktop/Padilla-Coreano Lab/Social Memory/21_nov_p1/21_nov_p1_converted.mp4,0.0,913.250,1241.357,28.000,subject,177.631,anogenital sniffing,Not defined,STATE,721.750,722.714,0.964,C:/Users/brayd/Desktop/Padilla-Coreano Lab/Social Memory/21_nov_p1/21_nov_p1_converted.mp4,20209,20236,,,,
21_nov_p1,2024-10-16 11:50:52.548,,Media file,player #1:C:/Users/brayd/Desktop/Padilla-Coreano Lab/Social Memory/21_nov_p1/21_nov_p1_converted.mp4,0.0,913.250,1241.357,28.000,subject,177.631,facial sniffing,Not defined,STATE,722.893,723.893,1.000,C:/Users/brayd/Desktop/Padilla-Coreano Lab/Social Memory/21_nov_p1/21_nov_p1_converted.mp4,20241,20269,,,,
21_nov_p1,2024-10-16 11:50:52.548,,Media file,player #1:C:/Users/brayd/Desktop/Padilla-Coreano Lab/Social Memory/21_nov_p1/21_nov_p1_converted.mp4,0.0,913.250,1241.357,28.000,subject,177.631,facial sniffing,Not defined,STATE,724.429,726.429,2.000,C:/Users/brayd/Desktop/Padilla-Coreano Lab/Social Memory/21_nov_p1/21_nov_p1_converted.mp4,20284,20340,,,,
21_nov_p1,2024-10-16 11:50:52.548,,Media file,player #1:C:/Users/brayd/Desktop/Padilla-Coreano Lab/Social Memory/21_nov_p1/21_nov_p1_converted.mp4,0.0,913.250,1241.357,28.000,social_agent,161.07,facial sniffing,Not defined,STATE,731.643,733.464,1.821,C:/Users/brayd/Desktop/Padilla-Coreano Lab/Social Memory/21_nov_p1/21_nov_p1_converted.mp4,20486,20537,,,,
21_nov_p1,2024-10-16 11:50:52.548,,Media file,player #1:C:/Users/brayd/Desktop/Padilla-Coreano Lab/Social Memory/21_nov_p1/21_nov_p1_converted.mp4,0.0,913.250,1241.357,28.000,social_agent,161.07,anogenital sniffing,Not defined,STATE,734.679,738.107,3.428,C:/Users/brayd/Desktop/Padilla-Coreano Lab/Social Memory/21_nov_p1/21_nov_p1_converted.mp4,20571,20667,,,,
21_nov_p1,2024-10-16 11:50:52.548,,Media file,player #1:C:/Users/brayd/Desktop/Padilla-Coreano Lab/Social Memory/21_nov_p1/21_nov_p1_converted.mp4,0.0,913.250,1241.357,28.000,social_agent,161.07,fighting,Not defined,STATE,739.393,740.536,1.143,C:/Users/brayd/Desktop/Padilla-Coreano Lab/Social Memory/21_nov_p1/21_nov_p1_converted.mp4,20703,20735,,,,
21_nov_p1,2024-10-16 11:50:52.548,,Media file,player #1:C:/Users/brayd/Desktop/Padilla-Coreano Lab/Social Memory/21_nov_p1/21_nov_p1_converted.mp4,0.0,913.250,1241.357,28.000,subject,177.631,facial sniffing,Not defined,STATE,740.714,741.643,0.929,C:/Users/brayd/Desktop/Padilla-Coreano Lab/Social Memory/21_nov_p1/21_nov_p1_converted.mp4,20740,20766,,,,
21_nov_p1,2024-10-16 11:50:52.548,,Media file,player #1:C:/Users/brayd/Desktop/Padilla-Coreano Lab/Social Memory/21_nov_p1/21_nov_p1_converted.mp4,0.0,913.250,1241.357,28.000,subject,177.631,anogenital sniffing,Not defined,STATE,741.786,742.571,0.785,C:/Users/brayd/Desktop/Padilla-Coreano Lab/Social Memory/21_nov_p1/21_nov_p1_converted.mp4,20770,20792,,,,
21_nov_p1,2024-10-16 11:50:52.548,,Media file,player #1:C:/Users/brayd/Desktop/Padilla-Coreano Lab/Social Memory/21_nov_p1/21_nov_p1_converted.mp4,0.0,913.250,1241.357,28.000,subject,177.631,facial sniffing,Not defined,STATE,743.357,746.143,2.786,C:/Users/brayd/Desktop/Padilla-Coreano Lab/Social Memory/21_nov_p1/21_nov_p1_converted.mp4,20814,20892,,,,
21_nov_p1,2024-10-16 11:50:52.548,,Media file,player #1:C:/Users/brayd/Desktop/Padilla-Coreano Lab/Social Memory/21_nov_p1/21_nov_p1_converted.mp4,0.0,913.250,1241.357,28.000,subject,177.631,facial sniffing,Not defined,STATE,746.643,748.250,1.607,C:/Users/brayd/Desktop/Padilla-Coreano Lab/Social Memory/21_nov_p1/21_nov_p1_converted.mp4,20906,20951,,,,
21_nov_p1,2024-10-16 11:50:52.548,,Media file,player #1:C:/Users/brayd/Desktop/Padilla-Coreano Lab/Social Memory/21_nov_p1/21_nov_p1_converted.mp4,0.0,913.250,1241.357,28.000,subject,177.631,anogenital sniffing,Not defined,STATE,750.036,750.964,0.928,C:/Users/brayd/Desktop/Padilla-Coreano Lab/Social Memory/21_nov_p1/21_nov_p1_converted.mp4,21001,21027,,,,
21_nov_p1,2024-10-16 11:50:52.548,,Media file,player #1:C:/Users/brayd/Desktop/Padilla-Coreano Lab/Social Memory/21_nov_p1/21_nov_p1_converted.mp4,0.0,913.250,1241.357,28.000,social_agent,161.07,fighting,Not defined,STATE,751.536,764.214,12.678,C:/Users/brayd/Desktop/Padilla-Coreano Lab/Social Memory/21_nov_p1/21_nov_p1_converted.mp4,21043,21398,,,,
21_nov_p1,2024-10-16 11:50:52.548,,Media file,player #1:C:/Users/brayd/Desktop/Padilla-Coreano Lab/Social Memory/21_nov_p1/21_nov_p1_converted.mp4,0.0,913.250,1241.357,28.000,social_agent,161.07,fighting,Not defined,STATE,765.786,774.786,9.000,C:/Users/brayd/Desktop/Padilla-Coreano Lab/Social Memory/21_nov_p1/21_nov_p1_converted.mp4,21442,21694,,,,
21_nov_p1,2024-10-16 11:50:52.548,,Media file,player #1:C:/Users/brayd/Desktop/Padilla-Coreano Lab/Social Memory/21_nov_p1/21_nov_p1_converted.mp4,0.0,913.250,1241.357,28.000,subject,177.631,facial sniffing,Not defined,STATE,776.036,776.821,0.785,C:/Users/brayd/Desktop/Padilla-Coreano Lab/Social Memory/21_nov_p1/21_nov_p1_converted.mp4,21729,21751,,,,
21_nov_p1,2024-10-16 11:50:52.548,,Media file,player #1:C:/Users/brayd/Desktop/Padilla-Coreano Lab/Social Memory/21_nov_p1/21_nov_p1_converted.mp4,0.0,913.250,1241.357,28.000,social_agent,161.07,fighting,Not defined,STATE,777.000,781.500,4.500,C:/Users/brayd/Desktop/Padilla-Coreano Lab/Social Memory/21_nov_p1/21_nov_p1_converted.mp4,21756,21882,,,,
21_nov_p1,2024-10-16 11:50:52.548,,Media file,player #1:C:/Users/brayd/Desktop/Padilla-Coreano Lab/Social Memory/21_nov_p1/21_nov_p1_converted.mp4,0.0,913.250,1241.357,28.000,subject,177.631,facial sniffing,Not defined,STATE,782.893,784.000,1.107,C:/Users/brayd/Desktop/Padilla-Coreano Lab/Social Memory/21_nov_p1/21_nov_p1_converted.mp4,21921,21952,,,,
21_nov_p1,2024-10-16 11:50:52.548,,Media file,player #1:C:/Users/brayd/Desktop/Padilla-Coreano Lab/Social Memory/21_nov_p1/21_nov_p1_converted.mp4,0.0,913.250,1241.357,28.000,social_agent,161.07,facial sniffing,Not defined,STATE,784.464,784.750,0.286,C:/Users/brayd/Desktop/Padilla-Coreano Lab/Social Memory/21_nov_p1/21_nov_p1_converted.mp4,21965,21973,,,,
21_nov_p1,2024-10-16 11:50:52.548,,Media file,player #1:C:/Users/brayd/Desktop/Padilla-Coreano Lab/Social Memory/21_nov_p1/21_nov_p1_converted.mp4,0.0,913.250,1241.357,28.000,subject,177.631,fighting,Not defined,STATE,785.107,787.143,2.036,C:/Users/brayd/Desktop/Padilla-Coreano Lab/Social Memory/21_nov_p1/21_nov_p1_converted.mp4,21983,22040,,,,
21_nov_p1,2024-10-16 11:50:52.548,,Media file,player #1:C:/Users/brayd/Desktop/Padilla-Coreano Lab/Social Memory/21_nov_p1/21_nov_p1_converted.mp4,0.0,913.250,1241.357,28.000,subject,177.631,anogenital sniffing,Not defined,STATE,788.250,788.750,0.500,C:/Users/brayd/Desktop/Padilla-Coreano Lab/Social Memory/21_nov_p1/21_nov_p1_converted.mp4,22071,22085,,,,
21_nov_p1,2024-10-16 11:50:52.548,,Media file,player #1:C:/Users/brayd/Desktop/Padilla-Coreano Lab/Social Memory/21_nov_p1/21_nov_p1_converted.mp4,0.0,913.250,1241.357,28.000,social_agent,161.07,facial sniffing,Not defined,STATE,789.429,791.143,1.714,C:/Users/brayd/Desktop/Padilla-Coreano Lab/Social Memory/21_nov_p1/21_nov_p1_converted.mp4,22104,22152,,,,
21_nov_p1,2024-10-16 11:50:52.548,,Media file,player #1:C:/Users/brayd/Desktop/Padilla-Coreano Lab/Social Memory/21_nov_p1/21_nov_p1_converted.mp4,0.0,913.250,1241.357,28.000,subject,177.631,facial sniffing,Not defined,STATE,791.321,792.571,1.250,C:/Users/brayd/Desktop/Padilla-Coreano Lab/Social Memory/21_nov_p1/21_nov_p1_converted.mp4,22157,22192,,,,
21_nov_p1,2024-10-16 11:50:52.548,,Media file,player #1:C:/Users/brayd/Desktop/Padilla-Coreano Lab/Social Memory/21_nov_p1/21_nov_p1_converted.mp4,0.0,913.250,1241.357,28.000,social_agent,161.07,facial sniffing,Not defined,STATE,792.964,793.714,0.750,C:/Users/brayd/Desktop/Padilla-Coreano Lab/Social Memory/21_nov_p1/21_nov_p1_converted.mp4,22203,22224,,,,
21_nov_p1,2024-10-16 11:50:52.548,,Media file,player #1:C:/Users/brayd/Desktop/Padilla-Coreano Lab/Social Memory/21_nov_p1/21_nov_p1_converted.mp4,0.0,913.250,1241.357,28.000,subject,177.631,fighting,Not defined,STATE,793.714,795.714,2.000,C:/Users/brayd/Desktop/Padilla-Coreano Lab/Social Memory/21_nov_p1/21_nov_p1_converted.mp4,22224,22280,,,,
21_nov_p1,2024-10-16 11:50:52.548,,Media file,player #1:C:/Users/brayd/Desktop/Padilla-Coreano Lab/Social Memory/21_nov_p1/21_nov_p1_converted.mp4,0.0,913.250,1241.357,28.000,social_agent,161.07,facial sniffing,Not defined,STATE,809.321,812.000,2.679,C:/Users/brayd/Desktop/Padilla-Coreano Lab/Social Memory/21_nov_p1/21_nov_p1_converted.mp4,22661,22736,,,,
21_nov_p1,2024-10-16 11:50:52.548,,Media file,player #1:C:/Users/brayd/Desktop/Padilla-Coreano Lab/Social Memory/21_nov_p1/21_nov_p1_converted.mp4,0.0,913.250,1241.357,28.000,social_agent,161.07,anogenital sniffing,Not defined,STATE,812.571,812.929,0.358,C:/Users/brayd/Desktop/Padilla-Coreano Lab/Social Memory/21_nov_p1/21_nov_p1_converted.mp4,22752,22762,,,,
21_nov_p1,2024-10-16 11:50:52.548,,Media file,player #1:C:/Users/brayd/Desktop/Padilla-Coreano Lab/Social Memory/21_nov_p1/21_nov_p1_converted.mp4,0.0,913.250,1241.357,28.000,social_agent,161.07,facial sniffing,Not defined,STATE,817.429,818.000,0.571,C:/Users/brayd/Desktop/Padilla-Coreano Lab/Social Memory/21_nov_p1/21_nov_p1_converted.mp4,22888,22904,,,,
21_nov_p1,2024-10-16 11:50:52.548,,Media file,player #1:C:/Users/brayd/Desktop/Padilla-Coreano Lab/Social Memory/21_nov_p1/21_nov_p1_converted.mp4,0.0,913.250,1241.357,28.000,social_agent,161.07,facial sniffing,Not defined,STATE,818.429,818.929,0.500,C:/Users/brayd/Desktop/Padilla-Coreano Lab/Social Memory/21_nov_p1/21_nov_p1_converted.mp4,22916,22930,,,,
21_nov_p1,2024-10-16 11:50:52.548,,Media file,player #1:C:/Users/brayd/Desktop/Padilla-Coreano Lab/Social Memory/21_nov_p1/21_nov_p1_converted.mp4,0.0,913.250,1241.357,28.000,social_agent,161.07,anogenital sniffing,Not defined,STATE,819.071,821.536,2.465,C:/Users/brayd/Desktop/Padilla-Coreano Lab/Social Memory/21_nov_p1/21_nov_p1_converted.mp4,22934,23003,,,,
21_nov_p1,2024-10-16 11:50:52.548,,Media file,player #1:C:/Users/brayd/Desktop/Padilla-Coreano Lab/Social Memory/21_nov_p1/21_nov_p1_converted.mp4,0.0,913.250,1241.357,28.000,social_agent,161.07,anogenital sniffing,Not defined,STATE,823.786,826.286,2.500,C:/Users/brayd/Desktop/Padilla-Coreano Lab/Social Memory/21_nov_p1/21_nov_p1_converted.mp4,23066,23136,,,,
21_nov_p1,2024-10-16 11:50:52.548,,Media file,player #1:C:/Users/brayd/Desktop/Padilla-Coreano Lab/Social Memory/21_nov_p1/21_nov_p1_converted.mp4,0.0,913.250,1241.357,28.000,social_agent,161.07,facial sniffing,Not defined,STATE,829.750,829.857,0.107,C:/Users/brayd/Desktop/Padilla-Coreano Lab/Social Memory/21_nov_p1/21_nov_p1_converted.mp4,23233,23236,,,,
21_nov_p1,2024-10-16 11:50:52.548,,Media file,player #1:C:/Users/brayd/Desktop/Padilla-Coreano Lab/Social Memory/21_nov_p1/21_nov_p1_converted.mp4,0.0,913.250,1241.357,28.000,social_agent,161.07,anogenital sniffing,Not defined,STATE,830.286,831.679,1.393,C:/Users/brayd/Desktop/Padilla-Coreano Lab/Social Memory/21_nov_p1/21_nov_p1_converted.mp4,23248,23287,,,,
21_nov_p1,2024-10-16 11:50:52.548,,Media file,player #1:C:/Users/brayd/Desktop/Padilla-Coreano Lab/Social Memory/21_nov_p1/21_nov_p1_converted.mp4,0.0,913.250,1241.357,28.000,social_agent,161.07,facial sniffing,Not defined,STATE,832.107,833.179,1.072,C:/Users/brayd/Desktop/Padilla-Coreano Lab/Social Memory/21_nov_p1/21_nov_p1_converted.mp4,23299,23329,,,,
21_nov_p1,2024-10-16 11:50:52.548,,Media file,player #1:C:/Users/brayd/Desktop/Padilla-Coreano Lab/Social Memory/21_nov_p1/21_nov_p1_converted.mp4,0.0,913.250,1241.357,28.000,subject,177.631,facial sniffing,Not defined,STATE,840.179,840.786,0.607,C:/Users/brayd/Desktop/Padilla-Coreano Lab/Social Memory/21_nov_p1/21_nov_p1_converted.mp4,23525,23542,,,,
21_nov_p1,2024-10-16 11:50:52.548,,Media file,player #1:C:/Users/brayd/Desktop/Padilla-Coreano Lab/Social Memory/21_nov_p1/21_nov_p1_converted.mp4,0.0,913.250,1241.357,28.000,social_agent,161.07,anogenital sniffing,Not defined,STATE,853.464,854.036,0.572,C:/Users/brayd/Desktop/Padilla-Coreano Lab/Social Memory/21_nov_p1/21_nov_p1_converted.mp4,23897,23913,,,,
21_nov_p1,2024-10-16 11:50:52.548,,Media file,player #1:C:/Users/brayd/Desktop/Padilla-Coreano Lab/Social Memory/21_nov_p1/21_nov_p1_converted.mp4,0.0,913.250,1241.357,28.000,social_agent,161.07,anogenital sniffing,Not defined,STATE,854.857,855.286,0.429,C:/Users/brayd/Desktop/Padilla-Coreano Lab/Social Memory/21_nov_p1/21_nov_p1_converted.mp4,23936,23948,,,,
21_nov_p1,2024-10-16 11:50:52.548,,Media file,player #1:C:/Users/brayd/Desktop/Padilla-Coreano Lab/Social Memory/21_nov_p1/21_nov_p1_converted.mp4,0.0,913.250,1241.357,28.000,social_agent,161.07,facial sniffing,Not defined,STATE,856.143,857.000,0.857,C:/Users/brayd/Desktop/Padilla-Coreano Lab/Social Memory/21_nov_p1/21_nov_p1_converted.mp4,23972,23996,,,,
21_nov_p1,2024-10-16 11:50:52.548,,Media file,player #1:C:/Users/brayd/Desktop/Padilla-Coreano Lab/Social Memory/21_nov_p1/21_nov_p1_converted.mp4,0.0,913.250,1241.357,28.000,subject,177.631,facial sniffing,Not defined,STATE,861.000,861.857,0.857,C:/Users/brayd/Desktop/Padilla-Coreano Lab/Social Memory/21_nov_p1/21_nov_p1_converted.mp4,24108,24132,,,,
21_nov_p1,2024-10-16 11:50:52.548,,Media file,player #1:C:/Users/brayd/Desktop/Padilla-Coreano Lab/Social Memory/21_nov_p1/21_nov_p1_converted.mp4,0.0,913.250,1241.357,28.000,social_agent,161.07,anogenital sniffing,Not defined,STATE,866.964,868.214,1.250,C:/Users/brayd/Desktop/Padilla-Coreano Lab/Social Memory/21_nov_p1/21_nov_p1_converted.mp4,24275,24310,,,,
21_nov_p1,2024-10-16 11:50:52.548,,Media file,player #1:C:/Users/brayd/Desktop/Padilla-Coreano Lab/Social Memory/21_nov_p1/21_nov_p1_converted.mp4,0.0,913.250,1241.357,28.000,social_agent,161.07,mice taken out,Not defined,POINT,868.214,868.214,NA,C:/Users/brayd/Desktop/Padilla-Coreano Lab/Social Memory/21_nov_p1/21_nov_p1_converted.mp4,24310,24310,,,,
21_nov_p1,2024-10-16 11:50:52.548,,Media file,player #1:C:/Users/brayd/Desktop/Padilla-Coreano Lab/Social Memory/21_nov_p1/21_nov_p1_converted.mp4,0.0,913.250,1241.357,28.000,social_agent,161.07,mice back in,Not defined,POINT,901.500,901.500,NA,C:/Users/brayd/Desktop/Padilla-Coreano Lab/Social Memory/21_nov_p1/21_nov_p1_converted.mp4,25242,25242,,,,
21_nov_p1,2024-10-16 11:50:52.548,,Media file,player #1:C:/Users/brayd/Desktop/Padilla-Coreano Lab/Social Memory/21_nov_p1/21_nov_p1_converted.mp4,0.0,913.250,1241.357,28.000,subject,177.631,facial sniffing,Not defined,STATE,903.964,906.250,2.286,C:/Users/brayd/Desktop/Padilla-Coreano Lab/Social Memory/21_nov_p1/21_nov_p1_converted.mp4,25311,25375,,,,
21_nov_p1,2024-10-16 11:50:52.548,,Media file,player #1:C:/Users/brayd/Desktop/Padilla-Coreano Lab/Social Memory/21_nov_p1/21_nov_p1_converted.mp4,0.0,913.250,1241.357,28.000,social_agent,161.07,anogenital sniffing,Not defined,STATE,907.393,908.464,1.071,C:/Users/brayd/Desktop/Padilla-Coreano Lab/Social Memory/21_nov_p1/21_nov_p1_converted.mp4,25407,25437,,,,
21_nov_p1,2024-10-16 11:50:52.548,,Media file,player #1:C:/Users/brayd/Desktop/Padilla-Coreano Lab/Social Memory/21_nov_p1/21_nov_p1_converted.mp4,0.0,913.250,1241.357,28.000,social_agent,161.07,anogenital sniffing,Not defined,STATE,909.464,910.714,1.250,C:/Users/brayd/Desktop/Padilla-Coreano Lab/Social Memory/21_nov_p1/21_nov_p1_converted.mp4,25465,25500,,,,
21_nov_p1,2024-10-16 11:50:52.548,,Media file,player #1:C:/Users/brayd/Desktop/Padilla-Coreano Lab/Social Memory/21_nov_p1/21_nov_p1_converted.mp4,0.0,913.250,1241.357,28.000,social_agent,161.07,anogenital sniffing,Not defined,STATE,915.321,916.107,0.786,C:/Users/brayd/Desktop/Padilla-Coreano Lab/Social Memory/21_nov_p1/21_nov_p1_converted.mp4,25629,25651,,,,
21_nov_p1,2024-10-16 11:50:52.548,,Media file,player #1:C:/Users/brayd/Desktop/Padilla-Coreano Lab/Social Memory/21_nov_p1/21_nov_p1_converted.mp4,0.0,913.250,1241.357,28.000,social_agent,161.07,facial sniffing,Not defined,STATE,916.536,919.286,2.750,C:/Users/brayd/Desktop/Padilla-Coreano Lab/Social Memory/21_nov_p1/21_nov_p1_converted.mp4,25663,25740,,,,
21_nov_p1,2024-10-16 11:50:52.548,,Media file,player #1:C:/Users/brayd/Desktop/Padilla-Coreano Lab/Social Memory/21_nov_p1/21_nov_p1_converted.mp4,0.0,913.250,1241.357,28.000,social_agent,161.07,anogenital sniffing,Not defined,STATE,920.036,920.107,0.071,C:/Users/brayd/Desktop/Padilla-Coreano Lab/Social Memory/21_nov_p1/21_nov_p1_converted.mp4,25762,25763,,,,
21_nov_p1,2024-10-16 11:50:52.548,,Media file,player #1:C:/Users/brayd/Desktop/Padilla-Coreano Lab/Social Memory/21_nov_p1/21_nov_p1_converted.mp4,0.0,913.250,1241.357,28.000,social_agent,161.07,anogenital sniffing,Not defined,STATE,920.321,921.357,1.036,C:/Users/brayd/Desktop/Padilla-Coreano Lab/Social Memory/21_nov_p1/21_nov_p1_converted.mp4,25769,25798,,,,
21_nov_p1,2024-10-16 11:50:52.548,,Media file,player #1:C:/Users/brayd/Desktop/Padilla-Coreano Lab/Social Memory/21_nov_p1/21_nov_p1_converted.mp4,0.0,913.250,1241.357,28.000,social_agent,161.07,facial sniffing,Not defined,STATE,922.429,923.071,0.642,C:/Users/brayd/Desktop/Padilla-Coreano Lab/Social Memory/21_nov_p1/21_nov_p1_converted.mp4,25828,25846,,,,
21_nov_p1,2024-10-16 11:50:52.548,,Media file,player #1:C:/Users/brayd/Desktop/Padilla-Coreano Lab/Social Memory/21_nov_p1/21_nov_p1_converted.mp4,0.0,913.250,1241.357,28.000,subject,177.631,facial sniffing,Not defined,STATE,933.036,936.071,3.035,C:/Users/brayd/Desktop/Padilla-Coreano Lab/Social Memory/21_nov_p1/21_nov_p1_converted.mp4,26125,26210,,,,
21_nov_p1,2024-10-16 11:50:52.548,,Media file,player #1:C:/Users/brayd/Desktop/Padilla-Coreano Lab/Social Memory/21_nov_p1/21_nov_p1_converted.mp4,0.0,913.250,1241.357,28.000,subject,177.631,facial sniffing,Not defined,STATE,938.500,939.036,0.536,C:/Users/brayd/Desktop/Padilla-Coreano Lab/Social Memory/21_nov_p1/21_nov_p1_converted.mp4,26278,26293,,,,
21_nov_p1,2024-10-16 11:50:52.548,,Media file,player #1:C:/Users/brayd/Desktop/Padilla-Coreano Lab/Social Memory/21_nov_p1/21_nov_p1_converted.mp4,0.0,913.250,1241.357,28.000,social_agent,161.07,anogenital sniffing,Not defined,STATE,941.107,943.357,2.250,C:/Users/brayd/Desktop/Padilla-Coreano Lab/Social Memory/21_nov_p1/21_nov_p1_converted.mp4,26351,26414,,,,
21_nov_p1,2024-10-16 11:50:52.548,,Media file,player #1:C:/Users/brayd/Desktop/Padilla-Coreano Lab/Social Memory/21_nov_p1/21_nov_p1_converted.mp4,0.0,913.250,1241.357,28.000,social_agent,161.07,facial sniffing,Not defined,STATE,943.714,944.964,1.250,C:/Users/brayd/Desktop/Padilla-Coreano Lab/Social Memory/21_nov_p1/21_nov_p1_converted.mp4,26424,26459,,,,
21_nov_p1,2024-10-16 11:50:52.548,,Media file,player #1:C:/Users/brayd/Desktop/Padilla-Coreano Lab/Social Memory/21_nov_p1/21_nov_p1_converted.mp4,0.0,913.250,1241.357,28.000,social_agent,161.07,anogenital sniffing,Not defined,STATE,946.464,949.036,2.572,C:/Users/brayd/Desktop/Padilla-Coreano Lab/Social Memory/21_nov_p1/21_nov_p1_converted.mp4,26501,26573,,,,
21_nov_p1,2024-10-16 11:50:52.548,,Media file,player #1:C:/Users/brayd/Desktop/Padilla-Coreano Lab/Social Memory/21_nov_p1/21_nov_p1_converted.mp4,0.0,913.250,1241.357,28.000,social_agent,161.07,facial sniffing,Not defined,STATE,949.250,949.571,0.321,C:/Users/brayd/Desktop/Padilla-Coreano Lab/Social Memory/21_nov_p1/21_nov_p1_converted.mp4,26579,26588,,,,
21_nov_p1,2024-10-16 11:50:52.548,,Media file,player #1:C:/Users/brayd/Desktop/Padilla-Coreano Lab/Social Memory/21_nov_p1/21_nov_p1_converted.mp4,0.0,913.250,1241.357,28.000,social_agent,161.07,fighting,Not defined,STATE,952.929,959.679,6.750,C:/Users/brayd/Desktop/Padilla-Coreano Lab/Social Memory/21_nov_p1/21_nov_p1_converted.mp4,26682,26871,,,,
21_nov_p1,2024-10-16 11:50:52.548,,Media file,player #1:C:/Users/brayd/Desktop/Padilla-Coreano Lab/Social Memory/21_nov_p1/21_nov_p1_converted.mp4,0.0,913.250,1241.357,28.000,social_agent,161.07,anogenital sniffing,Not defined,STATE,961.071,963.179,2.108,C:/Users/brayd/Desktop/Padilla-Coreano Lab/Social Memory/21_nov_p1/21_nov_p1_converted.mp4,26910,26969,,,,
21_nov_p1,2024-10-16 11:50:52.548,,Media file,player #1:C:/Users/brayd/Desktop/Padilla-Coreano Lab/Social Memory/21_nov_p1/21_nov_p1_converted.mp4,0.0,913.250,1241.357,28.000,social_agent,161.07,fighting,Not defined,STATE,963.464,966.179,2.715,C:/Users/brayd/Desktop/Padilla-Coreano Lab/Social Memory/21_nov_p1/21_nov_p1_converted.mp4,26977,27053,,,,
21_nov_p1,2024-10-16 11:50:52.548,,Media file,player #1:C:/Users/brayd/Desktop/Padilla-Coreano Lab/Social Memory/21_nov_p1/21_nov_p1_converted.mp4,0.0,913.250,1241.357,28.000,social_agent,161.07,anogenital sniffing,Not defined,STATE,968.143,971.643,3.500,C:/Users/brayd/Desktop/Padilla-Coreano Lab/Social Memory/21_nov_p1/21_nov_p1_converted.mp4,27108,27206,,,,
21_nov_p1,2024-10-16 11:50:52.548,,Media file,player #1:C:/Users/brayd/Desktop/Padilla-Coreano Lab/Social Memory/21_nov_p1/21_nov_p1_converted.mp4,0.0,913.250,1241.357,28.000,social_agent,161.07,fighting,Not defined,STATE,971.643,975.143,3.500,C:/Users/brayd/Desktop/Padilla-Coreano Lab/Social Memory/21_nov_p1/21_nov_p1_converted.mp4,27206,27304,,,,
21_nov_p1,2024-10-16 11:50:52.548,,Media file,player #1:C:/Users/brayd/Desktop/Padilla-Coreano Lab/Social Memory/21_nov_p1/21_nov_p1_converted.mp4,0.0,913.250,1241.357,28.000,social_agent,161.07,anogenital sniffing,Not defined,STATE,976.464,977.000,0.536,C:/Users/brayd/Desktop/Padilla-Coreano Lab/Social Memory/21_nov_p1/21_nov_p1_converted.mp4,27341,27356,,,,
21_nov_p1,2024-10-16 11:50:52.548,,Media file,player #1:C:/Users/brayd/Desktop/Padilla-Coreano Lab/Social Memory/21_nov_p1/21_nov_p1_converted.mp4,0.0,913.250,1241.357,28.000,social_agent,161.07,anogenital sniffing,Not defined,STATE,986.571,989.143,2.572,C:/Users/brayd/Desktop/Padilla-Coreano Lab/Social Memory/21_nov_p1/21_nov_p1_converted.mp4,27624,27696,,,,
21_nov_p1,2024-10-16 11:50:52.548,,Media file,player #1:C:/Users/brayd/Desktop/Padilla-Coreano Lab/Social Memory/21_nov_p1/21_nov_p1_converted.mp4,0.0,913.250,1241.357,28.000,social_agent,161.07,anogenital sniffing,Not defined,STATE,989.643,990.821,1.178,C:/Users/brayd/Desktop/Padilla-Coreano Lab/Social Memory/21_nov_p1/21_nov_p1_converted.mp4,27710,27743,,,,
21_nov_p1,2024-10-16 11:50:52.548,,Media file,player #1:C:/Users/brayd/Desktop/Padilla-Coreano Lab/Social Memory/21_nov_p1/21_nov_p1_converted.mp4,0.0,913.250,1241.357,28.000,social_agent,161.07,facial sniffing,Not defined,STATE,992.929,993.393,0.464,C:/Users/brayd/Desktop/Padilla-Coreano Lab/Social Memory/21_nov_p1/21_nov_p1_converted.mp4,27802,27815,,,,
21_nov_p1,2024-10-16 11:50:52.548,,Media file,player #1:C:/Users/brayd/Desktop/Padilla-Coreano Lab/Social Memory/21_nov_p1/21_nov_p1_converted.mp4,0.0,913.250,1241.357,28.000,subject,177.631,facial sniffing,Not defined,STATE,995.214,996.500,1.286,C:/Users/brayd/Desktop/Padilla-Coreano Lab/Social Memory/21_nov_p1/21_nov_p1_converted.mp4,27866,27902,,,,
21_nov_p1,2024-10-16 11:50:52.548,,Media file,player #1:C:/Users/brayd/Desktop/Padilla-Coreano Lab/Social Memory/21_nov_p1/21_nov_p1_converted.mp4,0.0,913.250,1241.357,28.000,subject,177.631,facial sniffing,Not defined,STATE,1000.321,1000.750,0.429,C:/Users/brayd/Desktop/Padilla-Coreano Lab/Social Memory/21_nov_p1/21_nov_p1_converted.mp4,28009,28021,,,,
21_nov_p1,2024-10-16 11:50:52.548,,Media file,player #1:C:/Users/brayd/Desktop/Padilla-Coreano Lab/Social Memory/21_nov_p1/21_nov_p1_converted.mp4,0.0,913.250,1241.357,28.000,subject,177.631,facial sniffing,Not defined,STATE,1002.714,1003.714,1.000,C:/Users/brayd/Desktop/Padilla-Coreano Lab/Social Memory/21_nov_p1/21_nov_p1_converted.mp4,28076,28104,,,,
21_nov_p1,2024-10-16 11:50:52.548,,Media file,player #1:C:/Users/brayd/Desktop/Padilla-Coreano Lab/Social Memory/21_nov_p1/21_nov_p1_converted.mp4,0.0,913.250,1241.357,28.000,subject,177.631,anogenital sniffing,Not defined,STATE,1008.714,1012.107,3.393,C:/Users/brayd/Desktop/Padilla-Coreano Lab/Social Memory/21_nov_p1/21_nov_p1_converted.mp4,28244,28339,,,,
21_nov_p1,2024-10-16 11:50:52.548,,Media file,player #1:C:/Users/brayd/Desktop/Padilla-Coreano Lab/Social Memory/21_nov_p1/21_nov_p1_converted.mp4,0.0,913.250,1241.357,28.000,subject,177.631,facial sniffing,Not defined,STATE,1012.821,1013.357,0.536,C:/Users/brayd/Desktop/Padilla-Coreano Lab/Social Memory/21_nov_p1/21_nov_p1_converted.mp4,28359,28374,,,,
21_nov_p1,2024-10-16 11:50:52.548,,Media file,player #1:C:/Users/brayd/Desktop/Padilla-Coreano Lab/Social Memory/21_nov_p1/21_nov_p1_converted.mp4,0.0,913.250,1241.357,28.000,social_agent,161.07,anogenital sniffing,Not defined,STATE,1013.357,1014.821,1.464,C:/Users/brayd/Desktop/Padilla-Coreano Lab/Social Memory/21_nov_p1/21_nov_p1_converted.mp4,28374,28415,,,,
21_nov_p1,2024-10-16 11:50:52.548,,Media file,player #1:C:/Users/brayd/Desktop/Padilla-Coreano Lab/Social Memory/21_nov_p1/21_nov_p1_converted.mp4,0.0,913.250,1241.357,28.000,social_agent,161.07,facial sniffing,Not defined,STATE,1014.929,1015.429,0.500,C:/Users/brayd/Desktop/Padilla-Coreano Lab/Social Memory/21_nov_p1/21_nov_p1_converted.mp4,28418,28432,,,,
21_nov_p1,2024-10-16 11:50:52.548,,Media file,player #1:C:/Users/brayd/Desktop/Padilla-Coreano Lab/Social Memory/21_nov_p1/21_nov_p1_converted.mp4,0.0,913.250,1241.357,28.000,social_agent,161.07,anogenital sniffing,Not defined,STATE,1015.679,1016.179,0.500,C:/Users/brayd/Desktop/Padilla-Coreano Lab/Social Memory/21_nov_p1/21_nov_p1_converted.mp4,28439,28453,,,,
21_nov_p1,2024-10-16 11:50:52.548,,Media file,player #1:C:/Users/brayd/Desktop/Padilla-Coreano Lab/Social Memory/21_nov_p1/21_nov_p1_converted.mp4,0.0,913.250,1241.357,28.000,social_agent,161.07,facial sniffing,Not defined,STATE,1018.393,1019.000,0.607,C:/Users/brayd/Desktop/Padilla-Coreano Lab/Social Memory/21_nov_p1/21_nov_p1_converted.mp4,28515,28532,,,,
21_nov_p1,2024-10-16 11:50:52.548,,Media file,player #1:C:/Users/brayd/Desktop/Padilla-Coreano Lab/Social Memory/21_nov_p1/21_nov_p1_converted.mp4,0.0,913.250,1241.357,28.000,subject,177.631,facial sniffing,Not defined,STATE,1024.357,1025.786,1.429,C:/Users/brayd/Desktop/Padilla-Coreano Lab/Social Memory/21_nov_p1/21_nov_p1_converted.mp4,28682,28722,,,,
21_nov_p1,2024-10-16 11:50:52.548,,Media file,player #1:C:/Users/brayd/Desktop/Padilla-Coreano Lab/Social Memory/21_nov_p1/21_nov_p1_converted.mp4,0.0,913.250,1241.357,28.000,subject,177.631,facial sniffing,Not defined,STATE,1038.786,1039.321,0.535,C:/Users/brayd/Desktop/Padilla-Coreano Lab/Social Memory/21_nov_p1/21_nov_p1_converted.mp4,29086,29101,,,,
21_nov_p1,2024-10-16 11:50:52.548,,Media file,player #1:C:/Users/brayd/Desktop/Padilla-Coreano Lab/Social Memory/21_nov_p1/21_nov_p1_converted.mp4,0.0,913.250,1241.357,28.000,social_agent,161.07,anogenital sniffing,Not defined,STATE,1048.786,1050.464,1.678,C:/Users/brayd/Desktop/Padilla-Coreano Lab/Social Memory/21_nov_p1/21_nov_p1_converted.mp4,29366,29413,,,,
21_nov_p1,2024-10-16 11:50:52.548,,Media file,player #1:C:/Users/brayd/Desktop/Padilla-Coreano Lab/Social Memory/21_nov_p1/21_nov_p1_converted.mp4,0.0,913.250,1241.357,28.000,social_agent,161.07,anogenital sniffing,Not defined,STATE,1051.679,1053.071,1.392,C:/Users/brayd/Desktop/Padilla-Coreano Lab/Social Memory/21_nov_p1/21_nov_p1_converted.mp4,29447,29486,,,,
21_nov_p1,2024-10-16 11:50:52.548,,Media file,player #1:C:/Users/brayd/Desktop/Padilla-Coreano Lab/Social Memory/21_nov_p1/21_nov_p1_converted.mp4,0.0,913.250,1241.357,28.000,social_agent,161.07,mice taken out,Not defined,POINT,1061.500,1061.500,NA,C:/Users/brayd/Desktop/Padilla-Coreano Lab/Social Memory/21_nov_p1/21_nov_p1_converted.mp4,29722,29722,,,,
21_nov_p1,2024-10-16 11:50:52.548,,Media file,player #1:C:/Users/brayd/Desktop/Padilla-Coreano Lab/Social Memory/21_nov_p1/21_nov_p1_converted.mp4,0.0,913.250,1241.357,28.000,social_agent,161.07,mice back in,Not defined,POINT,1078.964,1078.964,NA,C:/Users/brayd/Desktop/Padilla-Coreano Lab/Social Memory/21_nov_p1/21_nov_p1_converted.mp4,30211,30211,,,,
21_nov_p1,2024-10-16 11:50:52.548,,Media file,player #1:C:/Users/brayd/Desktop/Padilla-Coreano Lab/Social Memory/21_nov_p1/21_nov_p1_converted.mp4,0.0,913.250,1241.357,28.000,social_agent,161.07,facial sniffing,Not defined,STATE,1082.036,1083.107,1.071,C:/Users/brayd/Desktop/Padilla-Coreano Lab/Social Memory/21_nov_p1/21_nov_p1_converted.mp4,30297,30327,,,,
21_nov_p1,2024-10-16 11:50:52.548,,Media file,player #1:C:/Users/brayd/Desktop/Padilla-Coreano Lab/Social Memory/21_nov_p1/21_nov_p1_converted.mp4,0.0,913.250,1241.357,28.000,social_agent,161.07,anogenital sniffing,Not defined,STATE,1083.536,1084.036,0.500,C:/Users/brayd/Desktop/Padilla-Coreano Lab/Social Memory/21_nov_p1/21_nov_p1_converted.mp4,30339,30353,,,,
21_nov_p1,2024-10-16 11:50:52.548,,Media file,player #1:C:/Users/brayd/Desktop/Padilla-Coreano Lab/Social Memory/21_nov_p1/21_nov_p1_converted.mp4,0.0,913.250,1241.357,28.000,subject,177.631,anogenital sniffing,Not defined,STATE,1084.464,1087.607,3.143,C:/Users/brayd/Desktop/Padilla-Coreano Lab/Social Memory/21_nov_p1/21_nov_p1_converted.mp4,30365,30453,,,,
21_nov_p1,2024-10-16 11:50:52.548,,Media file,player #1:C:/Users/brayd/Desktop/Padilla-Coreano Lab/Social Memory/21_nov_p1/21_nov_p1_converted.mp4,0.0,913.250,1241.357,28.000,subject,177.631,facial sniffing,Not defined,STATE,1088.857,1090.393,1.536,C:/Users/brayd/Desktop/Padilla-Coreano Lab/Social Memory/21_nov_p1/21_nov_p1_converted.mp4,30488,30531,,,,
21_nov_p1,2024-10-16 11:50:52.548,,Media file,player #1:C:/Users/brayd/Desktop/Padilla-Coreano Lab/Social Memory/21_nov_p1/21_nov_p1_converted.mp4,0.0,913.250,1241.357,28.000,subject,177.631,facial sniffing,Not defined,STATE,1090.893,1092.429,1.536,C:/Users/brayd/Desktop/Padilla-Coreano Lab/Social Memory/21_nov_p1/21_nov_p1_converted.mp4,30545,30588,,,,
21_nov_p1,2024-10-16 11:50:52.548,,Media file,player #1:C:/Users/brayd/Desktop/Padilla-Coreano Lab/Social Memory/21_nov_p1/21_nov_p1_converted.mp4,0.0,913.250,1241.357,28.000,subject,177.631,anogenital sniffing,Not defined,STATE,1092.643,1093.821,1.178,C:/Users/brayd/Desktop/Padilla-Coreano Lab/Social Memory/21_nov_p1/21_nov_p1_converted.mp4,30594,30627,,,,
21_nov_p1,2024-10-16 11:50:52.548,,Media file,player #1:C:/Users/brayd/Desktop/Padilla-Coreano Lab/Social Memory/21_nov_p1/21_nov_p1_converted.mp4,0.0,913.250,1241.357,28.000,subject,177.631,anogenital sniffing,Not defined,STATE,1095.107,1095.429,0.322,C:/Users/brayd/Desktop/Padilla-Coreano Lab/Social Memory/21_nov_p1/21_nov_p1_converted.mp4,30663,30672,,,,
21_nov_p1,2024-10-16 11:50:52.548,,Media file,player #1:C:/Users/brayd/Desktop/Padilla-Coreano Lab/Social Memory/21_nov_p1/21_nov_p1_converted.mp4,0.0,913.250,1241.357,28.000,subject,177.631,anogenital sniffing,Not defined,STATE,1095.857,1096.464,0.607,C:/Users/brayd/Desktop/Padilla-Coreano Lab/Social Memory/21_nov_p1/21_nov_p1_converted.mp4,30684,30701,,,,
21_nov_p1,2024-10-16 11:50:52.548,,Media file,player #1:C:/Users/brayd/Desktop/Padilla-Coreano Lab/Social Memory/21_nov_p1/21_nov_p1_converted.mp4,0.0,913.250,1241.357,28.000,subject,177.631,facial sniffing,Not defined,STATE,1097.714,1099.750,2.036,C:/Users/brayd/Desktop/Padilla-Coreano Lab/Social Memory/21_nov_p1/21_nov_p1_converted.mp4,30736,30793,,,,
21_nov_p1,2024-10-16 11:50:52.548,,Media file,player #1:C:/Users/brayd/Desktop/Padilla-Coreano Lab/Social Memory/21_nov_p1/21_nov_p1_converted.mp4,0.0,913.250,1241.357,28.000,subject,177.631,anogenital sniffing,Not defined,STATE,1100.000,1100.357,0.357,C:/Users/brayd/Desktop/Padilla-Coreano Lab/Social Memory/21_nov_p1/21_nov_p1_converted.mp4,30800,30810,,,,
21_nov_p1,2024-10-16 11:50:52.548,,Media file,player #1:C:/Users/brayd/Desktop/Padilla-Coreano Lab/Social Memory/21_nov_p1/21_nov_p1_converted.mp4,0.0,913.250,1241.357,28.000,subject,177.631,anogenital sniffing,Not defined,STATE,1100.571,1101.000,0.429,C:/Users/brayd/Desktop/Padilla-Coreano Lab/Social Memory/21_nov_p1/21_nov_p1_converted.mp4,30816,30828,,,,
21_nov_p1,2024-10-16 11:50:52.548,,Media file,player #1:C:/Users/brayd/Desktop/Padilla-Coreano Lab/Social Memory/21_nov_p1/21_nov_p1_converted.mp4,0.0,913.250,1241.357,28.000,subject,177.631,anogenital sniffing,Not defined,STATE,1102.071,1103.250,1.179,C:/Users/brayd/Desktop/Padilla-Coreano Lab/Social Memory/21_nov_p1/21_nov_p1_converted.mp4,30858,30891,,,,
21_nov_p1,2024-10-16 11:50:52.548,,Media file,player #1:C:/Users/brayd/Desktop/Padilla-Coreano Lab/Social Memory/21_nov_p1/21_nov_p1_converted.mp4,0.0,913.250,1241.357,28.000,subject,177.631,anogenital sniffing,Not defined,STATE,1104.214,1107.321,3.107,C:/Users/brayd/Desktop/Padilla-Coreano Lab/Social Memory/21_nov_p1/21_nov_p1_converted.mp4,30918,31005,,,,
21_nov_p1,2024-10-16 11:50:52.548,,Media file,player #1:C:/Users/brayd/Desktop/Padilla-Coreano Lab/Social Memory/21_nov_p1/21_nov_p1_converted.mp4,0.0,913.250,1241.357,28.000,subject,177.631,anogenital sniffing,Not defined,STATE,1109.571,1110.857,1.286,C:/Users/brayd/Desktop/Padilla-Coreano Lab/Social Memory/21_nov_p1/21_nov_p1_converted.mp4,31068,31104,,,,
21_nov_p1,2024-10-16 11:50:52.548,,Media file,player #1:C:/Users/brayd/Desktop/Padilla-Coreano Lab/Social Memory/21_nov_p1/21_nov_p1_converted.mp4,0.0,913.250,1241.357,28.000,subject,177.631,facial sniffing,Not defined,STATE,1111.143,1113.500,2.357,C:/Users/brayd/Desktop/Padilla-Coreano Lab/Social Memory/21_nov_p1/21_nov_p1_converted.mp4,31112,31178,,,,
21_nov_p1,2024-10-16 11:50:52.548,,Media file,player #1:C:/Users/brayd/Desktop/Padilla-Coreano Lab/Social Memory/21_nov_p1/21_nov_p1_converted.mp4,0.0,913.250,1241.357,28.000,subject,177.631,anogenital sniffing,Not defined,STATE,1113.786,1114.929,1.143,C:/Users/brayd/Desktop/Padilla-Coreano Lab/Social Memory/21_nov_p1/21_nov_p1_converted.mp4,31186,31218,,,,
21_nov_p1,2024-10-16 11:50:52.548,,Media file,player #1:C:/Users/brayd/Desktop/Padilla-Coreano Lab/Social Memory/21_nov_p1/21_nov_p1_converted.mp4,0.0,913.250,1241.357,28.000,subject,177.631,facial sniffing,Not defined,STATE,1115.143,1115.536,0.393,C:/Users/brayd/Desktop/Padilla-Coreano Lab/Social Memory/21_nov_p1/21_nov_p1_converted.mp4,31224,31235,,,,
21_nov_p1,2024-10-16 11:50:52.548,,Media file,player #1:C:/Users/brayd/Desktop/Padilla-Coreano Lab/Social Memory/21_nov_p1/21_nov_p1_converted.mp4,0.0,913.250,1241.357,28.000,subject,177.631,anogenital sniffing,Not defined,STATE,1116.893,1118.464,1.571,C:/Users/brayd/Desktop/Padilla-Coreano Lab/Social Memory/21_nov_p1/21_nov_p1_converted.mp4,31273,31317,,,,
21_nov_p1,2024-10-16 11:50:52.548,,Media file,player #1:C:/Users/brayd/Desktop/Padilla-Coreano Lab/Social Memory/21_nov_p1/21_nov_p1_converted.mp4,0.0,913.250,1241.357,28.000,subject,177.631,anogenital sniffing,Not defined,STATE,1119.179,1120.036,0.857,C:/Users/brayd/Desktop/Padilla-Coreano Lab/Social Memory/21_nov_p1/21_nov_p1_converted.mp4,31337,31361,,,,
21_nov_p1,2024-10-16 11:50:52.548,,Media file,player #1:C:/Users/brayd/Desktop/Padilla-Coreano Lab/Social Memory/21_nov_p1/21_nov_p1_converted.mp4,0.0,913.250,1241.357,28.000,subject,177.631,facial sniffing,Not defined,STATE,1122.643,1123.393,0.750,C:/Users/brayd/Desktop/Padilla-Coreano Lab/Social Memory/21_nov_p1/21_nov_p1_converted.mp4,31434,31455,,,,
21_nov_p1,2024-10-16 11:50:52.548,,Media file,player #1:C:/Users/brayd/Desktop/Padilla-Coreano Lab/Social Memory/21_nov_p1/21_nov_p1_converted.mp4,0.0,913.250,1241.357,28.000,subject,177.631,facial sniffing,Not defined,STATE,1124.500,1125.357,0.857,C:/Users/brayd/Desktop/Padilla-Coreano Lab/Social Memory/21_nov_p1/21_nov_p1_converted.mp4,31486,31510,,,,
21_nov_p1,2024-10-16 11:50:52.548,,Media file,player #1:C:/Users/brayd/Desktop/Padilla-Coreano Lab/Social Memory/21_nov_p1/21_nov_p1_converted.mp4,0.0,913.250,1241.357,28.000,subject,177.631,anogenital sniffing,Not defined,STATE,1126.571,1127.607,1.036,C:/Users/brayd/Desktop/Padilla-Coreano Lab/Social Memory/21_nov_p1/21_nov_p1_converted.mp4,31544,31574,,,,
21_nov_p1,2024-10-16 11:50:52.548,,Media file,player #1:C:/Users/brayd/Desktop/Padilla-Coreano Lab/Social Memory/21_nov_p1/21_nov_p1_converted.mp4,0.0,913.250,1241.357,28.000,subject,177.631,anogenital sniffing,Not defined,STATE,1128.607,1129.036,0.429,C:/Users/brayd/Desktop/Padilla-Coreano Lab/Social Memory/21_nov_p1/21_nov_p1_converted.mp4,31601,31613,,,,
21_nov_p1,2024-10-16 11:50:52.548,,Media file,player #1:C:/Users/brayd/Desktop/Padilla-Coreano Lab/Social Memory/21_nov_p1/21_nov_p1_converted.mp4,0.0,913.250,1241.357,28.000,subject,177.631,anogenital sniffing,Not defined,STATE,1130.571,1131.821,1.250,C:/Users/brayd/Desktop/Padilla-Coreano Lab/Social Memory/21_nov_p1/21_nov_p1_converted.mp4,31656,31691,,,,
21_nov_p1,2024-10-16 11:50:52.548,,Media file,player #1:C:/Users/brayd/Desktop/Padilla-Coreano Lab/Social Memory/21_nov_p1/21_nov_p1_converted.mp4,0.0,913.250,1241.357,28.000,subject,177.631,facial sniffing,Not defined,STATE,1132.714,1133.893,1.179,C:/Users/brayd/Desktop/Padilla-Coreano Lab/Social Memory/21_nov_p1/21_nov_p1_converted.mp4,31716,31749,,,,
21_nov_p1,2024-10-16 11:50:52.548,,Media file,player #1:C:/Users/brayd/Desktop/Padilla-Coreano Lab/Social Memory/21_nov_p1/21_nov_p1_converted.mp4,0.0,913.250,1241.357,28.000,subject,177.631,facial sniffing,Not defined,STATE,1135.107,1136.536,1.429,C:/Users/brayd/Desktop/Padilla-Coreano Lab/Social Memory/21_nov_p1/21_nov_p1_converted.mp4,31783,31823,,,,
21_nov_p1,2024-10-16 11:50:52.548,,Media file,player #1:C:/Users/brayd/Desktop/Padilla-Coreano Lab/Social Memory/21_nov_p1/21_nov_p1_converted.mp4,0.0,913.250,1241.357,28.000,subject,177.631,anogenital sniffing,Not defined,STATE,1138.536,1139.786,1.250,C:/Users/brayd/Desktop/Padilla-Coreano Lab/Social Memory/21_nov_p1/21_nov_p1_converted.mp4,31879,31914,,,,
21_nov_p1,2024-10-16 11:50:52.548,,Media file,player #1:C:/Users/brayd/Desktop/Padilla-Coreano Lab/Social Memory/21_nov_p1/21_nov_p1_converted.mp4,0.0,913.250,1241.357,28.000,subject,177.631,anogenital sniffing,Not defined,STATE,1143.179,1143.714,0.535,C:/Users/brayd/Desktop/Padilla-Coreano Lab/Social Memory/21_nov_p1/21_nov_p1_converted.mp4,32009,32024,,,,
21_nov_p1,2024-10-16 11:50:52.548,,Media file,player #1:C:/Users/brayd/Desktop/Padilla-Coreano Lab/Social Memory/21_nov_p1/21_nov_p1_converted.mp4,0.0,913.250,1241.357,28.000,subject,177.631,anogenital sniffing,Not defined,STATE,1144.821,1146.714,1.893,C:/Users/brayd/Desktop/Padilla-Coreano Lab/Social Memory/21_nov_p1/21_nov_p1_converted.mp4,32055,32108,,,,
21_nov_p1,2024-10-16 11:50:52.548,,Media file,player #1:C:/Users/brayd/Desktop/Padilla-Coreano Lab/Social Memory/21_nov_p1/21_nov_p1_converted.mp4,0.0,913.250,1241.357,28.000,subject,177.631,facial sniffing,Not defined,STATE,1146.893,1148.321,1.428,C:/Users/brayd/Desktop/Padilla-Coreano Lab/Social Memory/21_nov_p1/21_nov_p1_converted.mp4,32113,32153,,,,
21_nov_p1,2024-10-16 11:50:52.548,,Media file,player #1:C:/Users/brayd/Desktop/Padilla-Coreano Lab/Social Memory/21_nov_p1/21_nov_p1_converted.mp4,0.0,913.250,1241.357,28.000,subject,177.631,facial sniffing,Not defined,STATE,1148.679,1150.143,1.464,C:/Users/brayd/Desktop/Padilla-Coreano Lab/Social Memory/21_nov_p1/21_nov_p1_converted.mp4,32163,32204,,,,
21_nov_p1,2024-10-16 11:50:52.548,,Media file,player #1:C:/Users/brayd/Desktop/Padilla-Coreano Lab/Social Memory/21_nov_p1/21_nov_p1_converted.mp4,0.0,913.250,1241.357,28.000,subject,177.631,anogenital sniffing,Not defined,STATE,1150.536,1151.250,0.714,C:/Users/brayd/Desktop/Padilla-Coreano Lab/Social Memory/21_nov_p1/21_nov_p1_converted.mp4,32215,32235,,,,
21_nov_p1,2024-10-16 11:50:52.548,,Media file,player #1:C:/Users/brayd/Desktop/Padilla-Coreano Lab/Social Memory/21_nov_p1/21_nov_p1_converted.mp4,0.0,913.250,1241.357,28.000,subject,177.631,anogenital sniffing,Not defined,STATE,1152.036,1153.500,1.464,C:/Users/brayd/Desktop/Padilla-Coreano Lab/Social Memory/21_nov_p1/21_nov_p1_converted.mp4,32257,32298,,,,
21_nov_p1,2024-10-16 11:50:52.548,,Media file,player #1:C:/Users/brayd/Desktop/Padilla-Coreano Lab/Social Memory/21_nov_p1/21_nov_p1_converted.mp4,0.0,913.250,1241.357,28.000,subject,177.631,anogenital sniffing,Not defined,STATE,1154.929,1155.321,0.392,C:/Users/brayd/Desktop/Padilla-Coreano Lab/Social Memory/21_nov_p1/21_nov_p1_converted.mp4,32338,32349,,,,
21_nov_p1,2024-10-16 11:50:52.548,,Media file,player #1:C:/Users/brayd/Desktop/Padilla-Coreano Lab/Social Memory/21_nov_p1/21_nov_p1_converted.mp4,0.0,913.250,1241.357,28.000,subject,177.631,facial sniffing,Not defined,STATE,1156.571,1157.107,0.536,C:/Users/brayd/Desktop/Padilla-Coreano Lab/Social Memory/21_nov_p1/21_nov_p1_converted.mp4,32384,32399,,,,
21_nov_p1,2024-10-16 11:50:52.548,,Media file,player #1:C:/Users/brayd/Desktop/Padilla-Coreano Lab/Social Memory/21_nov_p1/21_nov_p1_converted.mp4,0.0,913.250,1241.357,28.000,subject,177.631,facial sniffing,Not defined,STATE,1159.786,1161.536,1.750,C:/Users/brayd/Desktop/Padilla-Coreano Lab/Social Memory/21_nov_p1/21_nov_p1_converted.mp4,32474,32523,,,,
21_nov_p1,2024-10-16 11:50:52.548,,Media file,player #1:C:/Users/brayd/Desktop/Padilla-Coreano Lab/Social Memory/21_nov_p1/21_nov_p1_converted.mp4,0.0,913.250,1241.357,28.000,subject,177.631,anogenital sniffing,Not defined,STATE,1161.929,1164.321,2.392,C:/Users/brayd/Desktop/Padilla-Coreano Lab/Social Memory/21_nov_p1/21_nov_p1_converted.mp4,32534,32601,,,,
21_nov_p1,2024-10-16 11:50:52.548,,Media file,player #1:C:/Users/brayd/Desktop/Padilla-Coreano Lab/Social Memory/21_nov_p1/21_nov_p1_converted.mp4,0.0,913.250,1241.357,28.000,subject,177.631,facial sniffing,Not defined,STATE,1165.536,1167.500,1.964,C:/Users/brayd/Desktop/Padilla-Coreano Lab/Social Memory/21_nov_p1/21_nov_p1_converted.mp4,32635,32690,,,,
21_nov_p1,2024-10-16 11:50:52.548,,Media file,player #1:C:/Users/brayd/Desktop/Padilla-Coreano Lab/Social Memory/21_nov_p1/21_nov_p1_converted.mp4,0.0,913.250,1241.357,28.000,subject,177.631,facial sniffing,Not defined,STATE,1170.429,1171.071,0.642,C:/Users/brayd/Desktop/Padilla-Coreano Lab/Social Memory/21_nov_p1/21_nov_p1_converted.mp4,32772,32790,,,,
21_nov_p1,2024-10-16 11:50:52.548,,Media file,player #1:C:/Users/brayd/Desktop/Padilla-Coreano Lab/Social Memory/21_nov_p1/21_nov_p1_converted.mp4,0.0,913.250,1241.357,28.000,subject,177.631,facial sniffing,Not defined,STATE,1171.607,1172.571,0.964,C:/Users/brayd/Desktop/Padilla-Coreano Lab/Social Memory/21_nov_p1/21_nov_p1_converted.mp4,32805,32832,,,,
21_nov_p1,2024-10-16 11:50:52.548,,Media file,player #1:C:/Users/brayd/Desktop/Padilla-Coreano Lab/Social Memory/21_nov_p1/21_nov_p1_converted.mp4,0.0,913.250,1241.357,28.000,subject,177.631,anogenital sniffing,Not defined,STATE,1175.143,1175.857,0.714,C:/Users/brayd/Desktop/Padilla-Coreano Lab/Social Memory/21_nov_p1/21_nov_p1_converted.mp4,32904,32924,,,,
21_nov_p1,2024-10-16 11:50:52.548,,Media file,player #1:C:/Users/brayd/Desktop/Padilla-Coreano Lab/Social Memory/21_nov_p1/21_nov_p1_converted.mp4,0.0,913.250,1241.357,28.000,subject,177.631,anogenital sniffing,Not defined,STATE,1176.929,1177.286,0.357,C:/Users/brayd/Desktop/Padilla-Coreano Lab/Social Memory/21_nov_p1/21_nov_p1_converted.mp4,32954,32964,,,,
21_nov_p1,2024-10-16 11:50:52.548,,Media file,player #1:C:/Users/brayd/Desktop/Padilla-Coreano Lab/Social Memory/21_nov_p1/21_nov_p1_converted.mp4,0.0,913.250,1241.357,28.000,subject,177.631,facial sniffing,Not defined,STATE,1178.714,1179.143,0.429,C:/Users/brayd/Desktop/Padilla-Coreano Lab/Social Memory/21_nov_p1/21_nov_p1_converted.mp4,33004,33016,,,,
21_nov_p1,2024-10-16 11:50:52.548,,Media file,player #1:C:/Users/brayd/Desktop/Padilla-Coreano Lab/Social Memory/21_nov_p1/21_nov_p1_converted.mp4,0.0,913.250,1241.357,28.000,subject,177.631,facial sniffing,Not defined,STATE,1181.429,1182.607,1.178,C:/Users/brayd/Desktop/Padilla-Coreano Lab/Social Memory/21_nov_p1/21_nov_p1_converted.mp4,33080,33113,,,,
21_nov_p1,2024-10-16 11:50:52.548,,Media file,player #1:C:/Users/brayd/Desktop/Padilla-Coreano Lab/Social Memory/21_nov_p1/21_nov_p1_converted.mp4,0.0,913.250,1241.357,28.000,subject,177.631,facial sniffing,Not defined,STATE,1185.357,1186.000,0.643,C:/Users/brayd/Desktop/Padilla-Coreano Lab/Social Memory/21_nov_p1/21_nov_p1_converted.mp4,33190,33208,,,,
21_nov_p1,2024-10-16 11:50:52.548,,Media file,player #1:C:/Users/brayd/Desktop/Padilla-Coreano Lab/Social Memory/21_nov_p1/21_nov_p1_converted.mp4,0.0,913.250,1241.357,28.000,subject,177.631,facial sniffing,Not defined,STATE,1186.607,1186.821,0.214,C:/Users/brayd/Desktop/Padilla-Coreano Lab/Social Memory/21_nov_p1/21_nov_p1_converted.mp4,33225,33231,,,,
21_nov_p1,2024-10-16 11:50:52.548,,Media file,player #1:C:/Users/brayd/Desktop/Padilla-Coreano Lab/Social Memory/21_nov_p1/21_nov_p1_converted.mp4,0.0,913.250,1241.357,28.000,subject,177.631,facial sniffing,Not defined,STATE,1187.250,1189.500,2.250,C:/Users/brayd/Desktop/Padilla-Coreano Lab/Social Memory/21_nov_p1/21_nov_p1_converted.mp4,33243,33306,,,,
21_nov_p1,2024-10-16 11:50:52.548,,Media file,player #1:C:/Users/brayd/Desktop/Padilla-Coreano Lab/Social Memory/21_nov_p1/21_nov_p1_converted.mp4,0.0,913.250,1241.357,28.000,subject,177.631,facial sniffing,Not defined,STATE,1190.143,1191.071,0.928,C:/Users/brayd/Desktop/Padilla-Coreano Lab/Social Memory/21_nov_p1/21_nov_p1_converted.mp4,33324,33350,,,,
21_nov_p1,2024-10-16 11:50:52.548,,Media file,player #1:C:/Users/brayd/Desktop/Padilla-Coreano Lab/Social Memory/21_nov_p1/21_nov_p1_converted.mp4,0.0,913.250,1241.357,28.000,subject,177.631,facial sniffing,Not defined,STATE,1191.464,1192.714,1.250,C:/Users/brayd/Desktop/Padilla-Coreano Lab/Social Memory/21_nov_p1/21_nov_p1_converted.mp4,33361,33396,,,,
21_nov_p1,2024-10-16 11:50:52.548,,Media file,player #1:C:/Users/brayd/Desktop/Padilla-Coreano Lab/Social Memory/21_nov_p1/21_nov_p1_converted.mp4,0.0,913.250,1241.357,28.000,subject,177.631,anogenital sniffing,Not defined,STATE,1195.143,1197.929,2.786,C:/Users/brayd/Desktop/Padilla-Coreano Lab/Social Memory/21_nov_p1/21_nov_p1_converted.mp4,33464,33542,,,,
21_nov_p1,2024-10-16 11:50:52.548,,Media file,player #1:C:/Users/brayd/Desktop/Padilla-Coreano Lab/Social Memory/21_nov_p1/21_nov_p1_converted.mp4,0.0,913.250,1241.357,28.000,subject,177.631,facial sniffing,Not defined,STATE,1200.321,1200.750,0.429,C:/Users/brayd/Desktop/Padilla-Coreano Lab/Social Memory/21_nov_p1/21_nov_p1_converted.mp4,33609,33621,,,,
21_nov_p1,2024-10-16 11:50:52.548,,Media file,player #1:C:/Users/brayd/Desktop/Padilla-Coreano Lab/Social Memory/21_nov_p1/21_nov_p1_converted.mp4,0.0,913.250,1241.357,28.000,subject,177.631,anogenital sniffing,Not defined,STATE,1200.929,1201.643,0.714,C:/Users/brayd/Desktop/Padilla-Coreano Lab/Social Memory/21_nov_p1/21_nov_p1_converted.mp4,33626,33646,,,,
21_nov_p1,2024-10-16 11:50:52.548,,Media file,player #1:C:/Users/brayd/Desktop/Padilla-Coreano Lab/Social Memory/21_nov_p1/21_nov_p1_converted.mp4,0.0,913.250,1241.357,28.000,social_agent,161.07,facial sniffing,Not defined,STATE,1205.429,1205.821,0.392,C:/Users/brayd/Desktop/Padilla-Coreano Lab/Social Memory/21_nov_p1/21_nov_p1_converted.mp4,33752,33763,,,,
21_nov_p1,2024-10-16 11:50:52.548,,Media file,player #1:C:/Users/brayd/Desktop/Padilla-Coreano Lab/Social Memory/21_nov_p1/21_nov_p1_converted.mp4,0.0,913.250,1241.357,28.000,social_agent,161.07,facial sniffing,Not defined,STATE,1208.464,1211.893,3.429,C:/Users/brayd/Desktop/Padilla-Coreano Lab/Social Memory/21_nov_p1/21_nov_p1_converted.mp4,33837,33933,,,,
21_nov_p1,2024-10-16 11:50:52.548,,Media file,player #1:C:/Users/brayd/Desktop/Padilla-Coreano Lab/Social Memory/21_nov_p1/21_nov_p1_converted.mp4,0.0,913.250,1241.357,28.000,social_agent,161.07,anogenital sniffing,Not defined,STATE,1216.214,1217.500,1.286,C:/Users/brayd/Desktop/Padilla-Coreano Lab/Social Memory/21_nov_p1/21_nov_p1_converted.mp4,34055,34090,,,,
21_nov_p1,2024-10-16 11:50:52.548,,Media file,player #1:C:/Users/brayd/Desktop/Padilla-Coreano Lab/Social Memory/21_nov_p1/21_nov_p1_converted.mp4,0.0,913.250,1241.357,28.000,social_agent,161.07,facial sniffing,Not defined,STATE,1217.643,1220.357,2.714,C:/Users/brayd/Desktop/Padilla-Coreano Lab/Social Memory/21_nov_p1/21_nov_p1_converted.mp4,34094,34170,,,,
21_nov_p1,2024-10-16 11:50:52.548,,Media file,player #1:C:/Users/brayd/Desktop/Padilla-Coreano Lab/Social Memory/21_nov_p1/21_nov_p1_converted.mp4,0.0,913.250,1241.357,28.000,social_agent,161.07,facial sniffing,Not defined,STATE,1221.679,1222.071,0.392,C:/Users/brayd/Desktop/Padilla-Coreano Lab/Social Memory/21_nov_p1/21_nov_p1_converted.mp4,34207,34218,,,,
21_nov_p1,2024-10-16 11:50:52.548,,Media file,player #1:C:/Users/brayd/Desktop/Padilla-Coreano Lab/Social Memory/21_nov_p1/21_nov_p1_converted.mp4,0.0,913.250,1241.357,28.000,subject,177.631,facial sniffing,Not defined,STATE,1222.143,1223.536,1.393,C:/Users/brayd/Desktop/Padilla-Coreano Lab/Social Memory/21_nov_p1/21_nov_p1_converted.mp4,34220,34259,,,,
21_nov_p1,2024-10-16 11:50:52.548,,Media file,player #1:C:/Users/brayd/Desktop/Padilla-Coreano Lab/Social Memory/21_nov_p1/21_nov_p1_converted.mp4,0.0,913.250,1241.357,28.000,subject,177.631,facial sniffing,Not defined,STATE,1224.429,1224.786,0.357,C:/Users/brayd/Desktop/Padilla-Coreano Lab/Social Memory/21_nov_p1/21_nov_p1_converted.mp4,34284,34294,,,,
21_nov_p1,2024-10-16 11:50:52.548,,Media file,player #1:C:/Users/brayd/Desktop/Padilla-Coreano Lab/Social Memory/21_nov_p1/21_nov_p1_converted.mp4,0.0,913.250,1241.357,28.000,subject,177.631,facial sniffing,Not defined,STATE,1225.857,1228.321,2.464,C:/Users/brayd/Desktop/Padilla-Coreano Lab/Social Memory/21_nov_p1/21_nov_p1_converted.mp4,34324,34393,,,,
21_nov_p1,2024-10-16 11:50:52.548,,Media file,player #1:C:/Users/brayd/Desktop/Padilla-Coreano Lab/Social Memory/21_nov_p1/21_nov_p1_converted.mp4,0.0,913.250,1241.357,28.000,subject,177.631,facial sniffing,Not defined,STATE,1229.821,1231.643,1.822,C:/Users/brayd/Desktop/Padilla-Coreano Lab/Social Memory/21_nov_p1/21_nov_p1_converted.mp4,34435,34486,,,,
21_nov_p1,2024-10-16 11:50:52.548,,Media file,player #1:C:/Users/brayd/Desktop/Padilla-Coreano Lab/Social Memory/21_nov_p1/21_nov_p1_converted.mp4,0.0,913.250,1241.357,28.000,subject,177.631,facial sniffing,Not defined,STATE,1232.429,1232.929,0.500,C:/Users/brayd/Desktop/Padilla-Coreano Lab/Social Memory/21_nov_p1/21_nov_p1_converted.mp4,34508,34522,,,,
21_nov_p1,2024-10-16 11:50:52.548,,Media file,player #1:C:/Users/brayd/Desktop/Padilla-Coreano Lab/Social Memory/21_nov_p1/21_nov_p1_converted.mp4,0.0,913.250,1241.357,28.000,subject,177.631,facial sniffing,Not defined,STATE,1233.857,1237.714,3.857,C:/Users/brayd/Desktop/Padilla-Coreano Lab/Social Memory/21_nov_p1/21_nov_p1_converted.mp4,34548,34656,,,,
