Observation id,Observation date,Description,Observation type,Source,Time offset (s),Coding duration,Media duration (s),FPS (frame/s),Subject,Observation duration by subject by observation,Behavior,Behavioral category,Behavior type,Start (s),Stop (s),Duration (s),Media file name,Image index start,Image index stop,Image file path start,Image file path stop,Comment start,Comment stop
22_cage_p1,2024-10-06 00:23:00.220,,Media file,player #1:C:/lab/Social Memory/22_cage_p1_converted.mp4,0.0,1733.934,2341.800,15.000,social_agent,90.136,mice back in,Not defined,POINT,601.333,601.333,NA,C:/lab/Social Memory/22_cage_p1_converted.mp4,9020,9020,,,,
22_cage_p1,2024-10-06 00:23:00.220,,Media file,player #1:C:/lab/Social Memory/22_cage_p1_converted.mp4,0.0,1733.934,2341.800,15.000,subject,112.874,facial sniffing,Not defined,STATE,603.333,603.733,0.400,C:/lab/Social Memory/22_cage_p1_converted.mp4,9050,9056,,,,
22_cage_p1,2024-10-06 00:23:00.220,,Media file,player #1:C:/lab/Social Memory/22_cage_p1_converted.mp4,0.0,1733.934,2341.800,15.000,subject,112.874,anogenital sniffing,Not defined,STATE,603.733,604.133,0.400,C:/lab/Social Memory/22_cage_p1_converted.mp4,9056,9062,,,,
22_cage_p1,2024-10-06 00:23:00.220,,Media file,player #1:C:/lab/Social Memory/22_cage_p1_converted.mp4,0.0,1733.934,2341.800,15.000,subject,112.874,anogenital sniffing,Not defined,STATE,604.667,608.667,4.000,C:/lab/Social Memory/22_cage_p1_converted.mp4,9070,9130,,,,
22_cage_p1,2024-10-06 00:23:00.220,,Media file,player #1:C:/lab/Social Memory/22_cage_p1_converted.mp4,0.0,1733.934,2341.800,15.000,subject,112.874,facial sniffing,Not defined,STATE,609.400,611.400,2.000,C:/lab/Social Memory/22_cage_p1_converted.mp4,9141,9171,,,,
22_cage_p1,2024-10-06 00:23:00.220,,Media file,player #1:C:/lab/Social Memory/22_cage_p1_converted.mp4,0.0,1733.934,2341.800,15.000,subject,112.874,anogenital sniffing,Not defined,STATE,612.800,613.267,0.467,C:/lab/Social Memory/22_cage_p1_converted.mp4,9192,9199,,,,
22_cage_p1,2024-10-06 00:23:00.220,,Media file,player #1:C:/lab/Social Memory/22_cage_p1_converted.mp4,0.0,1733.934,2341.800,15.000,subject,112.874,fighting,Not defined,STATE,615.000,615.400,0.400,C:/lab/Social Memory/22_cage_p1_converted.mp4,9225,9231,,,,
22_cage_p1,2024-10-06 00:23:00.220,,Media file,player #1:C:/lab/Social Memory/22_cage_p1_converted.mp4,0.0,1733.934,2341.800,15.000,subject,112.874,fighting,Not defined,STATE,615.933,616.333,0.400,C:/lab/Social Memory/22_cage_p1_converted.mp4,9239,9245,,,,
22_cage_p1,2024-10-06 00:23:00.220,,Media file,player #1:C:/lab/Social Memory/22_cage_p1_converted.mp4,0.0,1733.934,2341.800,15.000,subject,112.874,fighting,Not defined,STATE,616.667,616.933,0.266,C:/lab/Social Memory/22_cage_p1_converted.mp4,9250,9254,,,,
22_cage_p1,2024-10-06 00:23:00.220,,Media file,player #1:C:/lab/Social Memory/22_cage_p1_converted.mp4,0.0,1733.934,2341.800,15.000,subject,112.874,fighting,Not defined,STATE,618.400,619.200,0.800,C:/lab/Social Memory/22_cage_p1_converted.mp4,9276,9288,,,,
22_cage_p1,2024-10-06 00:23:00.220,,Media file,player #1:C:/lab/Social Memory/22_cage_p1_converted.mp4,0.0,1733.934,2341.800,15.000,subject,112.874,fighting,Not defined,STATE,621.333,621.733,0.400,C:/lab/Social Memory/22_cage_p1_converted.mp4,9320,9326,,,,
22_cage_p1,2024-10-06 00:23:00.220,,Media file,player #1:C:/lab/Social Memory/22_cage_p1_converted.mp4,0.0,1733.934,2341.800,15.000,subject,112.874,fighting,Not defined,STATE,622.600,622.933,0.333,C:/lab/Social Memory/22_cage_p1_converted.mp4,9339,9344,,,,
22_cage_p1,2024-10-06 00:23:00.220,,Media file,player #1:C:/lab/Social Memory/22_cage_p1_converted.mp4,0.0,1733.934,2341.800,15.000,subject,112.874,fighting,Not defined,STATE,624.867,625.533,0.666,C:/lab/Social Memory/22_cage_p1_converted.mp4,9373,9383,,,,
22_cage_p1,2024-10-06 00:23:00.220,,Media file,player #1:C:/lab/Social Memory/22_cage_p1_converted.mp4,0.0,1733.934,2341.800,15.000,social_agent,90.136,facial sniffing,Not defined,STATE,626.600,626.867,0.267,C:/lab/Social Memory/22_cage_p1_converted.mp4,9399,9403,,,,
22_cage_p1,2024-10-06 00:23:00.220,,Media file,player #1:C:/lab/Social Memory/22_cage_p1_converted.mp4,0.0,1733.934,2341.800,15.000,social_agent,90.136,anogenital sniffing,Not defined,STATE,628.000,628.333,0.333,C:/lab/Social Memory/22_cage_p1_converted.mp4,9420,9425,,,,
22_cage_p1,2024-10-06 00:23:00.220,,Media file,player #1:C:/lab/Social Memory/22_cage_p1_converted.mp4,0.0,1733.934,2341.800,15.000,social_agent,90.136,facial sniffing,Not defined,STATE,634.800,635.533,0.733,C:/lab/Social Memory/22_cage_p1_converted.mp4,9522,9533,,,,
22_cage_p1,2024-10-06 00:23:00.220,,Media file,player #1:C:/lab/Social Memory/22_cage_p1_converted.mp4,0.0,1733.934,2341.800,15.000,subject,112.874,facial sniffing,Not defined,STATE,634.933,635.333,0.400,C:/lab/Social Memory/22_cage_p1_converted.mp4,9524,9530,,,,
22_cage_p1,2024-10-06 00:23:00.220,,Media file,player #1:C:/lab/Social Memory/22_cage_p1_converted.mp4,0.0,1733.934,2341.800,15.000,subject,112.874,facial sniffing,Not defined,STATE,635.933,636.600,0.667,C:/lab/Social Memory/22_cage_p1_converted.mp4,9539,9549,,,,
22_cage_p1,2024-10-06 00:23:00.220,,Media file,player #1:C:/lab/Social Memory/22_cage_p1_converted.mp4,0.0,1733.934,2341.800,15.000,subject,112.874,facial sniffing,Not defined,STATE,641.667,642.200,0.533,C:/lab/Social Memory/22_cage_p1_converted.mp4,9625,9633,,,,
22_cage_p1,2024-10-06 00:23:00.220,,Media file,player #1:C:/lab/Social Memory/22_cage_p1_converted.mp4,0.0,1733.934,2341.800,15.000,subject,112.874,facial sniffing,Not defined,STATE,642.933,643.400,0.467,C:/lab/Social Memory/22_cage_p1_converted.mp4,9644,9651,,,,
22_cage_p1,2024-10-06 00:23:00.220,,Media file,player #1:C:/lab/Social Memory/22_cage_p1_converted.mp4,0.0,1733.934,2341.800,15.000,subject,112.874,anogenital sniffing,Not defined,STATE,643.400,644.867,1.467,C:/lab/Social Memory/22_cage_p1_converted.mp4,9651,9673,,,,
22_cage_p1,2024-10-06 00:23:00.220,,Media file,player #1:C:/lab/Social Memory/22_cage_p1_converted.mp4,0.0,1733.934,2341.800,15.000,social_agent,90.136,anogenital sniffing,Not defined,STATE,649.733,650.067,0.334,C:/lab/Social Memory/22_cage_p1_converted.mp4,9746,9751,,,,
22_cage_p1,2024-10-06 00:23:00.220,,Media file,player #1:C:/lab/Social Memory/22_cage_p1_converted.mp4,0.0,1733.934,2341.800,15.000,subject,112.874,facial sniffing,Not defined,STATE,660.067,660.400,0.333,C:/lab/Social Memory/22_cage_p1_converted.mp4,9901,9906,,,,
22_cage_p1,2024-10-06 00:23:00.220,,Media file,player #1:C:/lab/Social Memory/22_cage_p1_converted.mp4,0.0,1733.934,2341.800,15.000,social_agent,90.136,facial sniffing,Not defined,STATE,660.133,660.600,0.467,C:/lab/Social Memory/22_cage_p1_converted.mp4,9902,9909,,,,
22_cage_p1,2024-10-06 00:23:00.220,,Media file,player #1:C:/lab/Social Memory/22_cage_p1_converted.mp4,0.0,1733.934,2341.800,15.000,subject,112.874,facial sniffing,Not defined,STATE,665.667,666.200,0.533,C:/lab/Social Memory/22_cage_p1_converted.mp4,9985,9993,,,,
22_cage_p1,2024-10-06 00:23:00.220,,Media file,player #1:C:/lab/Social Memory/22_cage_p1_converted.mp4,0.0,1733.934,2341.800,15.000,social_agent,90.136,facial sniffing,Not defined,STATE,665.933,666.267,0.334,C:/lab/Social Memory/22_cage_p1_converted.mp4,9989,9994,,,,
22_cage_p1,2024-10-06 00:23:00.220,,Media file,player #1:C:/lab/Social Memory/22_cage_p1_converted.mp4,0.0,1733.934,2341.800,15.000,subject,112.874,anogenital sniffing,Not defined,STATE,666.933,667.200,0.267,C:/lab/Social Memory/22_cage_p1_converted.mp4,10004,10008,,,,
22_cage_p1,2024-10-06 00:23:00.220,,Media file,player #1:C:/lab/Social Memory/22_cage_p1_converted.mp4,0.0,1733.934,2341.800,15.000,social_agent,90.136,anogenital sniffing,Not defined,STATE,670.733,671.200,0.467,C:/lab/Social Memory/22_cage_p1_converted.mp4,10061,10068,,,,
22_cage_p1,2024-10-06 00:23:00.220,,Media file,player #1:C:/lab/Social Memory/22_cage_p1_converted.mp4,0.0,1733.934,2341.800,15.000,social_agent,90.136,facial sniffing,Not defined,STATE,672.200,672.533,0.333,C:/lab/Social Memory/22_cage_p1_converted.mp4,10083,10088,,,,
22_cage_p1,2024-10-06 00:23:00.220,,Media file,player #1:C:/lab/Social Memory/22_cage_p1_converted.mp4,0.0,1733.934,2341.800,15.000,subject,112.874,anogenital sniffing,Not defined,STATE,672.600,673.200,0.600,C:/lab/Social Memory/22_cage_p1_converted.mp4,10089,10098,,,,
22_cage_p1,2024-10-06 00:23:00.220,,Media file,player #1:C:/lab/Social Memory/22_cage_p1_converted.mp4,0.0,1733.934,2341.800,15.000,subject,112.874,facial sniffing,Not defined,STATE,679.000,679.400,0.400,C:/lab/Social Memory/22_cage_p1_converted.mp4,10185,10191,,,,
22_cage_p1,2024-10-06 00:23:00.220,,Media file,player #1:C:/lab/Social Memory/22_cage_p1_converted.mp4,0.0,1733.934,2341.800,15.000,subject,112.874,anogenital sniffing,Not defined,STATE,680.533,680.867,0.334,C:/lab/Social Memory/22_cage_p1_converted.mp4,10208,10213,,,,
22_cage_p1,2024-10-06 00:23:00.220,,Media file,player #1:C:/lab/Social Memory/22_cage_p1_converted.mp4,0.0,1733.934,2341.800,15.000,social_agent,90.136,facial sniffing,Not defined,STATE,681.133,681.667,0.534,C:/lab/Social Memory/22_cage_p1_converted.mp4,10217,10225,,,,
22_cage_p1,2024-10-06 00:23:00.220,,Media file,player #1:C:/lab/Social Memory/22_cage_p1_converted.mp4,0.0,1733.934,2341.800,15.000,subject,112.874,facial sniffing,Not defined,STATE,681.200,681.533,0.333,C:/lab/Social Memory/22_cage_p1_converted.mp4,10218,10223,,,,
22_cage_p1,2024-10-06 00:23:00.220,,Media file,player #1:C:/lab/Social Memory/22_cage_p1_converted.mp4,0.0,1733.934,2341.800,15.000,subject,112.874,anogenital sniffing,Not defined,STATE,688.533,689.200,0.667,C:/lab/Social Memory/22_cage_p1_converted.mp4,10328,10338,,,,
22_cage_p1,2024-10-06 00:23:00.220,,Media file,player #1:C:/lab/Social Memory/22_cage_p1_converted.mp4,0.0,1733.934,2341.800,15.000,subject,112.874,facial sniffing,Not defined,STATE,689.733,690.067,0.334,C:/lab/Social Memory/22_cage_p1_converted.mp4,10346,10351,,,,
22_cage_p1,2024-10-06 00:23:00.220,,Media file,player #1:C:/lab/Social Memory/22_cage_p1_converted.mp4,0.0,1733.934,2341.800,15.000,subject,112.874,fighting,Not defined,STATE,690.800,691.067,0.267,C:/lab/Social Memory/22_cage_p1_converted.mp4,10362,10366,,,,
22_cage_p1,2024-10-06 00:23:00.220,,Media file,player #1:C:/lab/Social Memory/22_cage_p1_converted.mp4,0.0,1733.934,2341.800,15.000,social_agent,90.136,facial sniffing,Not defined,STATE,694.400,695.133,0.733,C:/lab/Social Memory/22_cage_p1_converted.mp4,10416,10427,,,,
22_cage_p1,2024-10-06 00:23:00.220,,Media file,player #1:C:/lab/Social Memory/22_cage_p1_converted.mp4,0.0,1733.934,2341.800,15.000,subject,112.874,anogenital sniffing,Not defined,STATE,705.733,706.133,0.400,C:/lab/Social Memory/22_cage_p1_converted.mp4,10586,10592,,,,
22_cage_p1,2024-10-06 00:23:00.220,,Media file,player #1:C:/lab/Social Memory/22_cage_p1_converted.mp4,0.0,1733.934,2341.800,15.000,subject,112.874,anogenital sniffing,Not defined,STATE,711.400,711.867,0.467,C:/lab/Social Memory/22_cage_p1_converted.mp4,10671,10678,,,,
22_cage_p1,2024-10-06 00:23:00.220,,Media file,player #1:C:/lab/Social Memory/22_cage_p1_converted.mp4,0.0,1733.934,2341.800,15.000,subject,112.874,fighting,Not defined,STATE,714.533,714.867,0.334,C:/lab/Social Memory/22_cage_p1_converted.mp4,10718,10723,,,,
22_cage_p1,2024-10-06 00:23:00.220,,Media file,player #1:C:/lab/Social Memory/22_cage_p1_converted.mp4,0.0,1733.934,2341.800,15.000,subject,112.874,anogenital sniffing,Not defined,STATE,715.200,715.600,0.400,C:/lab/Social Memory/22_cage_p1_converted.mp4,10728,10734,,,,
22_cage_p1,2024-10-06 00:23:00.220,,Media file,player #1:C:/lab/Social Memory/22_cage_p1_converted.mp4,0.0,1733.934,2341.800,15.000,subject,112.874,fighting,Not defined,STATE,715.933,716.200,0.267,C:/lab/Social Memory/22_cage_p1_converted.mp4,10739,10743,,,,
22_cage_p1,2024-10-06 00:23:00.220,,Media file,player #1:C:/lab/Social Memory/22_cage_p1_converted.mp4,0.0,1733.934,2341.800,15.000,subject,112.874,fighting,Not defined,STATE,716.467,716.733,0.266,C:/lab/Social Memory/22_cage_p1_converted.mp4,10747,10751,,,,
22_cage_p1,2024-10-06 00:23:00.220,,Media file,player #1:C:/lab/Social Memory/22_cage_p1_converted.mp4,0.0,1733.934,2341.800,15.000,subject,112.874,fighting,Not defined,STATE,717.200,717.467,0.267,C:/lab/Social Memory/22_cage_p1_converted.mp4,10758,10762,,,,
22_cage_p1,2024-10-06 00:23:00.220,,Media file,player #1:C:/lab/Social Memory/22_cage_p1_converted.mp4,0.0,1733.934,2341.800,15.000,subject,112.874,fighting,Not defined,STATE,717.867,718.467,0.600,C:/lab/Social Memory/22_cage_p1_converted.mp4,10768,10777,,,,
22_cage_p1,2024-10-06 00:23:00.220,,Media file,player #1:C:/lab/Social Memory/22_cage_p1_converted.mp4,0.0,1733.934,2341.800,15.000,subject,112.874,facial sniffing,Not defined,STATE,720.000,721.533,1.533,C:/lab/Social Memory/22_cage_p1_converted.mp4,10800,10823,,,,
22_cage_p1,2024-10-06 00:23:00.220,,Media file,player #1:C:/lab/Social Memory/22_cage_p1_converted.mp4,0.0,1733.934,2341.800,15.000,social_agent,90.136,facial sniffing,Not defined,STATE,724.600,725.267,0.667,C:/lab/Social Memory/22_cage_p1_converted.mp4,10869,10879,,,,
22_cage_p1,2024-10-06 00:23:00.220,,Media file,player #1:C:/lab/Social Memory/22_cage_p1_converted.mp4,0.0,1733.934,2341.800,15.000,subject,112.874,facial sniffing,Not defined,STATE,724.800,725.200,0.400,C:/lab/Social Memory/22_cage_p1_converted.mp4,10872,10878,,,,
22_cage_p1,2024-10-06 00:23:00.220,,Media file,player #1:C:/lab/Social Memory/22_cage_p1_converted.mp4,0.0,1733.934,2341.800,15.000,subject,112.874,anogenital sniffing,Not defined,STATE,726.200,726.800,0.600,C:/lab/Social Memory/22_cage_p1_converted.mp4,10893,10902,,,,
22_cage_p1,2024-10-06 00:23:00.220,,Media file,player #1:C:/lab/Social Memory/22_cage_p1_converted.mp4,0.0,1733.934,2341.800,15.000,subject,112.874,anogenital sniffing,Not defined,STATE,727.267,727.533,0.266,C:/lab/Social Memory/22_cage_p1_converted.mp4,10909,10913,,,,
22_cage_p1,2024-10-06 00:23:00.220,,Media file,player #1:C:/lab/Social Memory/22_cage_p1_converted.mp4,0.0,1733.934,2341.800,15.000,social_agent,90.136,facial sniffing,Not defined,STATE,732.267,732.867,0.600,C:/lab/Social Memory/22_cage_p1_converted.mp4,10984,10993,,,,
22_cage_p1,2024-10-06 00:23:00.220,,Media file,player #1:C:/lab/Social Memory/22_cage_p1_converted.mp4,0.0,1733.934,2341.800,15.000,subject,112.874,facial sniffing,Not defined,STATE,736.667,737.000,0.333,C:/lab/Social Memory/22_cage_p1_converted.mp4,11050,11055,,,,
22_cage_p1,2024-10-06 00:23:00.220,,Media file,player #1:C:/lab/Social Memory/22_cage_p1_converted.mp4,0.0,1733.934,2341.800,15.000,subject,112.874,anogenital sniffing,Not defined,STATE,739.600,739.867,0.267,C:/lab/Social Memory/22_cage_p1_converted.mp4,11094,11098,,,,
22_cage_p1,2024-10-06 00:23:00.220,,Media file,player #1:C:/lab/Social Memory/22_cage_p1_converted.mp4,0.0,1733.934,2341.800,15.000,social_agent,90.136,anogenital sniffing,Not defined,STATE,742.267,742.667,0.400,C:/lab/Social Memory/22_cage_p1_converted.mp4,11134,11140,,,,
22_cage_p1,2024-10-06 00:23:00.220,,Media file,player #1:C:/lab/Social Memory/22_cage_p1_converted.mp4,0.0,1733.934,2341.800,15.000,social_agent,90.136,facial sniffing,Not defined,STATE,744.133,744.600,0.467,C:/lab/Social Memory/22_cage_p1_converted.mp4,11162,11169,,,,
22_cage_p1,2024-10-06 00:23:00.220,,Media file,player #1:C:/lab/Social Memory/22_cage_p1_converted.mp4,0.0,1733.934,2341.800,15.000,social_agent,90.136,facial sniffing,Not defined,STATE,746.600,746.733,0.133,C:/lab/Social Memory/22_cage_p1_converted.mp4,11199,11201,,,,
22_cage_p1,2024-10-06 00:23:00.220,,Media file,player #1:C:/lab/Social Memory/22_cage_p1_converted.mp4,0.0,1733.934,2341.800,15.000,subject,112.874,facial sniffing,Not defined,STATE,750.400,750.800,0.400,C:/lab/Social Memory/22_cage_p1_converted.mp4,11256,11262,,,,
22_cage_p1,2024-10-06 00:23:00.220,,Media file,player #1:C:/lab/Social Memory/22_cage_p1_converted.mp4,0.0,1733.934,2341.800,15.000,social_agent,90.136,facial sniffing,Not defined,STATE,750.600,751.000,0.400,C:/lab/Social Memory/22_cage_p1_converted.mp4,11259,11265,,,,
22_cage_p1,2024-10-06 00:23:00.220,,Media file,player #1:C:/lab/Social Memory/22_cage_p1_converted.mp4,0.0,1733.934,2341.800,15.000,social_agent,90.136,facial sniffing,Not defined,STATE,751.867,752.400,0.533,C:/lab/Social Memory/22_cage_p1_converted.mp4,11278,11286,,,,
22_cage_p1,2024-10-06 00:23:00.220,,Media file,player #1:C:/lab/Social Memory/22_cage_p1_converted.mp4,0.0,1733.934,2341.800,15.000,subject,112.874,anogenital sniffing,Not defined,STATE,753.867,754.400,0.533,C:/lab/Social Memory/22_cage_p1_converted.mp4,11308,11316,,,,
22_cage_p1,2024-10-06 00:23:00.220,,Media file,player #1:C:/lab/Social Memory/22_cage_p1_converted.mp4,0.0,1733.934,2341.800,15.000,social_agent,90.136,facial sniffing,Not defined,STATE,755.000,755.333,0.333,C:/lab/Social Memory/22_cage_p1_converted.mp4,11325,11330,,,,
22_cage_p1,2024-10-06 00:23:00.220,,Media file,player #1:C:/lab/Social Memory/22_cage_p1_converted.mp4,0.0,1733.934,2341.800,15.000,subject,112.874,facial sniffing,Not defined,STATE,755.067,755.533,0.466,C:/lab/Social Memory/22_cage_p1_converted.mp4,11326,11333,,,,
22_cage_p1,2024-10-06 00:23:00.220,,Media file,player #1:C:/lab/Social Memory/22_cage_p1_converted.mp4,0.0,1733.934,2341.800,15.000,social_agent,90.136,anogenital sniffing,Not defined,STATE,774.133,774.467,0.334,C:/lab/Social Memory/22_cage_p1_converted.mp4,11612,11617,,,,
22_cage_p1,2024-10-06 00:23:00.220,,Media file,player #1:C:/lab/Social Memory/22_cage_p1_converted.mp4,0.0,1733.934,2341.800,15.000,social_agent,90.136,anogenital sniffing,Not defined,STATE,781.600,781.800,0.200,C:/lab/Social Memory/22_cage_p1_converted.mp4,11724,11727,,,,
22_cage_p1,2024-10-06 00:23:00.220,,Media file,player #1:C:/lab/Social Memory/22_cage_p1_converted.mp4,0.0,1733.934,2341.800,15.000,subject,112.874,facial sniffing,Not defined,STATE,789.333,789.867,0.534,C:/lab/Social Memory/22_cage_p1_converted.mp4,11840,11848,,,,
22_cage_p1,2024-10-06 00:23:00.220,,Media file,player #1:C:/lab/Social Memory/22_cage_p1_converted.mp4,0.0,1733.934,2341.800,15.000,social_agent,90.136,facial sniffing,Not defined,STATE,789.467,789.800,0.333,C:/lab/Social Memory/22_cage_p1_converted.mp4,11842,11847,,,,
22_cage_p1,2024-10-06 00:23:00.220,,Media file,player #1:C:/lab/Social Memory/22_cage_p1_converted.mp4,0.0,1733.934,2341.800,15.000,social_agent,90.136,facial sniffing,Not defined,STATE,790.133,790.600,0.467,C:/lab/Social Memory/22_cage_p1_converted.mp4,11852,11859,,,,
22_cage_p1,2024-10-06 00:23:00.220,,Media file,player #1:C:/lab/Social Memory/22_cage_p1_converted.mp4,0.0,1733.934,2341.800,15.000,social_agent,90.136,facial sniffing,Not defined,STATE,800.133,800.467,0.334,C:/lab/Social Memory/22_cage_p1_converted.mp4,12002,12007,,,,
22_cage_p1,2024-10-06 00:23:00.220,,Media file,player #1:C:/lab/Social Memory/22_cage_p1_converted.mp4,0.0,1733.934,2341.800,15.000,subject,112.874,facial sniffing,Not defined,STATE,813.533,813.867,0.334,C:/lab/Social Memory/22_cage_p1_converted.mp4,12203,12208,,,,
22_cage_p1,2024-10-06 00:23:00.220,,Media file,player #1:C:/lab/Social Memory/22_cage_p1_converted.mp4,0.0,1733.934,2341.800,15.000,subject,112.874,anogenital sniffing,Not defined,STATE,814.067,815.267,1.200,C:/lab/Social Memory/22_cage_p1_converted.mp4,12211,12229,,,,
22_cage_p1,2024-10-06 00:23:00.220,,Media file,player #1:C:/lab/Social Memory/22_cage_p1_converted.mp4,0.0,1733.934,2341.800,15.000,social_agent,90.136,anogenital sniffing,Not defined,STATE,821.133,821.600,0.467,C:/lab/Social Memory/22_cage_p1_converted.mp4,12317,12324,,,,
22_cage_p1,2024-10-06 00:23:00.220,,Media file,player #1:C:/lab/Social Memory/22_cage_p1_converted.mp4,0.0,1733.934,2341.800,15.000,subject,112.874,facial sniffing,Not defined,STATE,822.867,823.400,0.533,C:/lab/Social Memory/22_cage_p1_converted.mp4,12343,12351,,,,
22_cage_p1,2024-10-06 00:23:00.220,,Media file,player #1:C:/lab/Social Memory/22_cage_p1_converted.mp4,0.0,1733.934,2341.800,15.000,social_agent,90.136,facial sniffing,Not defined,STATE,822.933,823.467,0.534,C:/lab/Social Memory/22_cage_p1_converted.mp4,12344,12352,,,,
22_cage_p1,2024-10-06 00:23:00.220,,Media file,player #1:C:/lab/Social Memory/22_cage_p1_converted.mp4,0.0,1733.934,2341.800,15.000,subject,112.874,anogenital sniffing,Not defined,STATE,825.267,825.733,0.466,C:/lab/Social Memory/22_cage_p1_converted.mp4,12379,12386,,,,
22_cage_p1,2024-10-06 00:23:00.220,,Media file,player #1:C:/lab/Social Memory/22_cage_p1_converted.mp4,0.0,1733.934,2341.800,15.000,subject,112.874,anogenital sniffing,Not defined,STATE,834.000,834.333,0.333,C:/lab/Social Memory/22_cage_p1_converted.mp4,12510,12515,,,,
22_cage_p1,2024-10-06 00:23:00.220,,Media file,player #1:C:/lab/Social Memory/22_cage_p1_converted.mp4,0.0,1733.934,2341.800,15.000,subject,112.874,facial sniffing,Not defined,STATE,836.267,836.600,0.333,C:/lab/Social Memory/22_cage_p1_converted.mp4,12544,12549,,,,
22_cage_p1,2024-10-06 00:23:00.220,,Media file,player #1:C:/lab/Social Memory/22_cage_p1_converted.mp4,0.0,1733.934,2341.800,15.000,social_agent,90.136,facial sniffing,Not defined,STATE,836.400,836.733,0.333,C:/lab/Social Memory/22_cage_p1_converted.mp4,12546,12551,,,,
22_cage_p1,2024-10-06 00:23:00.220,,Media file,player #1:C:/lab/Social Memory/22_cage_p1_converted.mp4,0.0,1733.934,2341.800,15.000,subject,112.874,anogenital sniffing,Not defined,STATE,836.733,837.400,0.667,C:/lab/Social Memory/22_cage_p1_converted.mp4,12551,12561,,,,
22_cage_p1,2024-10-06 00:23:00.220,,Media file,player #1:C:/lab/Social Memory/22_cage_p1_converted.mp4,0.0,1733.934,2341.800,15.000,subject,112.874,anogenital sniffing,Not defined,STATE,838.067,841.133,3.066,C:/lab/Social Memory/22_cage_p1_converted.mp4,12571,12617,,,,
22_cage_p1,2024-10-06 00:23:00.220,,Media file,player #1:C:/lab/Social Memory/22_cage_p1_converted.mp4,0.0,1733.934,2341.800,15.000,subject,112.874,anogenital sniffing,Not defined,STATE,841.400,841.600,0.200,C:/lab/Social Memory/22_cage_p1_converted.mp4,12621,12624,,,,
22_cage_p1,2024-10-06 00:23:00.220,,Media file,player #1:C:/lab/Social Memory/22_cage_p1_converted.mp4,0.0,1733.934,2341.800,15.000,social_agent,90.136,anogenital sniffing,Not defined,STATE,843.400,843.667,0.267,C:/lab/Social Memory/22_cage_p1_converted.mp4,12651,12655,,,,
22_cage_p1,2024-10-06 00:23:00.220,,Media file,player #1:C:/lab/Social Memory/22_cage_p1_converted.mp4,0.0,1733.934,2341.800,15.000,social_agent,90.136,facial sniffing,Not defined,STATE,850.800,851.267,0.467,C:/lab/Social Memory/22_cage_p1_converted.mp4,12762,12769,,,,
22_cage_p1,2024-10-06 00:23:00.220,,Media file,player #1:C:/lab/Social Memory/22_cage_p1_converted.mp4,0.0,1733.934,2341.800,15.000,subject,112.874,facial sniffing,Not defined,STATE,850.933,851.267,0.334,C:/lab/Social Memory/22_cage_p1_converted.mp4,12764,12769,,,,
22_cage_p1,2024-10-06 00:23:00.220,,Media file,player #1:C:/lab/Social Memory/22_cage_p1_converted.mp4,0.0,1733.934,2341.800,15.000,subject,112.874,anogenital sniffing,Not defined,STATE,858.000,858.267,0.267,C:/lab/Social Memory/22_cage_p1_converted.mp4,12870,12874,,,,
22_cage_p1,2024-10-06 00:23:00.220,,Media file,player #1:C:/lab/Social Memory/22_cage_p1_converted.mp4,0.0,1733.934,2341.800,15.000,social_agent,90.136,anogenital sniffing,Not defined,STATE,861.267,861.533,0.266,C:/lab/Social Memory/22_cage_p1_converted.mp4,12919,12923,,,,
22_cage_p1,2024-10-06 00:23:00.220,,Media file,player #1:C:/lab/Social Memory/22_cage_p1_converted.mp4,0.0,1733.934,2341.800,15.000,social_agent,90.136,facial sniffing,Not defined,STATE,861.867,862.267,0.400,C:/lab/Social Memory/22_cage_p1_converted.mp4,12928,12934,,,,
22_cage_p1,2024-10-06 00:23:00.220,,Media file,player #1:C:/lab/Social Memory/22_cage_p1_converted.mp4,0.0,1733.934,2341.800,15.000,social_agent,90.136,facial sniffing,Not defined,STATE,864.800,865.400,0.600,C:/lab/Social Memory/22_cage_p1_converted.mp4,12972,12981,,,,
22_cage_p1,2024-10-06 00:23:00.220,,Media file,player #1:C:/lab/Social Memory/22_cage_p1_converted.mp4,0.0,1733.934,2341.800,15.000,subject,112.874,facial sniffing,Not defined,STATE,865.333,865.867,0.534,C:/lab/Social Memory/22_cage_p1_converted.mp4,12980,12988,,,,
22_cage_p1,2024-10-06 00:23:00.220,,Media file,player #1:C:/lab/Social Memory/22_cage_p1_converted.mp4,0.0,1733.934,2341.800,15.000,social_agent,90.136,facial sniffing,Not defined,STATE,865.800,866.267,0.467,C:/lab/Social Memory/22_cage_p1_converted.mp4,12987,12994,,,,
22_cage_p1,2024-10-06 00:23:00.220,,Media file,player #1:C:/lab/Social Memory/22_cage_p1_converted.mp4,0.0,1733.934,2341.800,15.000,subject,112.874,anogenital sniffing,Not defined,STATE,870.933,871.667,0.734,C:/lab/Social Memory/22_cage_p1_converted.mp4,13064,13075,,,,
22_cage_p1,2024-10-06 00:23:00.220,,Media file,player #1:C:/lab/Social Memory/22_cage_p1_converted.mp4,0.0,1733.934,2341.800,15.000,social_agent,90.136,facial sniffing,Not defined,STATE,872.000,874.600,2.600,C:/lab/Social Memory/22_cage_p1_converted.mp4,13080,13119,,,,
22_cage_p1,2024-10-06 00:23:00.220,,Media file,player #1:C:/lab/Social Memory/22_cage_p1_converted.mp4,0.0,1733.934,2341.800,15.000,social_agent,90.136,facial sniffing,Not defined,STATE,875.067,875.800,0.733,C:/lab/Social Memory/22_cage_p1_converted.mp4,13126,13137,,,,
22_cage_p1,2024-10-06 00:23:00.220,,Media file,player #1:C:/lab/Social Memory/22_cage_p1_converted.mp4,0.0,1733.934,2341.800,15.000,social_agent,90.136,facial sniffing,Not defined,STATE,878.267,879.000,0.733,C:/lab/Social Memory/22_cage_p1_converted.mp4,13174,13185,,,,
22_cage_p1,2024-10-06 00:23:00.220,,Media file,player #1:C:/lab/Social Memory/22_cage_p1_converted.mp4,0.0,1733.934,2341.800,15.000,subject,112.874,facial sniffing,Not defined,STATE,878.733,879.267,0.534,C:/lab/Social Memory/22_cage_p1_converted.mp4,13181,13189,,,,
22_cage_p1,2024-10-06 00:23:00.220,,Media file,player #1:C:/lab/Social Memory/22_cage_p1_converted.mp4,0.0,1733.934,2341.800,15.000,subject,112.874,facial sniffing,Not defined,STATE,880.067,880.867,0.800,C:/lab/Social Memory/22_cage_p1_converted.mp4,13201,13213,,,,
22_cage_p1,2024-10-06 00:23:00.220,,Media file,player #1:C:/lab/Social Memory/22_cage_p1_converted.mp4,0.0,1733.934,2341.800,15.000,social_agent,90.136,anogenital sniffing,Not defined,STATE,896.133,897.800,1.667,C:/lab/Social Memory/22_cage_p1_converted.mp4,13442,13467,,,,
22_cage_p1,2024-10-06 00:23:00.220,,Media file,player #1:C:/lab/Social Memory/22_cage_p1_converted.mp4,0.0,1733.934,2341.800,15.000,subject,112.874,facial sniffing,Not defined,STATE,897.733,899.067,1.334,C:/lab/Social Memory/22_cage_p1_converted.mp4,13466,13486,,,,
22_cage_p1,2024-10-06 00:23:00.220,,Media file,player #1:C:/lab/Social Memory/22_cage_p1_converted.mp4,0.0,1733.934,2341.800,15.000,subject,112.874,facial sniffing,Not defined,STATE,899.933,900.267,0.334,C:/lab/Social Memory/22_cage_p1_converted.mp4,13499,13504,,,,
22_cage_p1,2024-10-06 00:23:00.220,,Media file,player #1:C:/lab/Social Memory/22_cage_p1_converted.mp4,0.0,1733.934,2341.800,15.000,social_agent,90.136,mice taken out,Not defined,POINT,900.600,900.600,NA,C:/lab/Social Memory/22_cage_p1_converted.mp4,13509,13509,,,,
22_cage_p1,2024-10-06 00:23:00.220,,Media file,player #1:C:/lab/Social Memory/22_cage_p1_converted.mp4,0.0,1733.934,2341.800,15.000,social_agent,90.136,mice back in,Not defined,POINT,963.133,963.133,NA,C:/lab/Social Memory/22_cage_p1_converted.mp4,14447,14447,,,,
22_cage_p1,2024-10-06 00:23:00.220,,Media file,player #1:C:/lab/Social Memory/22_cage_p1_converted.mp4,0.0,1733.934,2341.800,15.000,subject,112.874,anogenital sniffing,Not defined,STATE,965.133,966.733,1.600,C:/lab/Social Memory/22_cage_p1_converted.mp4,14477,14501,,,,
22_cage_p1,2024-10-06 00:23:00.220,,Media file,player #1:C:/lab/Social Memory/22_cage_p1_converted.mp4,0.0,1733.934,2341.800,15.000,social_agent,90.136,anogenital sniffing,Not defined,STATE,966.267,966.733,0.466,C:/lab/Social Memory/22_cage_p1_converted.mp4,14494,14501,,,,
22_cage_p1,2024-10-06 00:23:00.220,,Media file,player #1:C:/lab/Social Memory/22_cage_p1_converted.mp4,0.0,1733.934,2341.800,15.000,subject,112.874,facial sniffing,Not defined,STATE,966.733,968.867,2.134,C:/lab/Social Memory/22_cage_p1_converted.mp4,14501,14533,,,,
22_cage_p1,2024-10-06 00:23:00.220,,Media file,player #1:C:/lab/Social Memory/22_cage_p1_converted.mp4,0.0,1733.934,2341.800,15.000,social_agent,90.136,facial sniffing,Not defined,STATE,967.400,967.733,0.333,C:/lab/Social Memory/22_cage_p1_converted.mp4,14511,14516,,,,
22_cage_p1,2024-10-06 00:23:00.220,,Media file,player #1:C:/lab/Social Memory/22_cage_p1_converted.mp4,0.0,1733.934,2341.800,15.000,subject,112.874,anogenital sniffing,Not defined,STATE,969.467,970.267,0.800,C:/lab/Social Memory/22_cage_p1_converted.mp4,14542,14554,,,,
22_cage_p1,2024-10-06 00:23:00.220,,Media file,player #1:C:/lab/Social Memory/22_cage_p1_converted.mp4,0.0,1733.934,2341.800,15.000,subject,112.874,facial sniffing,Not defined,STATE,971.267,972.267,1.000,C:/lab/Social Memory/22_cage_p1_converted.mp4,14569,14584,,,,
22_cage_p1,2024-10-06 00:23:00.220,,Media file,player #1:C:/lab/Social Memory/22_cage_p1_converted.mp4,0.0,1733.934,2341.800,15.000,social_agent,90.136,facial sniffing,Not defined,STATE,971.800,972.133,0.333,C:/lab/Social Memory/22_cage_p1_converted.mp4,14577,14582,,,,
22_cage_p1,2024-10-06 00:23:00.220,,Media file,player #1:C:/lab/Social Memory/22_cage_p1_converted.mp4,0.0,1733.934,2341.800,15.000,subject,112.874,anogenital sniffing,Not defined,STATE,974.800,975.467,0.667,C:/lab/Social Memory/22_cage_p1_converted.mp4,14622,14632,,,,
22_cage_p1,2024-10-06 00:23:00.220,,Media file,player #1:C:/lab/Social Memory/22_cage_p1_converted.mp4,0.0,1733.934,2341.800,15.000,subject,112.874,anogenital sniffing,Not defined,STATE,976.400,977.933,1.533,C:/lab/Social Memory/22_cage_p1_converted.mp4,14646,14669,,,,
22_cage_p1,2024-10-06 00:23:00.220,,Media file,player #1:C:/lab/Social Memory/22_cage_p1_converted.mp4,0.0,1733.934,2341.800,15.000,social_agent,90.136,anogenital sniffing,Not defined,STATE,982.000,982.333,0.333,C:/lab/Social Memory/22_cage_p1_converted.mp4,14730,14735,,,,
22_cage_p1,2024-10-06 00:23:00.220,,Media file,player #1:C:/lab/Social Memory/22_cage_p1_converted.mp4,0.0,1733.934,2341.800,15.000,subject,112.874,anogenital sniffing,Not defined,STATE,986.867,987.200,0.333,C:/lab/Social Memory/22_cage_p1_converted.mp4,14803,14808,,,,
22_cage_p1,2024-10-06 00:23:00.220,,Media file,player #1:C:/lab/Social Memory/22_cage_p1_converted.mp4,0.0,1733.934,2341.800,15.000,subject,112.874,anogenital sniffing,Not defined,STATE,988.067,988.600,0.533,C:/lab/Social Memory/22_cage_p1_converted.mp4,14821,14829,,,,
22_cage_p1,2024-10-06 00:23:00.220,,Media file,player #1:C:/lab/Social Memory/22_cage_p1_converted.mp4,0.0,1733.934,2341.800,15.000,subject,112.874,facial sniffing,Not defined,STATE,988.933,989.200,0.267,C:/lab/Social Memory/22_cage_p1_converted.mp4,14834,14838,,,,
22_cage_p1,2024-10-06 00:23:00.220,,Media file,player #1:C:/lab/Social Memory/22_cage_p1_converted.mp4,0.0,1733.934,2341.800,15.000,social_agent,90.136,facial sniffing,Not defined,STATE,1000.400,1000.667,0.267,C:/lab/Social Memory/22_cage_p1_converted.mp4,15006,15010,,,,
22_cage_p1,2024-10-06 00:23:00.220,,Media file,player #1:C:/lab/Social Memory/22_cage_p1_converted.mp4,0.0,1733.934,2341.800,15.000,social_agent,90.136,facial sniffing,Not defined,STATE,1001.533,1002.200,0.667,C:/lab/Social Memory/22_cage_p1_converted.mp4,15023,15033,,,,
22_cage_p1,2024-10-06 00:23:00.220,,Media file,player #1:C:/lab/Social Memory/22_cage_p1_converted.mp4,0.0,1733.934,2341.800,15.000,social_agent,90.136,anogenital sniffing,Not defined,STATE,1002.200,1002.867,0.667,C:/lab/Social Memory/22_cage_p1_converted.mp4,15033,15043,,,,
22_cage_p1,2024-10-06 00:23:00.220,,Media file,player #1:C:/lab/Social Memory/22_cage_p1_converted.mp4,0.0,1733.934,2341.800,15.000,social_agent,90.136,facial sniffing,Not defined,STATE,1006.667,1007.800,1.133,C:/lab/Social Memory/22_cage_p1_converted.mp4,15100,15117,,,,
22_cage_p1,2024-10-06 00:23:00.220,,Media file,player #1:C:/lab/Social Memory/22_cage_p1_converted.mp4,0.0,1733.934,2341.800,15.000,social_agent,90.136,facial sniffing,Not defined,STATE,1008.667,1009.133,0.466,C:/lab/Social Memory/22_cage_p1_converted.mp4,15130,15137,,,,
22_cage_p1,2024-10-06 00:23:00.220,,Media file,player #1:C:/lab/Social Memory/22_cage_p1_converted.mp4,0.0,1733.934,2341.800,15.000,subject,112.874,facial sniffing,Not defined,STATE,1008.800,1009.200,0.400,C:/lab/Social Memory/22_cage_p1_converted.mp4,15132,15138,,,,
22_cage_p1,2024-10-06 00:23:00.220,,Media file,player #1:C:/lab/Social Memory/22_cage_p1_converted.mp4,0.0,1733.934,2341.800,15.000,subject,112.874,facial sniffing,Not defined,STATE,1025.200,1025.600,0.400,C:/lab/Social Memory/22_cage_p1_converted.mp4,15378,15384,,,,
22_cage_p1,2024-10-06 00:23:00.220,,Media file,player #1:C:/lab/Social Memory/22_cage_p1_converted.mp4,0.0,1733.934,2341.800,15.000,social_agent,90.136,facial sniffing,Not defined,STATE,1025.467,1026.000,0.533,C:/lab/Social Memory/22_cage_p1_converted.mp4,15382,15390,,,,
22_cage_p1,2024-10-06 00:23:00.220,,Media file,player #1:C:/lab/Social Memory/22_cage_p1_converted.mp4,0.0,1733.934,2341.800,15.000,subject,112.874,facial sniffing,Not defined,STATE,1025.867,1026.267,0.400,C:/lab/Social Memory/22_cage_p1_converted.mp4,15388,15394,,,,
22_cage_p1,2024-10-06 00:23:00.220,,Media file,player #1:C:/lab/Social Memory/22_cage_p1_converted.mp4,0.0,1733.934,2341.800,15.000,subject,112.874,anogenital sniffing,Not defined,STATE,1027.000,1028.200,1.200,C:/lab/Social Memory/22_cage_p1_converted.mp4,15405,15423,,,,
22_cage_p1,2024-10-06 00:23:00.220,,Media file,player #1:C:/lab/Social Memory/22_cage_p1_converted.mp4,0.0,1733.934,2341.800,15.000,subject,112.874,anogenital sniffing,Not defined,STATE,1031.267,1032.800,1.533,C:/lab/Social Memory/22_cage_p1_converted.mp4,15469,15492,,,,
22_cage_p1,2024-10-06 00:23:00.220,,Media file,player #1:C:/lab/Social Memory/22_cage_p1_converted.mp4,0.0,1733.934,2341.800,15.000,social_agent,90.136,anogenital sniffing,Not defined,STATE,1034.467,1034.867,0.400,C:/lab/Social Memory/22_cage_p1_converted.mp4,15517,15523,,,,
22_cage_p1,2024-10-06 00:23:00.220,,Media file,player #1:C:/lab/Social Memory/22_cage_p1_converted.mp4,0.0,1733.934,2341.800,15.000,social_agent,90.136,facial sniffing,Not defined,STATE,1056.933,1057.600,0.667,C:/lab/Social Memory/22_cage_p1_converted.mp4,15854,15864,,,,
22_cage_p1,2024-10-06 00:23:00.220,,Media file,player #1:C:/lab/Social Memory/22_cage_p1_converted.mp4,0.0,1733.934,2341.800,15.000,subject,112.874,anogenital sniffing,Not defined,STATE,1058.200,1060.133,1.933,C:/lab/Social Memory/22_cage_p1_converted.mp4,15873,15902,,,,
22_cage_p1,2024-10-06 00:23:00.220,,Media file,player #1:C:/lab/Social Memory/22_cage_p1_converted.mp4,0.0,1733.934,2341.800,15.000,subject,112.874,facial sniffing,Not defined,STATE,1060.133,1060.867,0.734,C:/lab/Social Memory/22_cage_p1_converted.mp4,15902,15913,,,,
22_cage_p1,2024-10-06 00:23:00.220,,Media file,player #1:C:/lab/Social Memory/22_cage_p1_converted.mp4,0.0,1733.934,2341.800,15.000,subject,112.874,anogenital sniffing,Not defined,STATE,1065.867,1066.200,0.333,C:/lab/Social Memory/22_cage_p1_converted.mp4,15988,15993,,,,
22_cage_p1,2024-10-06 00:23:00.220,,Media file,player #1:C:/lab/Social Memory/22_cage_p1_converted.mp4,0.0,1733.934,2341.800,15.000,social_agent,90.136,facial sniffing,Not defined,STATE,1067.800,1068.800,1.000,C:/lab/Social Memory/22_cage_p1_converted.mp4,16017,16032,,,,
22_cage_p1,2024-10-06 00:23:00.220,,Media file,player #1:C:/lab/Social Memory/22_cage_p1_converted.mp4,0.0,1733.934,2341.800,15.000,subject,112.874,anogenital sniffing,Not defined,STATE,1071.000,1072.267,1.267,C:/lab/Social Memory/22_cage_p1_converted.mp4,16065,16084,,,,
22_cage_p1,2024-10-06 00:23:00.220,,Media file,player #1:C:/lab/Social Memory/22_cage_p1_converted.mp4,0.0,1733.934,2341.800,15.000,subject,112.874,facial sniffing,Not defined,STATE,1074.800,1075.267,0.467,C:/lab/Social Memory/22_cage_p1_converted.mp4,16122,16129,,,,
22_cage_p1,2024-10-06 00:23:00.220,,Media file,player #1:C:/lab/Social Memory/22_cage_p1_converted.mp4,0.0,1733.934,2341.800,15.000,social_agent,90.136,facial sniffing,Not defined,STATE,1074.867,1075.333,0.466,C:/lab/Social Memory/22_cage_p1_converted.mp4,16123,16130,,,,
22_cage_p1,2024-10-06 00:23:00.220,,Media file,player #1:C:/lab/Social Memory/22_cage_p1_converted.mp4,0.0,1733.934,2341.800,15.000,subject,112.874,facial sniffing,Not defined,STATE,1079.533,1080.000,0.467,C:/lab/Social Memory/22_cage_p1_converted.mp4,16193,16200,,,,
22_cage_p1,2024-10-06 00:23:00.220,,Media file,player #1:C:/lab/Social Memory/22_cage_p1_converted.mp4,0.0,1733.934,2341.800,15.000,social_agent,90.136,facial sniffing,Not defined,STATE,1079.533,1079.800,0.267,C:/lab/Social Memory/22_cage_p1_converted.mp4,16193,16197,,,,
22_cage_p1,2024-10-06 00:23:00.220,,Media file,player #1:C:/lab/Social Memory/22_cage_p1_converted.mp4,0.0,1733.934,2341.800,15.000,subject,112.874,anogenital sniffing,Not defined,STATE,1098.600,1099.267,0.667,C:/lab/Social Memory/22_cage_p1_converted.mp4,16479,16489,,,,
22_cage_p1,2024-10-06 00:23:00.220,,Media file,player #1:C:/lab/Social Memory/22_cage_p1_converted.mp4,0.0,1733.934,2341.800,15.000,social_agent,90.136,anogenital sniffing,Not defined,STATE,1103.400,1103.733,0.333,C:/lab/Social Memory/22_cage_p1_converted.mp4,16551,16556,,,,
22_cage_p1,2024-10-06 00:23:00.220,,Media file,player #1:C:/lab/Social Memory/22_cage_p1_converted.mp4,0.0,1733.934,2341.800,15.000,subject,112.874,anogenital sniffing,Not defined,STATE,1108.400,1109.067,0.667,C:/lab/Social Memory/22_cage_p1_converted.mp4,16626,16636,,,,
22_cage_p1,2024-10-06 00:23:00.220,,Media file,player #1:C:/lab/Social Memory/22_cage_p1_converted.mp4,0.0,1733.934,2341.800,15.000,social_agent,90.136,anogenital sniffing,Not defined,STATE,1114.600,1115.000,0.400,C:/lab/Social Memory/22_cage_p1_converted.mp4,16719,16725,,,,
22_cage_p1,2024-10-06 00:23:00.220,,Media file,player #1:C:/lab/Social Memory/22_cage_p1_converted.mp4,0.0,1733.934,2341.800,15.000,social_agent,90.136,facial sniffing,Not defined,STATE,1120.467,1120.933,0.466,C:/lab/Social Memory/22_cage_p1_converted.mp4,16807,16814,,,,
22_cage_p1,2024-10-06 00:23:00.220,,Media file,player #1:C:/lab/Social Memory/22_cage_p1_converted.mp4,0.0,1733.934,2341.800,15.000,subject,112.874,facial sniffing,Not defined,STATE,1120.533,1120.933,0.400,C:/lab/Social Memory/22_cage_p1_converted.mp4,16808,16814,,,,
22_cage_p1,2024-10-06 00:23:00.220,,Media file,player #1:C:/lab/Social Memory/22_cage_p1_converted.mp4,0.0,1733.934,2341.800,15.000,social_agent,90.136,anogenital sniffing,Not defined,STATE,1136.133,1136.467,0.334,C:/lab/Social Memory/22_cage_p1_converted.mp4,17042,17047,,,,
22_cage_p1,2024-10-06 00:23:00.220,,Media file,player #1:C:/lab/Social Memory/22_cage_p1_converted.mp4,0.0,1733.934,2341.800,15.000,subject,112.874,anogenital sniffing,Not defined,STATE,1150.867,1151.200,0.333,C:/lab/Social Memory/22_cage_p1_converted.mp4,17263,17268,,,,
22_cage_p1,2024-10-06 00:23:00.220,,Media file,player #1:C:/lab/Social Memory/22_cage_p1_converted.mp4,0.0,1733.934,2341.800,15.000,subject,112.874,anogenital sniffing,Not defined,STATE,1160.533,1162.467,1.934,C:/lab/Social Memory/22_cage_p1_converted.mp4,17408,17437,,,,
22_cage_p1,2024-10-06 00:23:00.220,,Media file,player #1:C:/lab/Social Memory/22_cage_p1_converted.mp4,0.0,1733.934,2341.800,15.000,social_agent,90.136,facial sniffing,Not defined,STATE,1170.867,1171.200,0.333,C:/lab/Social Memory/22_cage_p1_converted.mp4,17563,17568,,,,
22_cage_p1,2024-10-06 00:23:00.220,,Media file,player #1:C:/lab/Social Memory/22_cage_p1_converted.mp4,0.0,1733.934,2341.800,15.000,subject,112.874,anogenital sniffing,Not defined,STATE,1172.400,1173.000,0.600,C:/lab/Social Memory/22_cage_p1_converted.mp4,17586,17595,,,,
22_cage_p1,2024-10-06 00:23:00.220,,Media file,player #1:C:/lab/Social Memory/22_cage_p1_converted.mp4,0.0,1733.934,2341.800,15.000,social_agent,90.136,anogenital sniffing,Not defined,STATE,1181.200,1181.733,0.533,C:/lab/Social Memory/22_cage_p1_converted.mp4,17718,17726,,,,
22_cage_p1,2024-10-06 00:23:00.220,,Media file,player #1:C:/lab/Social Memory/22_cage_p1_converted.mp4,0.0,1733.934,2341.800,15.000,social_agent,90.136,facial sniffing,Not defined,STATE,1182.133,1182.800,0.667,C:/lab/Social Memory/22_cage_p1_converted.mp4,17732,17742,,,,
22_cage_p1,2024-10-06 00:23:00.220,,Media file,player #1:C:/lab/Social Memory/22_cage_p1_converted.mp4,0.0,1733.934,2341.800,15.000,subject,112.874,facial sniffing,Not defined,STATE,1182.333,1182.933,0.600,C:/lab/Social Memory/22_cage_p1_converted.mp4,17735,17744,,,,
22_cage_p1,2024-10-06 00:23:00.220,,Media file,player #1:C:/lab/Social Memory/22_cage_p1_converted.mp4,0.0,1733.934,2341.800,15.000,subject,112.874,facial sniffing,Not defined,STATE,1188.867,1189.400,0.533,C:/lab/Social Memory/22_cage_p1_converted.mp4,17833,17841,,,,
22_cage_p1,2024-10-06 00:23:00.220,,Media file,player #1:C:/lab/Social Memory/22_cage_p1_converted.mp4,0.0,1733.934,2341.800,15.000,social_agent,90.136,facial sniffing,Not defined,STATE,1188.867,1189.267,0.400,C:/lab/Social Memory/22_cage_p1_converted.mp4,17833,17839,,,,
22_cage_p1,2024-10-06 00:23:00.220,,Media file,player #1:C:/lab/Social Memory/22_cage_p1_converted.mp4,0.0,1733.934,2341.800,15.000,subject,112.874,anogenital sniffing,Not defined,STATE,1190.067,1191.067,1.000,C:/lab/Social Memory/22_cage_p1_converted.mp4,17851,17866,,,,
22_cage_p1,2024-10-06 00:23:00.220,,Media file,player #1:C:/lab/Social Memory/22_cage_p1_converted.mp4,0.0,1733.934,2341.800,15.000,subject,112.874,anogenital sniffing,Not defined,STATE,1192.333,1193.067,0.734,C:/lab/Social Memory/22_cage_p1_converted.mp4,17885,17896,,,,
22_cage_p1,2024-10-06 00:23:00.220,,Media file,player #1:C:/lab/Social Memory/22_cage_p1_converted.mp4,0.0,1733.934,2341.800,15.000,social_agent,90.136,facial sniffing,Not defined,STATE,1196.600,1196.867,0.267,C:/lab/Social Memory/22_cage_p1_converted.mp4,17949,17953,,,,
22_cage_p1,2024-10-06 00:23:00.220,,Media file,player #1:C:/lab/Social Memory/22_cage_p1_converted.mp4,0.0,1733.934,2341.800,15.000,subject,112.874,facial sniffing,Not defined,STATE,1196.667,1197.000,0.333,C:/lab/Social Memory/22_cage_p1_converted.mp4,17950,17955,,,,
22_cage_p1,2024-10-06 00:23:00.220,,Media file,player #1:C:/lab/Social Memory/22_cage_p1_converted.mp4,0.0,1733.934,2341.800,15.000,social_agent,90.136,anogenital sniffing,Not defined,STATE,1197.267,1197.800,0.533,C:/lab/Social Memory/22_cage_p1_converted.mp4,17959,17967,,,,
22_cage_p1,2024-10-06 00:23:00.220,,Media file,player #1:C:/lab/Social Memory/22_cage_p1_converted.mp4,0.0,1733.934,2341.800,15.000,subject,112.874,facial sniffing,Not defined,STATE,1198.133,1198.667,0.534,C:/lab/Social Memory/22_cage_p1_converted.mp4,17972,17980,,,,
22_cage_p1,2024-10-06 00:23:00.220,,Media file,player #1:C:/lab/Social Memory/22_cage_p1_converted.mp4,0.0,1733.934,2341.800,15.000,social_agent,90.136,facial sniffing,Not defined,STATE,1198.600,1198.933,0.333,C:/lab/Social Memory/22_cage_p1_converted.mp4,17979,17984,,,,
22_cage_p1,2024-10-06 00:23:00.220,,Media file,player #1:C:/lab/Social Memory/22_cage_p1_converted.mp4,0.0,1733.934,2341.800,15.000,social_agent,90.136,facial sniffing,Not defined,STATE,1200.867,1201.467,0.600,C:/lab/Social Memory/22_cage_p1_converted.mp4,18013,18022,,,,
22_cage_p1,2024-10-06 00:23:00.220,,Media file,player #1:C:/lab/Social Memory/22_cage_p1_converted.mp4,0.0,1733.934,2341.800,15.000,social_agent,90.136,facial sniffing,Not defined,STATE,1202.000,1204.133,2.133,C:/lab/Social Memory/22_cage_p1_converted.mp4,18030,18062,,,,
22_cage_p1,2024-10-06 00:23:00.220,,Media file,player #1:C:/lab/Social Memory/22_cage_p1_converted.mp4,0.0,1733.934,2341.800,15.000,social_agent,90.136,anogenital sniffing,Not defined,STATE,1212.067,1212.867,0.800,C:/lab/Social Memory/22_cage_p1_converted.mp4,18181,18193,,,,
22_cage_p1,2024-10-06 00:23:00.220,,Media file,player #1:C:/lab/Social Memory/22_cage_p1_converted.mp4,0.0,1733.934,2341.800,15.000,social_agent,90.136,facial sniffing,Not defined,STATE,1214.133,1215.200,1.067,C:/lab/Social Memory/22_cage_p1_converted.mp4,18212,18228,,,,
22_cage_p1,2024-10-06 00:23:00.220,,Media file,player #1:C:/lab/Social Memory/22_cage_p1_converted.mp4,0.0,1733.934,2341.800,15.000,social_agent,90.136,facial sniffing,Not defined,STATE,1232.533,1232.867,0.334,C:/lab/Social Memory/22_cage_p1_converted.mp4,18488,18493,,,,
22_cage_p1,2024-10-06 00:23:00.220,,Media file,player #1:C:/lab/Social Memory/22_cage_p1_converted.mp4,0.0,1733.934,2341.800,15.000,subject,112.874,facial sniffing,Not defined,STATE,1232.733,1233.400,0.667,C:/lab/Social Memory/22_cage_p1_converted.mp4,18491,18501,,,,
22_cage_p1,2024-10-06 00:23:00.220,,Media file,player #1:C:/lab/Social Memory/22_cage_p1_converted.mp4,0.0,1733.934,2341.800,15.000,subject,112.874,facial sniffing,Not defined,STATE,1233.867,1234.333,0.466,C:/lab/Social Memory/22_cage_p1_converted.mp4,18508,18515,,,,
22_cage_p1,2024-10-06 00:23:00.220,,Media file,player #1:C:/lab/Social Memory/22_cage_p1_converted.mp4,0.0,1733.934,2341.800,15.000,subject,112.874,anogenital sniffing,Not defined,STATE,1234.733,1235.467,0.734,C:/lab/Social Memory/22_cage_p1_converted.mp4,18521,18532,,,,
22_cage_p1,2024-10-06 00:23:00.220,,Media file,player #1:C:/lab/Social Memory/22_cage_p1_converted.mp4,0.0,1733.934,2341.800,15.000,subject,112.874,facial sniffing,Not defined,STATE,1236.467,1236.933,0.466,C:/lab/Social Memory/22_cage_p1_converted.mp4,18547,18554,,,,
22_cage_p1,2024-10-06 00:23:00.220,,Media file,player #1:C:/lab/Social Memory/22_cage_p1_converted.mp4,0.0,1733.934,2341.800,15.000,subject,112.874,facial sniffing,Not defined,STATE,1251.000,1251.667,0.667,C:/lab/Social Memory/22_cage_p1_converted.mp4,18765,18775,,,,
22_cage_p1,2024-10-06 00:23:00.220,,Media file,player #1:C:/lab/Social Memory/22_cage_p1_converted.mp4,0.0,1733.934,2341.800,15.000,social_agent,90.136,facial sniffing,Not defined,STATE,1252.733,1253.400,0.667,C:/lab/Social Memory/22_cage_p1_converted.mp4,18791,18801,,,,
22_cage_p1,2024-10-06 00:23:00.220,,Media file,player #1:C:/lab/Social Memory/22_cage_p1_converted.mp4,0.0,1733.934,2341.800,15.000,subject,112.874,facial sniffing,Not defined,STATE,1252.867,1253.600,0.733,C:/lab/Social Memory/22_cage_p1_converted.mp4,18793,18804,,,,
22_cage_p1,2024-10-06 00:23:00.220,,Media file,player #1:C:/lab/Social Memory/22_cage_p1_converted.mp4,0.0,1733.934,2341.800,15.000,subject,112.874,facial sniffing,Not defined,STATE,1254.200,1254.867,0.667,C:/lab/Social Memory/22_cage_p1_converted.mp4,18813,18823,,,,
22_cage_p1,2024-10-06 00:23:00.220,,Media file,player #1:C:/lab/Social Memory/22_cage_p1_converted.mp4,0.0,1733.934,2341.800,15.000,subject,112.874,facial sniffing,Not defined,STATE,1255.600,1255.933,0.333,C:/lab/Social Memory/22_cage_p1_converted.mp4,18834,18839,,,,
22_cage_p1,2024-10-06 00:23:00.220,,Media file,player #1:C:/lab/Social Memory/22_cage_p1_converted.mp4,0.0,1733.934,2341.800,15.000,social_agent,90.136,mice taken out,Not defined,POINT,1258.267,1258.267,NA,C:/lab/Social Memory/22_cage_p1_converted.mp4,18874,18874,,,,
22_cage_p1,2024-10-06 00:23:00.220,,Media file,player #1:C:/lab/Social Memory/22_cage_p1_converted.mp4,0.0,1733.934,2341.800,15.000,social_agent,90.136,mice back in,Not defined,POINT,1322.733,1322.733,NA,C:/lab/Social Memory/22_cage_p1_converted.mp4,19841,19841,,,,
22_cage_p1,2024-10-06 00:23:00.220,,Media file,player #1:C:/lab/Social Memory/22_cage_p1_converted.mp4,0.0,1733.934,2341.800,15.000,subject,112.874,anogenital sniffing,Not defined,STATE,1323.200,1323.667,0.467,C:/lab/Social Memory/22_cage_p1_converted.mp4,19848,19855,,,,
22_cage_p1,2024-10-06 00:23:00.220,,Media file,player #1:C:/lab/Social Memory/22_cage_p1_converted.mp4,0.0,1733.934,2341.800,15.000,subject,112.874,anogenital sniffing,Not defined,STATE,1324.000,1324.333,0.333,C:/lab/Social Memory/22_cage_p1_converted.mp4,19860,19865,,,,
22_cage_p1,2024-10-06 00:23:00.220,,Media file,player #1:C:/lab/Social Memory/22_cage_p1_converted.mp4,0.0,1733.934,2341.800,15.000,subject,112.874,anogenital sniffing,Not defined,STATE,1327.133,1327.467,0.334,C:/lab/Social Memory/22_cage_p1_converted.mp4,19907,19912,,,,
22_cage_p1,2024-10-06 00:23:00.220,,Media file,player #1:C:/lab/Social Memory/22_cage_p1_converted.mp4,0.0,1733.934,2341.800,15.000,social_agent,90.136,anogenital sniffing,Not defined,STATE,1339.400,1339.733,0.333,C:/lab/Social Memory/22_cage_p1_converted.mp4,20091,20096,,,,
22_cage_p1,2024-10-06 00:23:00.220,,Media file,player #1:C:/lab/Social Memory/22_cage_p1_converted.mp4,0.0,1733.934,2341.800,15.000,social_agent,90.136,facial sniffing,Not defined,STATE,1340.267,1340.733,0.466,C:/lab/Social Memory/22_cage_p1_converted.mp4,20104,20111,,,,
22_cage_p1,2024-10-06 00:23:00.220,,Media file,player #1:C:/lab/Social Memory/22_cage_p1_converted.mp4,0.0,1733.934,2341.800,15.000,subject,112.874,facial sniffing,Not defined,STATE,1340.467,1341.333,0.866,C:/lab/Social Memory/22_cage_p1_converted.mp4,20107,20120,,,,
22_cage_p1,2024-10-06 00:23:00.220,,Media file,player #1:C:/lab/Social Memory/22_cage_p1_converted.mp4,0.0,1733.934,2341.800,15.000,subject,112.874,anogenital sniffing,Not defined,STATE,1342.333,1343.800,1.467,C:/lab/Social Memory/22_cage_p1_converted.mp4,20135,20157,,,,
22_cage_p1,2024-10-06 00:23:00.220,,Media file,player #1:C:/lab/Social Memory/22_cage_p1_converted.mp4,0.0,1733.934,2341.800,15.000,subject,112.874,anogenital sniffing,Not defined,STATE,1344.133,1344.667,0.534,C:/lab/Social Memory/22_cage_p1_converted.mp4,20162,20170,,,,
22_cage_p1,2024-10-06 00:23:00.220,,Media file,player #1:C:/lab/Social Memory/22_cage_p1_converted.mp4,0.0,1733.934,2341.800,15.000,subject,112.874,anogenital sniffing,Not defined,STATE,1344.933,1345.400,0.467,C:/lab/Social Memory/22_cage_p1_converted.mp4,20174,20181,,,,
22_cage_p1,2024-10-06 00:23:00.220,,Media file,player #1:C:/lab/Social Memory/22_cage_p1_converted.mp4,0.0,1733.934,2341.800,15.000,subject,112.874,facial sniffing,Not defined,STATE,1355.533,1356.400,0.867,C:/lab/Social Memory/22_cage_p1_converted.mp4,20333,20346,,,,
22_cage_p1,2024-10-06 00:23:00.220,,Media file,player #1:C:/lab/Social Memory/22_cage_p1_converted.mp4,0.0,1733.934,2341.800,15.000,social_agent,90.136,facial sniffing,Not defined,STATE,1356.800,1357.333,0.533,C:/lab/Social Memory/22_cage_p1_converted.mp4,20352,20360,,,,
22_cage_p1,2024-10-06 00:23:00.220,,Media file,player #1:C:/lab/Social Memory/22_cage_p1_converted.mp4,0.0,1733.934,2341.800,15.000,subject,112.874,facial sniffing,Not defined,STATE,1357.867,1358.267,0.400,C:/lab/Social Memory/22_cage_p1_converted.mp4,20368,20374,,,,
22_cage_p1,2024-10-06 00:23:00.220,,Media file,player #1:C:/lab/Social Memory/22_cage_p1_converted.mp4,0.0,1733.934,2341.800,15.000,social_agent,90.136,anogenital sniffing,Not defined,STATE,1369.467,1369.800,0.333,C:/lab/Social Memory/22_cage_p1_converted.mp4,20542,20547,,,,
22_cage_p1,2024-10-06 00:23:00.220,,Media file,player #1:C:/lab/Social Memory/22_cage_p1_converted.mp4,0.0,1733.934,2341.800,15.000,subject,112.874,anogenital sniffing,Not defined,STATE,1374.067,1374.333,0.266,C:/lab/Social Memory/22_cage_p1_converted.mp4,20611,20615,,,,
22_cage_p1,2024-10-06 00:23:00.220,,Media file,player #1:C:/lab/Social Memory/22_cage_p1_converted.mp4,0.0,1733.934,2341.800,15.000,social_agent,90.136,facial sniffing,Not defined,STATE,1381.133,1381.467,0.334,C:/lab/Social Memory/22_cage_p1_converted.mp4,20717,20722,,,,
22_cage_p1,2024-10-06 00:23:00.220,,Media file,player #1:C:/lab/Social Memory/22_cage_p1_converted.mp4,0.0,1733.934,2341.800,15.000,subject,112.874,anogenital sniffing,Not defined,STATE,1415.200,1416.600,1.400,C:/lab/Social Memory/22_cage_p1_converted.mp4,21228,21249,,,,
22_cage_p1,2024-10-06 00:23:00.220,,Media file,player #1:C:/lab/Social Memory/22_cage_p1_converted.mp4,0.0,1733.934,2341.800,15.000,subject,112.874,facial sniffing,Not defined,STATE,1417.200,1418.000,0.800,C:/lab/Social Memory/22_cage_p1_converted.mp4,21258,21270,,,,
22_cage_p1,2024-10-06 00:23:00.220,,Media file,player #1:C:/lab/Social Memory/22_cage_p1_converted.mp4,0.0,1733.934,2341.800,15.000,social_agent,90.136,facial sniffing,Not defined,STATE,1427.867,1428.067,0.200,C:/lab/Social Memory/22_cage_p1_converted.mp4,21418,21421,,,,
22_cage_p1,2024-10-06 00:23:00.220,,Media file,player #1:C:/lab/Social Memory/22_cage_p1_converted.mp4,0.0,1733.934,2341.800,15.000,social_agent,90.136,anogenital sniffing,Not defined,STATE,1446.800,1447.133,0.333,C:/lab/Social Memory/22_cage_p1_converted.mp4,21702,21707,,,,
22_cage_p1,2024-10-06 00:23:00.220,,Media file,player #1:C:/lab/Social Memory/22_cage_p1_converted.mp4,0.0,1733.934,2341.800,15.000,social_agent,90.136,facial sniffing,Not defined,STATE,1447.867,1448.933,1.066,C:/lab/Social Memory/22_cage_p1_converted.mp4,21718,21734,,,,
22_cage_p1,2024-10-06 00:23:00.220,,Media file,player #1:C:/lab/Social Memory/22_cage_p1_converted.mp4,0.0,1733.934,2341.800,15.000,subject,112.874,facial sniffing,Not defined,STATE,1448.200,1449.200,1.000,C:/lab/Social Memory/22_cage_p1_converted.mp4,21723,21738,,,,
22_cage_p1,2024-10-06 00:23:00.220,,Media file,player #1:C:/lab/Social Memory/22_cage_p1_converted.mp4,0.0,1733.934,2341.800,15.000,social_agent,90.136,facial sniffing,Not defined,STATE,1453.467,1454.467,1.000,C:/lab/Social Memory/22_cage_p1_converted.mp4,21802,21817,,,,
22_cage_p1,2024-10-06 00:23:00.220,,Media file,player #1:C:/lab/Social Memory/22_cage_p1_converted.mp4,0.0,1733.934,2341.800,15.000,subject,112.874,facial sniffing,Not defined,STATE,1453.533,1454.000,0.467,C:/lab/Social Memory/22_cage_p1_converted.mp4,21803,21810,,,,
22_cage_p1,2024-10-06 00:23:00.220,,Media file,player #1:C:/lab/Social Memory/22_cage_p1_converted.mp4,0.0,1733.934,2341.800,15.000,social_agent,90.136,facial sniffing,Not defined,STATE,1459.867,1460.333,0.466,C:/lab/Social Memory/22_cage_p1_converted.mp4,21898,21905,,,,
22_cage_p1,2024-10-06 00:23:00.220,,Media file,player #1:C:/lab/Social Memory/22_cage_p1_converted.mp4,0.0,1733.934,2341.800,15.000,social_agent,90.136,facial sniffing,Not defined,STATE,1461.333,1462.467,1.134,C:/lab/Social Memory/22_cage_p1_converted.mp4,21920,21937,,,,
22_cage_p1,2024-10-06 00:23:00.220,,Media file,player #1:C:/lab/Social Memory/22_cage_p1_converted.mp4,0.0,1733.934,2341.800,15.000,social_agent,90.136,anogenital sniffing,Not defined,STATE,1473.733,1474.267,0.534,C:/lab/Social Memory/22_cage_p1_converted.mp4,22106,22114,,,,
22_cage_p1,2024-10-06 00:23:00.220,,Media file,player #1:C:/lab/Social Memory/22_cage_p1_converted.mp4,0.0,1733.934,2341.800,15.000,social_agent,90.136,facial sniffing,Not defined,STATE,1479.867,1480.200,0.333,C:/lab/Social Memory/22_cage_p1_converted.mp4,22198,22203,,,,
22_cage_p1,2024-10-06 00:23:00.220,,Media file,player #1:C:/lab/Social Memory/22_cage_p1_converted.mp4,0.0,1733.934,2341.800,15.000,subject,112.874,anogenital sniffing,Not defined,STATE,1488.000,1488.400,0.400,C:/lab/Social Memory/22_cage_p1_converted.mp4,22320,22326,,,,
22_cage_p1,2024-10-06 00:23:00.220,,Media file,player #1:C:/lab/Social Memory/22_cage_p1_converted.mp4,0.0,1733.934,2341.800,15.000,social_agent,90.136,anogenital sniffing,Not defined,STATE,1491.933,1492.333,0.400,C:/lab/Social Memory/22_cage_p1_converted.mp4,22379,22385,,,,
22_cage_p1,2024-10-06 00:23:00.220,,Media file,player #1:C:/lab/Social Memory/22_cage_p1_converted.mp4,0.0,1733.934,2341.800,15.000,subject,112.874,anogenital sniffing,Not defined,STATE,1496.000,1496.400,0.400,C:/lab/Social Memory/22_cage_p1_converted.mp4,22440,22446,,,,
22_cage_p1,2024-10-06 00:23:00.220,,Media file,player #1:C:/lab/Social Memory/22_cage_p1_converted.mp4,0.0,1733.934,2341.800,15.000,social_agent,90.136,facial sniffing,Not defined,STATE,1501.467,1501.867,0.400,C:/lab/Social Memory/22_cage_p1_converted.mp4,22522,22528,,,,
22_cage_p1,2024-10-06 00:23:00.220,,Media file,player #1:C:/lab/Social Memory/22_cage_p1_converted.mp4,0.0,1733.934,2341.800,15.000,subject,112.874,facial sniffing,Not defined,STATE,1501.600,1502.333,0.733,C:/lab/Social Memory/22_cage_p1_converted.mp4,22524,22535,,,,
22_cage_p1,2024-10-06 00:23:00.220,,Media file,player #1:C:/lab/Social Memory/22_cage_p1_converted.mp4,0.0,1733.934,2341.800,15.000,social_agent,90.136,facial sniffing,Not defined,STATE,1502.200,1502.400,0.200,C:/lab/Social Memory/22_cage_p1_converted.mp4,22533,22536,,,,
22_cage_p1,2024-10-06 00:23:00.220,,Media file,player #1:C:/lab/Social Memory/22_cage_p1_converted.mp4,0.0,1733.934,2341.800,15.000,subject,112.874,facial sniffing,Not defined,STATE,1545.933,1546.333,0.400,C:/lab/Social Memory/22_cage_p1_converted.mp4,23189,23195,,,,
22_cage_p1,2024-10-06 00:23:00.220,,Media file,player #1:C:/lab/Social Memory/22_cage_p1_converted.mp4,0.0,1733.934,2341.800,15.000,subject,112.874,facial sniffing,Not defined,STATE,1568.600,1568.933,0.333,C:/lab/Social Memory/22_cage_p1_converted.mp4,23529,23534,,,,
22_cage_p1,2024-10-06 00:23:00.220,,Media file,player #1:C:/lab/Social Memory/22_cage_p1_converted.mp4,0.0,1733.934,2341.800,15.000,social_agent,90.136,facial sniffing,Not defined,STATE,1580.533,1580.867,0.334,C:/lab/Social Memory/22_cage_p1_converted.mp4,23708,23713,,,,
22_cage_p1,2024-10-06 00:23:00.220,,Media file,player #1:C:/lab/Social Memory/22_cage_p1_converted.mp4,0.0,1733.934,2341.800,15.000,social_agent,90.136,facial sniffing,Not defined,STATE,1582.400,1582.867,0.467,C:/lab/Social Memory/22_cage_p1_converted.mp4,23736,23743,,,,
22_cage_p1,2024-10-06 00:23:00.220,,Media file,player #1:C:/lab/Social Memory/22_cage_p1_converted.mp4,0.0,1733.934,2341.800,15.000,subject,112.874,facial sniffing,Not defined,STATE,1585.000,1586.333,1.333,C:/lab/Social Memory/22_cage_p1_converted.mp4,23775,23795,,,,
22_cage_p1,2024-10-06 00:23:00.220,,Media file,player #1:C:/lab/Social Memory/22_cage_p1_converted.mp4,0.0,1733.934,2341.800,15.000,subject,112.874,anogenital sniffing,Not defined,STATE,1589.267,1589.800,0.533,C:/lab/Social Memory/22_cage_p1_converted.mp4,23839,23847,,,,
22_cage_p1,2024-10-06 00:23:00.220,,Media file,player #1:C:/lab/Social Memory/22_cage_p1_converted.mp4,0.0,1733.934,2341.800,15.000,subject,112.874,anogenital sniffing,Not defined,STATE,1594.333,1595.333,1.000,C:/lab/Social Memory/22_cage_p1_converted.mp4,23915,23930,,,,
22_cage_p1,2024-10-06 00:23:00.220,,Media file,player #1:C:/lab/Social Memory/22_cage_p1_converted.mp4,0.0,1733.934,2341.800,15.000,social_agent,90.136,facial sniffing,Not defined,STATE,1605.733,1606.067,0.334,C:/lab/Social Memory/22_cage_p1_converted.mp4,24086,24091,,,,
22_cage_p1,2024-10-06 00:23:00.220,,Media file,player #1:C:/lab/Social Memory/22_cage_p1_converted.mp4,0.0,1733.934,2341.800,15.000,subject,112.874,facial sniffing,Not defined,STATE,1611.200,1611.733,0.533,C:/lab/Social Memory/22_cage_p1_converted.mp4,24168,24176,,,,
22_cage_p1,2024-10-06 00:23:00.220,,Media file,player #1:C:/lab/Social Memory/22_cage_p1_converted.mp4,0.0,1733.934,2341.800,15.000,social_agent,90.136,facial sniffing,Not defined,STATE,1611.533,1611.933,0.400,C:/lab/Social Memory/22_cage_p1_converted.mp4,24173,24179,,,,
22_cage_p1,2024-10-06 00:23:00.220,,Media file,player #1:C:/lab/Social Memory/22_cage_p1_converted.mp4,0.0,1733.934,2341.800,15.000,social_agent,90.136,mice taken out,Not defined,POINT,1620.000,1620.000,NA,C:/lab/Social Memory/22_cage_p1_converted.mp4,24300,24300,,,,
22_cage_p1,2024-10-06 00:23:00.220,,Media file,player #1:C:/lab/Social Memory/22_cage_p1_converted.mp4,0.0,1733.934,2341.800,15.000,social_agent,90.136,mice back in,Not defined,POINT,1682.933,1682.933,NA,C:/lab/Social Memory/22_cage_p1_converted.mp4,25244,25244,,,,
22_cage_p1,2024-10-06 00:23:00.220,,Media file,player #1:C:/lab/Social Memory/22_cage_p1_converted.mp4,0.0,1733.934,2341.800,15.000,subject,112.874,anogenital sniffing,Not defined,STATE,1686.333,1687.067,0.734,C:/lab/Social Memory/22_cage_p1_converted.mp4,25295,25306,,,,
22_cage_p1,2024-10-06 00:23:00.220,,Media file,player #1:C:/lab/Social Memory/22_cage_p1_converted.mp4,0.0,1733.934,2341.800,15.000,social_agent,90.136,anogenital sniffing,Not defined,STATE,1688.000,1689.133,1.133,C:/lab/Social Memory/22_cage_p1_converted.mp4,25320,25337,,,,
22_cage_p1,2024-10-06 00:23:00.220,,Media file,player #1:C:/lab/Social Memory/22_cage_p1_converted.mp4,0.0,1733.934,2341.800,15.000,subject,112.874,facial sniffing,Not defined,STATE,1694.733,1695.133,0.400,C:/lab/Social Memory/22_cage_p1_converted.mp4,25421,25427,,,,
22_cage_p1,2024-10-06 00:23:00.220,,Media file,player #1:C:/lab/Social Memory/22_cage_p1_converted.mp4,0.0,1733.934,2341.800,15.000,social_agent,90.136,anogenital sniffing,Not defined,STATE,1694.867,1695.333,0.466,C:/lab/Social Memory/22_cage_p1_converted.mp4,25423,25430,,,,
22_cage_p1,2024-10-06 00:23:00.220,,Media file,player #1:C:/lab/Social Memory/22_cage_p1_converted.mp4,0.0,1733.934,2341.800,15.000,social_agent,90.136,facial sniffing,Not defined,STATE,1709.000,1709.867,0.867,C:/lab/Social Memory/22_cage_p1_converted.mp4,25635,25648,,,,
22_cage_p1,2024-10-06 00:23:00.220,,Media file,player #1:C:/lab/Social Memory/22_cage_p1_converted.mp4,0.0,1733.934,2341.800,15.000,subject,112.874,facial sniffing,Not defined,STATE,1711.667,1712.000,0.333,C:/lab/Social Memory/22_cage_p1_converted.mp4,25675,25680,,,,
22_cage_p1,2024-10-06 00:23:00.220,,Media file,player #1:C:/lab/Social Memory/22_cage_p1_converted.mp4,0.0,1733.934,2341.800,15.000,social_agent,90.136,facial sniffing,Not defined,STATE,1711.933,1712.600,0.667,C:/lab/Social Memory/22_cage_p1_converted.mp4,25679,25689,,,,
22_cage_p1,2024-10-06 00:23:00.220,,Media file,player #1:C:/lab/Social Memory/22_cage_p1_converted.mp4,0.0,1733.934,2341.800,15.000,subject,112.874,facial sniffing,Not defined,STATE,1712.400,1712.667,0.267,C:/lab/Social Memory/22_cage_p1_converted.mp4,25686,25690,,,,
22_cage_p1,2024-10-06 00:23:00.220,,Media file,player #1:C:/lab/Social Memory/22_cage_p1_converted.mp4,0.0,1733.934,2341.800,15.000,subject,112.874,anogenital sniffing,Not defined,STATE,1725.933,1726.467,0.534,C:/lab/Social Memory/22_cage_p1_converted.mp4,25889,25897,,,,
22_cage_p1,2024-10-06 00:23:00.220,,Media file,player #1:C:/lab/Social Memory/22_cage_p1_converted.mp4,0.0,1733.934,2341.800,15.000,social_agent,90.136,anogenital sniffing,Not defined,STATE,1741.267,1741.600,0.333,C:/lab/Social Memory/22_cage_p1_converted.mp4,26119,26124,,,,
22_cage_p1,2024-10-06 00:23:00.220,,Media file,player #1:C:/lab/Social Memory/22_cage_p1_converted.mp4,0.0,1733.934,2341.800,15.000,subject,112.874,facial sniffing,Not defined,STATE,1760.800,1761.067,0.267,C:/lab/Social Memory/22_cage_p1_converted.mp4,26412,26416,,,,
22_cage_p1,2024-10-06 00:23:00.220,,Media file,player #1:C:/lab/Social Memory/22_cage_p1_converted.mp4,0.0,1733.934,2341.800,15.000,subject,112.874,anogenital sniffing,Not defined,STATE,1764.467,1765.067,0.600,C:/lab/Social Memory/22_cage_p1_converted.mp4,26467,26476,,,,
22_cage_p1,2024-10-06 00:23:00.220,,Media file,player #1:C:/lab/Social Memory/22_cage_p1_converted.mp4,0.0,1733.934,2341.800,15.000,social_agent,90.136,anogenital sniffing,Not defined,STATE,1771.133,1772.000,0.867,C:/lab/Social Memory/22_cage_p1_converted.mp4,26567,26580,,,,
22_cage_p1,2024-10-06 00:23:00.220,,Media file,player #1:C:/lab/Social Memory/22_cage_p1_converted.mp4,0.0,1733.934,2341.800,15.000,subject,112.874,facial sniffing,Not defined,STATE,1776.267,1777.067,0.800,C:/lab/Social Memory/22_cage_p1_converted.mp4,26644,26656,,,,
22_cage_p1,2024-10-06 00:23:00.220,,Media file,player #1:C:/lab/Social Memory/22_cage_p1_converted.mp4,0.0,1733.934,2341.800,15.000,social_agent,90.136,facial sniffing,Not defined,STATE,1776.467,1776.800,0.333,C:/lab/Social Memory/22_cage_p1_converted.mp4,26647,26652,,,,
22_cage_p1,2024-10-06 00:23:00.220,,Media file,player #1:C:/lab/Social Memory/22_cage_p1_converted.mp4,0.0,1733.934,2341.800,15.000,subject,112.874,anogenital sniffing,Not defined,STATE,1780.000,1780.533,0.533,C:/lab/Social Memory/22_cage_p1_converted.mp4,26700,26708,,,,
22_cage_p1,2024-10-06 00:23:00.220,,Media file,player #1:C:/lab/Social Memory/22_cage_p1_converted.mp4,0.0,1733.934,2341.800,15.000,subject,112.874,anogenital sniffing,Not defined,STATE,1781.067,1781.533,0.466,C:/lab/Social Memory/22_cage_p1_converted.mp4,26716,26723,,,,
22_cage_p1,2024-10-06 00:23:00.220,,Media file,player #1:C:/lab/Social Memory/22_cage_p1_converted.mp4,0.0,1733.934,2341.800,15.000,subject,112.874,anogenital sniffing,Not defined,STATE,1797.800,1798.267,0.467,C:/lab/Social Memory/22_cage_p1_converted.mp4,26967,26974,,,,
22_cage_p1,2024-10-06 00:23:00.220,,Media file,player #1:C:/lab/Social Memory/22_cage_p1_converted.mp4,0.0,1733.934,2341.800,15.000,subject,112.874,anogenital sniffing,Not defined,STATE,1819.000,1819.400,0.400,C:/lab/Social Memory/22_cage_p1_converted.mp4,27285,27291,,,,
22_cage_p1,2024-10-06 00:23:00.220,,Media file,player #1:C:/lab/Social Memory/22_cage_p1_converted.mp4,0.0,1733.934,2341.800,15.000,subject,112.874,facial sniffing,Not defined,STATE,1827.267,1827.800,0.533,C:/lab/Social Memory/22_cage_p1_converted.mp4,27409,27417,,,,
22_cage_p1,2024-10-06 00:23:00.220,,Media file,player #1:C:/lab/Social Memory/22_cage_p1_converted.mp4,0.0,1733.934,2341.800,15.000,social_agent,90.136,facial sniffing,Not defined,STATE,1827.467,1827.800,0.333,C:/lab/Social Memory/22_cage_p1_converted.mp4,27412,27417,,,,
22_cage_p1,2024-10-06 00:23:00.220,,Media file,player #1:C:/lab/Social Memory/22_cage_p1_converted.mp4,0.0,1733.934,2341.800,15.000,subject,112.874,facial sniffing,Not defined,STATE,1828.267,1828.667,0.400,C:/lab/Social Memory/22_cage_p1_converted.mp4,27424,27430,,,,
22_cage_p1,2024-10-06 00:23:00.220,,Media file,player #1:C:/lab/Social Memory/22_cage_p1_converted.mp4,0.0,1733.934,2341.800,15.000,social_agent,90.136,facial sniffing,Not defined,STATE,1839.733,1840.200,0.467,C:/lab/Social Memory/22_cage_p1_converted.mp4,27596,27603,,,,
22_cage_p1,2024-10-06 00:23:00.220,,Media file,player #1:C:/lab/Social Memory/22_cage_p1_converted.mp4,0.0,1733.934,2341.800,15.000,subject,112.874,facial sniffing,Not defined,STATE,1839.867,1840.067,0.200,C:/lab/Social Memory/22_cage_p1_converted.mp4,27598,27601,,,,
22_cage_p1,2024-10-06 00:23:00.220,,Media file,player #1:C:/lab/Social Memory/22_cage_p1_converted.mp4,0.0,1733.934,2341.800,15.000,social_agent,90.136,anogenital sniffing,Not defined,STATE,1844.400,1844.800,0.400,C:/lab/Social Memory/22_cage_p1_converted.mp4,27666,27672,,,,
22_cage_p1,2024-10-06 00:23:00.220,,Media file,player #1:C:/lab/Social Memory/22_cage_p1_converted.mp4,0.0,1733.934,2341.800,15.000,social_agent,90.136,facial sniffing,Not defined,STATE,1847.733,1848.333,0.600,C:/lab/Social Memory/22_cage_p1_converted.mp4,27716,27725,,,,
22_cage_p1,2024-10-06 00:23:00.220,,Media file,player #1:C:/lab/Social Memory/22_cage_p1_converted.mp4,0.0,1733.934,2341.800,15.000,subject,112.874,facial sniffing,Not defined,STATE,1847.800,1848.333,0.533,C:/lab/Social Memory/22_cage_p1_converted.mp4,27717,27725,,,,
22_cage_p1,2024-10-06 00:23:00.220,,Media file,player #1:C:/lab/Social Memory/22_cage_p1_converted.mp4,0.0,1733.934,2341.800,15.000,social_agent,90.136,facial sniffing,Not defined,STATE,1858.667,1859.000,0.333,C:/lab/Social Memory/22_cage_p1_converted.mp4,27880,27885,,,,
22_cage_p1,2024-10-06 00:23:00.220,,Media file,player #1:C:/lab/Social Memory/22_cage_p1_converted.mp4,0.0,1733.934,2341.800,15.000,subject,112.874,facial sniffing,Not defined,STATE,1858.733,1859.200,0.467,C:/lab/Social Memory/22_cage_p1_converted.mp4,27881,27888,,,,
22_cage_p1,2024-10-06 00:23:00.220,,Media file,player #1:C:/lab/Social Memory/22_cage_p1_converted.mp4,0.0,1733.934,2341.800,15.000,social_agent,90.136,facial sniffing,Not defined,STATE,1863.067,1863.400,0.333,C:/lab/Social Memory/22_cage_p1_converted.mp4,27946,27951,,,,
22_cage_p1,2024-10-06 00:23:00.220,,Media file,player #1:C:/lab/Social Memory/22_cage_p1_converted.mp4,0.0,1733.934,2341.800,15.000,social_agent,90.136,facial sniffing,Not defined,STATE,1876.333,1876.733,0.400,C:/lab/Social Memory/22_cage_p1_converted.mp4,28145,28151,,,,
22_cage_p1,2024-10-06 00:23:00.220,,Media file,player #1:C:/lab/Social Memory/22_cage_p1_converted.mp4,0.0,1733.934,2341.800,15.000,social_agent,90.136,facial sniffing,Not defined,STATE,1878.000,1878.533,0.533,C:/lab/Social Memory/22_cage_p1_converted.mp4,28170,28178,,,,
22_cage_p1,2024-10-06 00:23:00.220,,Media file,player #1:C:/lab/Social Memory/22_cage_p1_converted.mp4,0.0,1733.934,2341.800,15.000,subject,112.874,facial sniffing,Not defined,STATE,1878.133,1878.667,0.534,C:/lab/Social Memory/22_cage_p1_converted.mp4,28172,28180,,,,
22_cage_p1,2024-10-06 00:23:00.220,,Media file,player #1:C:/lab/Social Memory/22_cage_p1_converted.mp4,0.0,1733.934,2341.800,15.000,subject,112.874,facial sniffing,Not defined,STATE,1905.733,1906.067,0.334,C:/lab/Social Memory/22_cage_p1_converted.mp4,28586,28591,,,,
22_cage_p1,2024-10-06 00:23:00.220,,Media file,player #1:C:/lab/Social Memory/22_cage_p1_converted.mp4,0.0,1733.934,2341.800,15.000,social_agent,90.136,facial sniffing,Not defined,STATE,1905.733,1906.400,0.667,C:/lab/Social Memory/22_cage_p1_converted.mp4,28586,28596,,,,
22_cage_p1,2024-10-06 00:23:00.220,,Media file,player #1:C:/lab/Social Memory/22_cage_p1_converted.mp4,0.0,1733.934,2341.800,15.000,social_agent,90.136,facial sniffing,Not defined,STATE,1918.000,1919.467,1.467,C:/lab/Social Memory/22_cage_p1_converted.mp4,28770,28792,,,,
22_cage_p1,2024-10-06 00:23:00.220,,Media file,player #1:C:/lab/Social Memory/22_cage_p1_converted.mp4,0.0,1733.934,2341.800,15.000,social_agent,90.136,facial sniffing,Not defined,STATE,1942.267,1942.733,0.466,C:/lab/Social Memory/22_cage_p1_converted.mp4,29134,29141,,,,
22_cage_p1,2024-10-06 00:23:00.220,,Media file,player #1:C:/lab/Social Memory/22_cage_p1_converted.mp4,0.0,1733.934,2341.800,15.000,social_agent,90.136,anogenital sniffing,Not defined,STATE,1946.400,1947.467,1.067,C:/lab/Social Memory/22_cage_p1_converted.mp4,29196,29212,,,,
22_cage_p1,2024-10-06 00:23:00.220,,Media file,player #1:C:/lab/Social Memory/22_cage_p1_converted.mp4,0.0,1733.934,2341.800,15.000,social_agent,90.136,facial sniffing,Not defined,STATE,1947.467,1949.133,1.666,C:/lab/Social Memory/22_cage_p1_converted.mp4,29212,29237,,,,
22_cage_p1,2024-10-06 00:23:00.220,,Media file,player #1:C:/lab/Social Memory/22_cage_p1_converted.mp4,0.0,1733.934,2341.800,15.000,social_agent,90.136,facial sniffing,Not defined,STATE,1949.400,1950.267,0.867,C:/lab/Social Memory/22_cage_p1_converted.mp4,29241,29254,,,,
22_cage_p1,2024-10-06 00:23:00.220,,Media file,player #1:C:/lab/Social Memory/22_cage_p1_converted.mp4,0.0,1733.934,2341.800,15.000,social_agent,90.136,anogenital sniffing,Not defined,STATE,1965.600,1966.000,0.400,C:/lab/Social Memory/22_cage_p1_converted.mp4,29484,29490,,,,
22_cage_p1,2024-10-06 00:23:00.220,,Media file,player #1:C:/lab/Social Memory/22_cage_p1_converted.mp4,0.0,1733.934,2341.800,15.000,subject,112.874,facial sniffing,Not defined,STATE,1967.533,1967.867,0.334,C:/lab/Social Memory/22_cage_p1_converted.mp4,29513,29518,,,,
22_cage_p1,2024-10-06 00:23:00.220,,Media file,player #1:C:/lab/Social Memory/22_cage_p1_converted.mp4,0.0,1733.934,2341.800,15.000,social_agent,90.136,facial sniffing,Not defined,STATE,1967.600,1968.067,0.467,C:/lab/Social Memory/22_cage_p1_converted.mp4,29514,29521,,,,
22_cage_p1,2024-10-06 00:23:00.220,,Media file,player #1:C:/lab/Social Memory/22_cage_p1_converted.mp4,0.0,1733.934,2341.800,15.000,social_agent,90.136,facial sniffing,Not defined,STATE,1968.933,1970.133,1.200,C:/lab/Social Memory/22_cage_p1_converted.mp4,29534,29552,,,,
22_cage_p1,2024-10-06 00:23:00.220,,Media file,player #1:C:/lab/Social Memory/22_cage_p1_converted.mp4,0.0,1733.934,2341.800,15.000,social_agent,90.136,facial sniffing,Not defined,STATE,1970.800,1971.667,0.867,C:/lab/Social Memory/22_cage_p1_converted.mp4,29562,29575,,,,
22_cage_p1,2024-10-06 00:23:00.220,,Media file,player #1:C:/lab/Social Memory/22_cage_p1_converted.mp4,0.0,1733.934,2341.800,15.000,subject,112.874,facial sniffing,Not defined,STATE,1971.133,1971.467,0.334,C:/lab/Social Memory/22_cage_p1_converted.mp4,29567,29572,,,,
22_cage_p1,2024-10-06 00:23:00.220,,Media file,player #1:C:/lab/Social Memory/22_cage_p1_converted.mp4,0.0,1733.934,2341.800,15.000,social_agent,90.136,anogenital sniffing,Not defined,STATE,1977.067,1977.667,0.600,C:/lab/Social Memory/22_cage_p1_converted.mp4,29656,29665,,,,
22_cage_p1,2024-10-06 00:23:00.220,,Media file,player #1:C:/lab/Social Memory/22_cage_p1_converted.mp4,0.0,1733.934,2341.800,15.000,social_agent,90.136,facial sniffing,Not defined,STATE,1985.867,1986.200,0.333,C:/lab/Social Memory/22_cage_p1_converted.mp4,29788,29793,,,,
22_cage_p1,2024-10-06 00:23:00.220,,Media file,player #1:C:/lab/Social Memory/22_cage_p1_converted.mp4,0.0,1733.934,2341.800,15.000,social_agent,90.136,anogenital sniffing,Not defined,STATE,1990.533,1990.933,0.400,C:/lab/Social Memory/22_cage_p1_converted.mp4,29858,29864,,,,
22_cage_p1,2024-10-06 00:23:00.220,,Media file,player #1:C:/lab/Social Memory/22_cage_p1_converted.mp4,0.0,1733.934,2341.800,15.000,social_agent,90.136,mice taken out,Not defined,POINT,1996.933,1996.933,NA,C:/lab/Social Memory/22_cage_p1_converted.mp4,29954,29954,,,,
22_cage_p1,2024-10-06 00:23:00.220,,Media file,player #1:C:/lab/Social Memory/22_cage_p1_converted.mp4,0.0,1733.934,2341.800,15.000,social_agent,90.136,mice back in,Not defined,POINT,2044.733,2044.733,NA,C:/lab/Social Memory/22_cage_p1_converted.mp4,30671,30671,,,,
22_cage_p1,2024-10-06 00:23:00.220,,Media file,player #1:C:/lab/Social Memory/22_cage_p1_converted.mp4,0.0,1733.934,2341.800,15.000,subject,112.874,anogenital sniffing,Not defined,STATE,2046.133,2050.733,4.600,C:/lab/Social Memory/22_cage_p1_converted.mp4,30692,30761,,,,
22_cage_p1,2024-10-06 00:23:00.220,,Media file,player #1:C:/lab/Social Memory/22_cage_p1_converted.mp4,0.0,1733.934,2341.800,15.000,subject,112.874,anogenital sniffing,Not defined,STATE,2050.933,2051.733,0.800,C:/lab/Social Memory/22_cage_p1_converted.mp4,30764,30776,,,,
22_cage_p1,2024-10-06 00:23:00.220,,Media file,player #1:C:/lab/Social Memory/22_cage_p1_converted.mp4,0.0,1733.934,2341.800,15.000,subject,112.874,anogenital sniffing,Not defined,STATE,2055.467,2055.467,0.000,C:/lab/Social Memory/22_cage_p1_converted.mp4,30832,30832,,,,
22_cage_p1,2024-10-06 00:23:00.220,,Media file,player #1:C:/lab/Social Memory/22_cage_p1_converted.mp4,0.0,1733.934,2341.800,15.000,subject,112.874,anogenital sniffing,Not defined,STATE,2056.600,2056.733,0.133,C:/lab/Social Memory/22_cage_p1_converted.mp4,30849,30851,,,,
22_cage_p1,2024-10-06 00:23:00.220,,Media file,player #1:C:/lab/Social Memory/22_cage_p1_converted.mp4,0.0,1733.934,2341.800,15.000,social_agent,90.136,facial sniffing,Not defined,STATE,2065.333,2065.667,0.334,C:/lab/Social Memory/22_cage_p1_converted.mp4,30980,30985,,,,
22_cage_p1,2024-10-06 00:23:00.220,,Media file,player #1:C:/lab/Social Memory/22_cage_p1_converted.mp4,0.0,1733.934,2341.800,15.000,subject,112.874,anogenital sniffing,Not defined,STATE,2066.867,2068.200,1.333,C:/lab/Social Memory/22_cage_p1_converted.mp4,31003,31023,,,,
22_cage_p1,2024-10-06 00:23:00.220,,Media file,player #1:C:/lab/Social Memory/22_cage_p1_converted.mp4,0.0,1733.934,2341.800,15.000,subject,112.874,facial sniffing,Not defined,STATE,2068.200,2068.867,0.667,C:/lab/Social Memory/22_cage_p1_converted.mp4,31023,31033,,,,
22_cage_p1,2024-10-06 00:23:00.220,,Media file,player #1:C:/lab/Social Memory/22_cage_p1_converted.mp4,0.0,1733.934,2341.800,15.000,social_agent,90.136,facial sniffing,Not defined,STATE,2068.533,2068.667,0.134,C:/lab/Social Memory/22_cage_p1_converted.mp4,31028,31030,,,,
22_cage_p1,2024-10-06 00:23:00.220,,Media file,player #1:C:/lab/Social Memory/22_cage_p1_converted.mp4,0.0,1733.934,2341.800,15.000,social_agent,90.136,anogenital sniffing,Not defined,STATE,2081.733,2082.067,0.334,C:/lab/Social Memory/22_cage_p1_converted.mp4,31226,31231,,,,
22_cage_p1,2024-10-06 00:23:00.220,,Media file,player #1:C:/lab/Social Memory/22_cage_p1_converted.mp4,0.0,1733.934,2341.800,15.000,social_agent,90.136,anogenital sniffing,Not defined,STATE,2088.267,2088.867,0.600,C:/lab/Social Memory/22_cage_p1_converted.mp4,31324,31333,,,,
22_cage_p1,2024-10-06 00:23:00.220,,Media file,player #1:C:/lab/Social Memory/22_cage_p1_converted.mp4,0.0,1733.934,2341.800,15.000,social_agent,90.136,anogenital sniffing,Not defined,STATE,2089.133,2089.333,0.200,C:/lab/Social Memory/22_cage_p1_converted.mp4,31337,31340,,,,
22_cage_p1,2024-10-06 00:23:00.220,,Media file,player #1:C:/lab/Social Memory/22_cage_p1_converted.mp4,0.0,1733.934,2341.800,15.000,social_agent,90.136,facial sniffing,Not defined,STATE,2089.800,2090.200,0.400,C:/lab/Social Memory/22_cage_p1_converted.mp4,31347,31353,,,,
22_cage_p1,2024-10-06 00:23:00.220,,Media file,player #1:C:/lab/Social Memory/22_cage_p1_converted.mp4,0.0,1733.934,2341.800,15.000,social_agent,90.136,anogenital sniffing,Not defined,STATE,2096.267,2096.600,0.333,C:/lab/Social Memory/22_cage_p1_converted.mp4,31444,31449,,,,
22_cage_p1,2024-10-06 00:23:00.220,,Media file,player #1:C:/lab/Social Memory/22_cage_p1_converted.mp4,0.0,1733.934,2341.800,15.000,social_agent,90.136,anogenital sniffing,Not defined,STATE,2116.200,2116.733,0.533,C:/lab/Social Memory/22_cage_p1_converted.mp4,31743,31751,,,,
22_cage_p1,2024-10-06 00:23:00.220,,Media file,player #1:C:/lab/Social Memory/22_cage_p1_converted.mp4,0.0,1733.934,2341.800,15.000,social_agent,90.136,facial sniffing,Not defined,STATE,2139.667,2140.133,0.466,C:/lab/Social Memory/22_cage_p1_converted.mp4,32095,32102,,,,
22_cage_p1,2024-10-06 00:23:00.220,,Media file,player #1:C:/lab/Social Memory/22_cage_p1_converted.mp4,0.0,1733.934,2341.800,15.000,subject,112.874,facial sniffing,Not defined,STATE,2139.867,2140.267,0.400,C:/lab/Social Memory/22_cage_p1_converted.mp4,32098,32104,,,,
22_cage_p1,2024-10-06 00:23:00.220,,Media file,player #1:C:/lab/Social Memory/22_cage_p1_converted.mp4,0.0,1733.934,2341.800,15.000,subject,112.874,anogenital sniffing,Not defined,STATE,2147.267,2148.733,1.466,C:/lab/Social Memory/22_cage_p1_converted.mp4,32209,32231,,,,
22_cage_p1,2024-10-06 00:23:00.220,,Media file,player #1:C:/lab/Social Memory/22_cage_p1_converted.mp4,0.0,1733.934,2341.800,15.000,subject,112.874,anogenital sniffing,Not defined,STATE,2159.133,2159.800,0.667,C:/lab/Social Memory/22_cage_p1_converted.mp4,32387,32397,,,,
22_cage_p1,2024-10-06 00:23:00.220,,Media file,player #1:C:/lab/Social Memory/22_cage_p1_converted.mp4,0.0,1733.934,2341.800,15.000,social_agent,90.136,facial sniffing,Not defined,STATE,2208.133,2208.400,0.267,C:/lab/Social Memory/22_cage_p1_converted.mp4,33122,33126,,,,
22_cage_p1,2024-10-06 00:23:00.220,,Media file,player #1:C:/lab/Social Memory/22_cage_p1_converted.mp4,0.0,1733.934,2341.800,15.000,subject,112.874,facial sniffing,Not defined,STATE,2208.267,2208.867,0.600,C:/lab/Social Memory/22_cage_p1_converted.mp4,33124,33133,,,,
22_cage_p1,2024-10-06 00:23:00.220,,Media file,player #1:C:/lab/Social Memory/22_cage_p1_converted.mp4,0.0,1733.934,2341.800,15.000,social_agent,90.136,anogenital sniffing,Not defined,STATE,2210.400,2212.267,1.867,C:/lab/Social Memory/22_cage_p1_converted.mp4,33156,33184,,,,
22_cage_p1,2024-10-06 00:23:00.220,,Media file,player #1:C:/lab/Social Memory/22_cage_p1_converted.mp4,0.0,1733.934,2341.800,15.000,social_agent,90.136,anogenital sniffing,Not defined,STATE,2213.000,2213.200,0.200,C:/lab/Social Memory/22_cage_p1_converted.mp4,33195,33198,,,,
22_cage_p1,2024-10-06 00:23:00.220,,Media file,player #1:C:/lab/Social Memory/22_cage_p1_converted.mp4,0.0,1733.934,2341.800,15.000,social_agent,90.136,fighting,Not defined,STATE,2213.933,2214.400,0.467,C:/lab/Social Memory/22_cage_p1_converted.mp4,33209,33216,,,,
22_cage_p1,2024-10-06 00:23:00.220,,Media file,player #1:C:/lab/Social Memory/22_cage_p1_converted.mp4,0.0,1733.934,2341.800,15.000,subject,112.874,fighting,Not defined,STATE,2214.667,2215.200,0.533,C:/lab/Social Memory/22_cage_p1_converted.mp4,33220,33228,,,,
22_cage_p1,2024-10-06 00:23:00.220,,Media file,player #1:C:/lab/Social Memory/22_cage_p1_converted.mp4,0.0,1733.934,2341.800,15.000,social_agent,90.136,fighting,Not defined,STATE,2214.867,2215.200,0.333,C:/lab/Social Memory/22_cage_p1_converted.mp4,33223,33228,,,,
22_cage_p1,2024-10-06 00:23:00.220,,Media file,player #1:C:/lab/Social Memory/22_cage_p1_converted.mp4,0.0,1733.934,2341.800,15.000,social_agent,90.136,facial sniffing,Not defined,STATE,2215.533,2216.000,0.467,C:/lab/Social Memory/22_cage_p1_converted.mp4,33233,33240,,,,
22_cage_p1,2024-10-06 00:23:00.220,,Media file,player #1:C:/lab/Social Memory/22_cage_p1_converted.mp4,0.0,1733.934,2341.800,15.000,subject,112.874,fighting,Not defined,STATE,2216.400,2216.667,0.267,C:/lab/Social Memory/22_cage_p1_converted.mp4,33246,33250,,,,
22_cage_p1,2024-10-06 00:23:00.220,,Media file,player #1:C:/lab/Social Memory/22_cage_p1_converted.mp4,0.0,1733.934,2341.800,15.000,social_agent,90.136,fighting,Not defined,STATE,2216.467,2216.667,0.200,C:/lab/Social Memory/22_cage_p1_converted.mp4,33247,33250,,,,
22_cage_p1,2024-10-06 00:23:00.220,,Media file,player #1:C:/lab/Social Memory/22_cage_p1_converted.mp4,0.0,1733.934,2341.800,15.000,social_agent,90.136,fighting,Not defined,STATE,2217.000,2217.400,0.400,C:/lab/Social Memory/22_cage_p1_converted.mp4,33255,33261,,,,
22_cage_p1,2024-10-06 00:23:00.220,,Media file,player #1:C:/lab/Social Memory/22_cage_p1_converted.mp4,0.0,1733.934,2341.800,15.000,social_agent,90.136,fighting,Not defined,STATE,2219.333,2219.867,0.534,C:/lab/Social Memory/22_cage_p1_converted.mp4,33290,33298,,,,
22_cage_p1,2024-10-06 00:23:00.220,,Media file,player #1:C:/lab/Social Memory/22_cage_p1_converted.mp4,0.0,1733.934,2341.800,15.000,social_agent,90.136,facial sniffing,Not defined,STATE,2221.933,2223.133,1.200,C:/lab/Social Memory/22_cage_p1_converted.mp4,33329,33347,,,,
22_cage_p1,2024-10-06 00:23:00.220,,Media file,player #1:C:/lab/Social Memory/22_cage_p1_converted.mp4,0.0,1733.934,2341.800,15.000,subject,112.874,anogenital sniffing,Not defined,STATE,2224.333,2226.000,1.667,C:/lab/Social Memory/22_cage_p1_converted.mp4,33365,33390,,,,
22_cage_p1,2024-10-06 00:23:00.220,,Media file,player #1:C:/lab/Social Memory/22_cage_p1_converted.mp4,0.0,1733.934,2341.800,15.000,social_agent,90.136,facial sniffing,Not defined,STATE,2226.200,2228.067,1.867,C:/lab/Social Memory/22_cage_p1_converted.mp4,33393,33421,,,,
22_cage_p1,2024-10-06 00:23:00.220,,Media file,player #1:C:/lab/Social Memory/22_cage_p1_converted.mp4,0.0,1733.934,2341.800,15.000,subject,112.874,facial sniffing,Not defined,STATE,2226.467,2227.133,0.666,C:/lab/Social Memory/22_cage_p1_converted.mp4,33397,33407,,,,
22_cage_p1,2024-10-06 00:23:00.220,,Media file,player #1:C:/lab/Social Memory/22_cage_p1_converted.mp4,0.0,1733.934,2341.800,15.000,subject,112.874,facial sniffing,Not defined,STATE,2227.600,2228.133,0.533,C:/lab/Social Memory/22_cage_p1_converted.mp4,33414,33422,,,,
22_cage_p1,2024-10-06 00:23:00.220,,Media file,player #1:C:/lab/Social Memory/22_cage_p1_converted.mp4,0.0,1733.934,2341.800,15.000,social_agent,90.136,fighting,Not defined,STATE,2228.067,2228.600,0.533,C:/lab/Social Memory/22_cage_p1_converted.mp4,33421,33429,,,,
22_cage_p1,2024-10-06 00:23:00.220,,Media file,player #1:C:/lab/Social Memory/22_cage_p1_converted.mp4,0.0,1733.934,2341.800,15.000,subject,112.874,facial sniffing,Not defined,STATE,2232.400,2233.000,0.600,C:/lab/Social Memory/22_cage_p1_converted.mp4,33486,33495,,,,
22_cage_p1,2024-10-06 00:23:00.220,,Media file,player #1:C:/lab/Social Memory/22_cage_p1_converted.mp4,0.0,1733.934,2341.800,15.000,social_agent,90.136,facial sniffing,Not defined,STATE,2232.467,2233.267,0.800,C:/lab/Social Memory/22_cage_p1_converted.mp4,33487,33499,,,,
22_cage_p1,2024-10-06 00:23:00.220,,Media file,player #1:C:/lab/Social Memory/22_cage_p1_converted.mp4,0.0,1733.934,2341.800,15.000,social_agent,90.136,anogenital sniffing,Not defined,STATE,2240.200,2240.933,0.733,C:/lab/Social Memory/22_cage_p1_converted.mp4,33603,33614,,,,
22_cage_p1,2024-10-06 00:23:00.220,,Media file,player #1:C:/lab/Social Memory/22_cage_p1_converted.mp4,0.0,1733.934,2341.800,15.000,subject,112.874,anogenital sniffing,Not defined,STATE,2251.400,2252.000,0.600,C:/lab/Social Memory/22_cage_p1_converted.mp4,33771,33780,,,,
22_cage_p1,2024-10-06 00:23:00.220,,Media file,player #1:C:/lab/Social Memory/22_cage_p1_converted.mp4,0.0,1733.934,2341.800,15.000,social_agent,90.136,anogenital sniffing,Not defined,STATE,2268.400,2271.200,2.800,C:/lab/Social Memory/22_cage_p1_converted.mp4,34026,34068,,,,
22_cage_p1,2024-10-06 00:23:00.220,,Media file,player #1:C:/lab/Social Memory/22_cage_p1_converted.mp4,0.0,1733.934,2341.800,15.000,social_agent,90.136,anogenital sniffing,Not defined,STATE,2298.533,2299.467,0.934,C:/lab/Social Memory/22_cage_p1_converted.mp4,34478,34492,,,,
22_cage_p1,2024-10-06 00:23:00.220,,Media file,player #1:C:/lab/Social Memory/22_cage_p1_converted.mp4,0.0,1733.934,2341.800,15.000,social_agent,90.136,anogenital sniffing,Not defined,STATE,2301.600,2301.800,0.200,C:/lab/Social Memory/22_cage_p1_converted.mp4,34524,34527,,,,
22_cage_p1,2024-10-06 00:23:00.220,,Media file,player #1:C:/lab/Social Memory/22_cage_p1_converted.mp4,0.0,1733.934,2341.800,15.000,social_agent,90.136,anogenital sniffing,Not defined,STATE,2302.733,2303.733,1.000,C:/lab/Social Memory/22_cage_p1_converted.mp4,34541,34556,,,,
22_cage_p1,2024-10-06 00:23:00.220,,Media file,player #1:C:/lab/Social Memory/22_cage_p1_converted.mp4,0.0,1733.934,2341.800,15.000,subject,112.874,anogenital sniffing,Not defined,STATE,2305.000,2305.467,0.467,C:/lab/Social Memory/22_cage_p1_converted.mp4,34575,34582,,,,
22_cage_p1,2024-10-06 00:23:00.220,,Media file,player #1:C:/lab/Social Memory/22_cage_p1_converted.mp4,0.0,1733.934,2341.800,15.000,social_agent,90.136,anogenital sniffing,Not defined,STATE,2305.000,2305.066,0.066,C:/lab/Social Memory/22_cage_p1_converted.mp4,34575,NA,,,,
22_cage_p1,2024-10-06 00:23:00.220,,Media file,player #1:C:/lab/Social Memory/22_cage_p1_converted.mp4,0.0,1733.934,2341.800,15.000,social_agent,90.136,fighting,Not defined,STATE,2305.067,2306.067,1.000,C:/lab/Social Memory/22_cage_p1_converted.mp4,34576,34591,,,,
22_cage_p1,2024-10-06 00:23:00.220,,Media file,player #1:C:/lab/Social Memory/22_cage_p1_converted.mp4,0.0,1733.934,2341.800,15.000,social_agent,90.136,anogenital sniffing,Not defined,STATE,2305.533,2306.066,0.533,C:/lab/Social Memory/22_cage_p1_converted.mp4,34583,NA,,,,
22_cage_p1,2024-10-06 00:23:00.220,,Media file,player #1:C:/lab/Social Memory/22_cage_p1_converted.mp4,0.0,1733.934,2341.800,15.000,social_agent,90.136,fighting,Not defined,STATE,2311.933,2312.267,0.334,C:/lab/Social Memory/22_cage_p1_converted.mp4,34679,34684,,,,
22_cage_p1,2024-10-06 00:23:00.220,,Media file,player #1:C:/lab/Social Memory/22_cage_p1_converted.mp4,0.0,1733.934,2341.800,15.000,social_agent,90.136,fighting,Not defined,STATE,2314.667,2315.067,0.400,C:/lab/Social Memory/22_cage_p1_converted.mp4,34720,34726,,,,
22_cage_p1,2024-10-06 00:23:00.220,,Media file,player #1:C:/lab/Social Memory/22_cage_p1_converted.mp4,0.0,1733.934,2341.800,15.000,subject,112.874,fighting,Not defined,STATE,2317.200,2317.867,0.667,C:/lab/Social Memory/22_cage_p1_converted.mp4,34758,34768,,,,
22_cage_p1,2024-10-06 00:23:00.220,,Media file,player #1:C:/lab/Social Memory/22_cage_p1_converted.mp4,0.0,1733.934,2341.800,15.000,social_agent,90.136,fighting,Not defined,STATE,2317.600,2317.867,0.267,C:/lab/Social Memory/22_cage_p1_converted.mp4,34764,34768,,,,
22_cage_p1,2024-10-06 00:23:00.220,,Media file,player #1:C:/lab/Social Memory/22_cage_p1_converted.mp4,0.0,1733.934,2341.800,15.000,subject,112.874,fighting,Not defined,STATE,2318.067,2318.333,0.266,C:/lab/Social Memory/22_cage_p1_converted.mp4,34771,34775,,,,
22_cage_p1,2024-10-06 00:23:00.220,,Media file,player #1:C:/lab/Social Memory/22_cage_p1_converted.mp4,0.0,1733.934,2341.800,15.000,subject,112.874,fighting,Not defined,STATE,2318.867,2319.467,0.600,C:/lab/Social Memory/22_cage_p1_converted.mp4,34783,34792,,,,
22_cage_p1,2024-10-06 00:23:00.220,,Media file,player #1:C:/lab/Social Memory/22_cage_p1_converted.mp4,0.0,1733.934,2341.800,15.000,subject,112.874,anogenital sniffing,Not defined,STATE,2323.200,2323.467,0.267,C:/lab/Social Memory/22_cage_p1_converted.mp4,34848,34852,,,,
22_cage_p1,2024-10-06 00:23:00.220,,Media file,player #1:C:/lab/Social Memory/22_cage_p1_converted.mp4,0.0,1733.934,2341.800,15.000,social_agent,90.136,fighting,Not defined,STATE,2323.667,2324.467,0.800,C:/lab/Social Memory/22_cage_p1_converted.mp4,34855,34867,,,,
22_cage_p1,2024-10-06 00:23:00.220,,Media file,player #1:C:/lab/Social Memory/22_cage_p1_converted.mp4,0.0,1733.934,2341.800,15.000,subject,112.874,fighting,Not defined,STATE,2325.267,2325.533,0.266,C:/lab/Social Memory/22_cage_p1_converted.mp4,34879,34883,,,,
22_cage_p1,2024-10-06 00:23:00.220,,Media file,player #1:C:/lab/Social Memory/22_cage_p1_converted.mp4,0.0,1733.934,2341.800,15.000,social_agent,90.136,anogenital sniffing,Not defined,STATE,2330.467,2332.200,1.733,C:/lab/Social Memory/22_cage_p1_converted.mp4,34957,34983,,,,
22_cage_p1,2024-10-06 00:23:00.220,,Media file,player #1:C:/lab/Social Memory/22_cage_p1_converted.mp4,0.0,1733.934,2341.800,15.000,subject,112.874,anogenital sniffing,Not defined,STATE,2332.000,2332.467,0.467,C:/lab/Social Memory/22_cage_p1_converted.mp4,34980,34987,,,,
22_cage_p1,2024-10-06 00:23:00.220,,Media file,player #1:C:/lab/Social Memory/22_cage_p1_converted.mp4,0.0,1733.934,2341.800,15.000,social_agent,90.136,facial sniffing,Not defined,STATE,2333.400,2333.867,0.467,C:/lab/Social Memory/22_cage_p1_converted.mp4,35001,35008,,,,
22_cage_p1,2024-10-06 00:23:00.220,,Media file,player #1:C:/lab/Social Memory/22_cage_p1_converted.mp4,0.0,1733.934,2341.800,15.000,social_agent,90.136,facial sniffing,Not defined,STATE,2334.467,2335.267,0.800,C:/lab/Social Memory/22_cage_p1_converted.mp4,35017,35029,,,,
