Observation id	Observation date	Description	Observation type	Source	Time offset (s)	Coding duration	Media duration (s)	FPS (frame/s)	Subject	Observation duration by subject by observation	Behavior	Behavioral category	Behavior type	Start (s)	Stop (s)	Duration (s)	Media file name	Image index start	Image index stop	Image file path start	Image file path stop	Comment start	Comment stop
31_cage_p1	2024-10-02 12:09:21.222		Media file	player #1:C:/lab/Social Memory/31_cage_p1_converted.mp4	0.0	1737.400	2340.533	15.000	social_agent	163.932	mice back in	Not defined	POINT	601.733	601.733	NA	C:/lab/Social Memory/31_cage_p1_converted.mp4	9026	9026				
31_cage_p1	2024-10-02 12:09:21.222		Media file	player #1:C:/lab/Social Memory/31_cage_p1_converted.mp4	0.0	1737.400	2340.533	15.000	subject	153.739	facial sniffing	Not defined	STATE	603.000	603.333	0.333	C:/lab/Social Memory/31_cage_p1_converted.mp4	9045	9050				
31_cage_p1	2024-10-02 12:09:21.222		Media file	player #1:C:/lab/Social Memory/31_cage_p1_converted.mp4	0.0	1737.400	2340.533	15.000	social_agent	163.932	facial sniffing	Not defined	STATE	603.467	603.800	0.333	C:/lab/Social Memory/31_cage_p1_converted.mp4	9052	9057				
31_cage_p1	2024-10-02 12:09:21.222		Media file	player #1:C:/lab/Social Memory/31_cage_p1_converted.mp4	0.0	1737.400	2340.533	15.000	subject	153.739	facial sniffing	Not defined	STATE	603.933	604.267	0.334	C:/lab/Social Memory/31_cage_p1_converted.mp4	9059	9064				
31_cage_p1	2024-10-02 12:09:21.222		Media file	player #1:C:/lab/Social Memory/31_cage_p1_converted.mp4	0.0	1737.400	2340.533	15.000	subject	153.739	anogenital sniffing	Not defined	STATE	604.867	605.400	0.533	C:/lab/Social Memory/31_cage_p1_converted.mp4	9073	9081				
31_cage_p1	2024-10-02 12:09:21.222		Media file	player #1:C:/lab/Social Memory/31_cage_p1_converted.mp4	0.0	1737.400	2340.533	15.000	social_agent	163.932	anogenital sniffing	Not defined	STATE	610.000	610.733	0.733	C:/lab/Social Memory/31_cage_p1_converted.mp4	9150	9161				
31_cage_p1	2024-10-02 12:09:21.222		Media file	player #1:C:/lab/Social Memory/31_cage_p1_converted.mp4	0.0	1737.400	2340.533	15.000	subject	153.739	anogenital sniffing	Not defined	STATE	611.867	612.667	0.800	C:/lab/Social Memory/31_cage_p1_converted.mp4	9178	9190				
31_cage_p1	2024-10-02 12:09:21.222		Media file	player #1:C:/lab/Social Memory/31_cage_p1_converted.mp4	0.0	1737.400	2340.533	15.000	subject	153.739	facial sniffing	Not defined	STATE	619.133	619.467	0.334	C:/lab/Social Memory/31_cage_p1_converted.mp4	9287	9292				
31_cage_p1	2024-10-02 12:09:21.222		Media file	player #1:C:/lab/Social Memory/31_cage_p1_converted.mp4	0.0	1737.400	2340.533	15.000	social_agent	163.932	facial sniffing	Not defined	STATE	619.200	619.533	0.333	C:/lab/Social Memory/31_cage_p1_converted.mp4	9288	9293				
31_cage_p1	2024-10-02 12:09:21.222		Media file	player #1:C:/lab/Social Memory/31_cage_p1_converted.mp4	0.0	1737.400	2340.533	15.000	subject	153.739	anogenital sniffing	Not defined	STATE	619.467	619.933	0.466	C:/lab/Social Memory/31_cage_p1_converted.mp4	9292	9299				
31_cage_p1	2024-10-02 12:09:21.222		Media file	player #1:C:/lab/Social Memory/31_cage_p1_converted.mp4	0.0	1737.400	2340.533	15.000	subject	153.739	facial sniffing	Not defined	STATE	622.733	623.200	0.467	C:/lab/Social Memory/31_cage_p1_converted.mp4	9341	9348				
31_cage_p1	2024-10-02 12:09:21.222		Media file	player #1:C:/lab/Social Memory/31_cage_p1_converted.mp4	0.0	1737.400	2340.533	15.000	social_agent	163.932	facial sniffing	Not defined	STATE	622.733	623.200	0.467	C:/lab/Social Memory/31_cage_p1_converted.mp4	9341	9348				
31_cage_p1	2024-10-02 12:09:21.222		Media file	player #1:C:/lab/Social Memory/31_cage_p1_converted.mp4	0.0	1737.400	2340.533	15.000	subject	153.739	anogenital sniffing	Not defined	STATE	623.467	623.867	0.400	C:/lab/Social Memory/31_cage_p1_converted.mp4	9352	9358				
31_cage_p1	2024-10-02 12:09:21.222		Media file	player #1:C:/lab/Social Memory/31_cage_p1_converted.mp4	0.0	1737.400	2340.533	15.000	subject	153.739	facial sniffing	Not defined	STATE	629.933	630.200	0.267	C:/lab/Social Memory/31_cage_p1_converted.mp4	9449	9453				
31_cage_p1	2024-10-02 12:09:21.222		Media file	player #1:C:/lab/Social Memory/31_cage_p1_converted.mp4	0.0	1737.400	2340.533	15.000	subject	153.739	anogenital sniffing	Not defined	STATE	637.467	638.467	1.000	C:/lab/Social Memory/31_cage_p1_converted.mp4	9562	9577				
31_cage_p1	2024-10-02 12:09:21.222		Media file	player #1:C:/lab/Social Memory/31_cage_p1_converted.mp4	0.0	1737.400	2340.533	15.000	subject	153.739	anogenital sniffing	Not defined	STATE	639.933	640.400	0.467	C:/lab/Social Memory/31_cage_p1_converted.mp4	9599	9606				
31_cage_p1	2024-10-02 12:09:21.222		Media file	player #1:C:/lab/Social Memory/31_cage_p1_converted.mp4	0.0	1737.400	2340.533	15.000	subject	153.739	anogenital sniffing	Not defined	STATE	642.200	644.000	1.800	C:/lab/Social Memory/31_cage_p1_converted.mp4	9633	9660				
31_cage_p1	2024-10-02 12:09:21.222		Media file	player #1:C:/lab/Social Memory/31_cage_p1_converted.mp4	0.0	1737.400	2340.533	15.000	subject	153.739	anogenital sniffing	Not defined	STATE	645.600	646.000	0.400	C:/lab/Social Memory/31_cage_p1_converted.mp4	9684	9690				
31_cage_p1	2024-10-02 12:09:21.222		Media file	player #1:C:/lab/Social Memory/31_cage_p1_converted.mp4	0.0	1737.400	2340.533	15.000	subject	153.739	anogenital sniffing	Not defined	STATE	648.267	651.667	3.400	C:/lab/Social Memory/31_cage_p1_converted.mp4	9724	9775				
31_cage_p1	2024-10-02 12:09:21.222		Media file	player #1:C:/lab/Social Memory/31_cage_p1_converted.mp4	0.0	1737.400	2340.533	15.000	subject	153.739	anogenital sniffing	Not defined	STATE	653.333	653.733	0.400	C:/lab/Social Memory/31_cage_p1_converted.mp4	9800	9806				
31_cage_p1	2024-10-02 12:09:21.222		Media file	player #1:C:/lab/Social Memory/31_cage_p1_converted.mp4	0.0	1737.400	2340.533	15.000	subject	153.739	facial sniffing	Not defined	STATE	660.467	662.867	2.400	C:/lab/Social Memory/31_cage_p1_converted.mp4	9907	9943				
31_cage_p1	2024-10-02 12:09:21.222		Media file	player #1:C:/lab/Social Memory/31_cage_p1_converted.mp4	0.0	1737.400	2340.533	15.000	social_agent	163.932	facial sniffing	Not defined	STATE	664.267	664.867	0.600	C:/lab/Social Memory/31_cage_p1_converted.mp4	9964	9973				
31_cage_p1	2024-10-02 12:09:21.222		Media file	player #1:C:/lab/Social Memory/31_cage_p1_converted.mp4	0.0	1737.400	2340.533	15.000	social_agent	163.932	facial sniffing	Not defined	STATE	671.333	671.933	0.600	C:/lab/Social Memory/31_cage_p1_converted.mp4	10070	10079				
31_cage_p1	2024-10-02 12:09:21.222		Media file	player #1:C:/lab/Social Memory/31_cage_p1_converted.mp4	0.0	1737.400	2340.533	15.000	social_agent	163.932	anogenital sniffing	Not defined	STATE	672.867	673.600	0.733	C:/lab/Social Memory/31_cage_p1_converted.mp4	10093	10104				
31_cage_p1	2024-10-02 12:09:21.222		Media file	player #1:C:/lab/Social Memory/31_cage_p1_converted.mp4	0.0	1737.400	2340.533	15.000	social_agent	163.932	anogenital sniffing	Not defined	STATE	677.267	681.000	3.733	C:/lab/Social Memory/31_cage_p1_converted.mp4	10159	10215				
31_cage_p1	2024-10-02 12:09:21.222		Media file	player #1:C:/lab/Social Memory/31_cage_p1_converted.mp4	0.0	1737.400	2340.533	15.000	subject	153.739	facial sniffing	Not defined	STATE	679.600	680.067	0.467	C:/lab/Social Memory/31_cage_p1_converted.mp4	10194	10201				
31_cage_p1	2024-10-02 12:09:21.222		Media file	player #1:C:/lab/Social Memory/31_cage_p1_converted.mp4	0.0	1737.400	2340.533	15.000	social_agent	163.932	anogenital sniffing	Not defined	STATE	683.000	683.933	0.933	C:/lab/Social Memory/31_cage_p1_converted.mp4	10245	10259				
31_cage_p1	2024-10-02 12:09:21.222		Media file	player #1:C:/lab/Social Memory/31_cage_p1_converted.mp4	0.0	1737.400	2340.533	15.000	social_agent	163.932	anogenital sniffing	Not defined	STATE	685.533	685.933	0.400	C:/lab/Social Memory/31_cage_p1_converted.mp4	10283	10289				
31_cage_p1	2024-10-02 12:09:21.222		Media file	player #1:C:/lab/Social Memory/31_cage_p1_converted.mp4	0.0	1737.400	2340.533	15.000	subject	153.739	anogenital sniffing	Not defined	STATE	693.800	694.133	0.333	C:/lab/Social Memory/31_cage_p1_converted.mp4	10407	10412				
31_cage_p1	2024-10-02 12:09:21.222		Media file	player #1:C:/lab/Social Memory/31_cage_p1_converted.mp4	0.0	1737.400	2340.533	15.000	subject	153.739	anogenital sniffing	Not defined	STATE	695.333	695.800	0.467	C:/lab/Social Memory/31_cage_p1_converted.mp4	10430	10437				
31_cage_p1	2024-10-02 12:09:21.222		Media file	player #1:C:/lab/Social Memory/31_cage_p1_converted.mp4	0.0	1737.400	2340.533	15.000	subject	153.739	anogenital sniffing	Not defined	STATE	696.333	697.400	1.067	C:/lab/Social Memory/31_cage_p1_converted.mp4	10445	10461				
31_cage_p1	2024-10-02 12:09:21.222		Media file	player #1:C:/lab/Social Memory/31_cage_p1_converted.mp4	0.0	1737.400	2340.533	15.000	subject	153.739	anogenital sniffing	Not defined	STATE	698.333	700.200	1.867	C:/lab/Social Memory/31_cage_p1_converted.mp4	10475	10503				
31_cage_p1	2024-10-02 12:09:21.222		Media file	player #1:C:/lab/Social Memory/31_cage_p1_converted.mp4	0.0	1737.400	2340.533	15.000	social_agent	163.932	facial sniffing	Not defined	STATE	702.467	702.867	0.400	C:/lab/Social Memory/31_cage_p1_converted.mp4	10537	10543				
31_cage_p1	2024-10-02 12:09:21.222		Media file	player #1:C:/lab/Social Memory/31_cage_p1_converted.mp4	0.0	1737.400	2340.533	15.000	subject	153.739	facial sniffing	Not defined	STATE	702.600	703.000	0.400	C:/lab/Social Memory/31_cage_p1_converted.mp4	10539	10545				
31_cage_p1	2024-10-02 12:09:21.222		Media file	player #1:C:/lab/Social Memory/31_cage_p1_converted.mp4	0.0	1737.400	2340.533	15.000	subject	153.739	facial sniffing	Not defined	STATE	707.667	708.600	0.933	C:/lab/Social Memory/31_cage_p1_converted.mp4	10615	10629				
31_cage_p1	2024-10-02 12:09:21.222		Media file	player #1:C:/lab/Social Memory/31_cage_p1_converted.mp4	0.0	1737.400	2340.533	15.000	subject	153.739	facial sniffing	Not defined	STATE	708.933	710.200	1.267	C:/lab/Social Memory/31_cage_p1_converted.mp4	10634	10653				
31_cage_p1	2024-10-02 12:09:21.222		Media file	player #1:C:/lab/Social Memory/31_cage_p1_converted.mp4	0.0	1737.400	2340.533	15.000	subject	153.739	anogenital sniffing	Not defined	STATE	711.000	711.400	0.400	C:/lab/Social Memory/31_cage_p1_converted.mp4	10665	10671				
31_cage_p1	2024-10-02 12:09:21.222		Media file	player #1:C:/lab/Social Memory/31_cage_p1_converted.mp4	0.0	1737.400	2340.533	15.000	social_agent	163.932	facial sniffing	Not defined	STATE	727.333	732.733	5.400	C:/lab/Social Memory/31_cage_p1_converted.mp4	10910	10991				
31_cage_p1	2024-10-02 12:09:21.222		Media file	player #1:C:/lab/Social Memory/31_cage_p1_converted.mp4	0.0	1737.400	2340.533	15.000	subject	153.739	facial sniffing	Not defined	STATE	727.533	733.600	6.067	C:/lab/Social Memory/31_cage_p1_converted.mp4	10913	11004				
31_cage_p1	2024-10-02 12:09:21.222		Media file	player #1:C:/lab/Social Memory/31_cage_p1_converted.mp4	0.0	1737.400	2340.533	15.000	social_agent	163.932	facial sniffing	Not defined	STATE	733.200	733.667	0.467	C:/lab/Social Memory/31_cage_p1_converted.mp4	10998	11005				
31_cage_p1	2024-10-02 12:09:21.222		Media file	player #1:C:/lab/Social Memory/31_cage_p1_converted.mp4	0.0	1737.400	2340.533	15.000	social_agent	163.932	anogenital sniffing	Not defined	STATE	733.667	734.200	0.533	C:/lab/Social Memory/31_cage_p1_converted.mp4	11005	11013				
31_cage_p1	2024-10-02 12:09:21.222		Media file	player #1:C:/lab/Social Memory/31_cage_p1_converted.mp4	0.0	1737.400	2340.533	15.000	subject	153.739	facial sniffing	Not defined	STATE	734.400	734.867	0.467	C:/lab/Social Memory/31_cage_p1_converted.mp4	11016	11023				
31_cage_p1	2024-10-02 12:09:21.222		Media file	player #1:C:/lab/Social Memory/31_cage_p1_converted.mp4	0.0	1737.400	2340.533	15.000	social_agent	163.932	anogenital sniffing	Not defined	STATE	736.467	737.000	0.533	C:/lab/Social Memory/31_cage_p1_converted.mp4	11047	11055				
31_cage_p1	2024-10-02 12:09:21.222		Media file	player #1:C:/lab/Social Memory/31_cage_p1_converted.mp4	0.0	1737.400	2340.533	15.000	subject	153.739	facial sniffing	Not defined	STATE	737.200	737.933	0.733	C:/lab/Social Memory/31_cage_p1_converted.mp4	11058	11069				
31_cage_p1	2024-10-02 12:09:21.222		Media file	player #1:C:/lab/Social Memory/31_cage_p1_converted.mp4	0.0	1737.400	2340.533	15.000	social_agent	163.932	facial sniffing	Not defined	STATE	749.267	749.667	0.400	C:/lab/Social Memory/31_cage_p1_converted.mp4	11239	11245				
31_cage_p1	2024-10-02 12:09:21.222		Media file	player #1:C:/lab/Social Memory/31_cage_p1_converted.mp4	0.0	1737.400	2340.533	15.000	subject	153.739	facial sniffing	Not defined	STATE	749.333	749.733	0.400	C:/lab/Social Memory/31_cage_p1_converted.mp4	11240	11246				
31_cage_p1	2024-10-02 12:09:21.222		Media file	player #1:C:/lab/Social Memory/31_cage_p1_converted.mp4	0.0	1737.400	2340.533	15.000	subject	153.739	anogenital sniffing	Not defined	STATE	761.733	761.933	0.200	C:/lab/Social Memory/31_cage_p1_converted.mp4	11426	11429				
31_cage_p1	2024-10-02 12:09:21.222		Media file	player #1:C:/lab/Social Memory/31_cage_p1_converted.mp4	0.0	1737.400	2340.533	15.000	subject	153.739	anogenital sniffing	Not defined	STATE	763.400	764.133	0.733	C:/lab/Social Memory/31_cage_p1_converted.mp4	11451	11462				
31_cage_p1	2024-10-02 12:09:21.222		Media file	player #1:C:/lab/Social Memory/31_cage_p1_converted.mp4	0.0	1737.400	2340.533	15.000	social_agent	163.932	facial sniffing	Not defined	STATE	763.800	764.733	0.933	C:/lab/Social Memory/31_cage_p1_converted.mp4	11457	11471				
31_cage_p1	2024-10-02 12:09:21.222		Media file	player #1:C:/lab/Social Memory/31_cage_p1_converted.mp4	0.0	1737.400	2340.533	15.000	subject	153.739	facial sniffing	Not defined	STATE	764.133	764.667	0.534	C:/lab/Social Memory/31_cage_p1_converted.mp4	11462	11470				
31_cage_p1	2024-10-02 12:09:21.222		Media file	player #1:C:/lab/Social Memory/31_cage_p1_converted.mp4	0.0	1737.400	2340.533	15.000	subject	153.739	facial sniffing	Not defined	STATE	774.267	775.267	1.000	C:/lab/Social Memory/31_cage_p1_converted.mp4	11614	11629				
31_cage_p1	2024-10-02 12:09:21.222		Media file	player #1:C:/lab/Social Memory/31_cage_p1_converted.mp4	0.0	1737.400	2340.533	15.000	social_agent	163.932	facial sniffing	Not defined	STATE	777.333	778.267	0.934	C:/lab/Social Memory/31_cage_p1_converted.mp4	11660	11674				
31_cage_p1	2024-10-02 12:09:21.222		Media file	player #1:C:/lab/Social Memory/31_cage_p1_converted.mp4	0.0	1737.400	2340.533	15.000	subject	153.739	anogenital sniffing	Not defined	STATE	778.267	779.133	0.866	C:/lab/Social Memory/31_cage_p1_converted.mp4	11674	11687				
31_cage_p1	2024-10-02 12:09:21.222		Media file	player #1:C:/lab/Social Memory/31_cage_p1_converted.mp4	0.0	1737.400	2340.533	15.000	subject	153.739	anogenital sniffing	Not defined	STATE	779.400	780.133	0.733	C:/lab/Social Memory/31_cage_p1_converted.mp4	11691	11702				
31_cage_p1	2024-10-02 12:09:21.222		Media file	player #1:C:/lab/Social Memory/31_cage_p1_converted.mp4	0.0	1737.400	2340.533	15.000	subject	153.739	facial sniffing	Not defined	STATE	780.800	781.733	0.933	C:/lab/Social Memory/31_cage_p1_converted.mp4	11712	11726				
31_cage_p1	2024-10-02 12:09:21.222		Media file	player #1:C:/lab/Social Memory/31_cage_p1_converted.mp4	0.0	1737.400	2340.533	15.000	subject	153.739	anogenital sniffing	Not defined	STATE	782.600	783.600	1.000	C:/lab/Social Memory/31_cage_p1_converted.mp4	11739	11754				
31_cage_p1	2024-10-02 12:09:21.222		Media file	player #1:C:/lab/Social Memory/31_cage_p1_converted.mp4	0.0	1737.400	2340.533	15.000	subject	153.739	anogenital sniffing	Not defined	STATE	784.133	784.467	0.334	C:/lab/Social Memory/31_cage_p1_converted.mp4	11762	11767				
31_cage_p1	2024-10-02 12:09:21.222		Media file	player #1:C:/lab/Social Memory/31_cage_p1_converted.mp4	0.0	1737.400	2340.533	15.000	subject	153.739	facial sniffing	Not defined	STATE	797.133	798.467	1.334	C:/lab/Social Memory/31_cage_p1_converted.mp4	11957	11977				
31_cage_p1	2024-10-02 12:09:21.222		Media file	player #1:C:/lab/Social Memory/31_cage_p1_converted.mp4	0.0	1737.400	2340.533	15.000	social_agent	163.932	anogenital sniffing	Not defined	STATE	802.000	804.467	2.467	C:/lab/Social Memory/31_cage_p1_converted.mp4	12030	12067				
31_cage_p1	2024-10-02 12:09:21.222		Media file	player #1:C:/lab/Social Memory/31_cage_p1_converted.mp4	0.0	1737.400	2340.533	15.000	social_agent	163.932	anogenital sniffing	Not defined	STATE	804.800	808.467	3.667	C:/lab/Social Memory/31_cage_p1_converted.mp4	12072	12127				
31_cage_p1	2024-10-02 12:09:21.222		Media file	player #1:C:/lab/Social Memory/31_cage_p1_converted.mp4	0.0	1737.400	2340.533	15.000	social_agent	163.932	anogenital sniffing	Not defined	STATE	810.067	811.933	1.866	C:/lab/Social Memory/31_cage_p1_converted.mp4	12151	12179				
31_cage_p1	2024-10-02 12:09:21.222		Media file	player #1:C:/lab/Social Memory/31_cage_p1_converted.mp4	0.0	1737.400	2340.533	15.000	social_agent	163.932	anogenital sniffing	Not defined	STATE	812.800	813.267	0.467	C:/lab/Social Memory/31_cage_p1_converted.mp4	12192	12199				
31_cage_p1	2024-10-02 12:09:21.222		Media file	player #1:C:/lab/Social Memory/31_cage_p1_converted.mp4	0.0	1737.400	2340.533	15.000	social_agent	163.932	anogenital sniffing	Not defined	STATE	814.867	817.000	2.133	C:/lab/Social Memory/31_cage_p1_converted.mp4	12223	12255				
31_cage_p1	2024-10-02 12:09:21.222		Media file	player #1:C:/lab/Social Memory/31_cage_p1_converted.mp4	0.0	1737.400	2340.533	15.000	social_agent	163.932	facial sniffing	Not defined	STATE	818.933	819.400	0.467	C:/lab/Social Memory/31_cage_p1_converted.mp4	12284	12291				
31_cage_p1	2024-10-02 12:09:21.222		Media file	player #1:C:/lab/Social Memory/31_cage_p1_converted.mp4	0.0	1737.400	2340.533	15.000	social_agent	163.932	facial sniffing	Not defined	STATE	834.667	837.733	3.066	C:/lab/Social Memory/31_cage_p1_converted.mp4	12520	12566				
31_cage_p1	2024-10-02 12:09:21.222		Media file	player #1:C:/lab/Social Memory/31_cage_p1_converted.mp4	0.0	1737.400	2340.533	15.000	social_agent	163.932	anogenital sniffing	Not defined	STATE	838.067	842.600	4.533	C:/lab/Social Memory/31_cage_p1_converted.mp4	12571	12639				
31_cage_p1	2024-10-02 12:09:21.222		Media file	player #1:C:/lab/Social Memory/31_cage_p1_converted.mp4	0.0	1737.400	2340.533	15.000	social_agent	163.932	anogenital sniffing	Not defined	STATE	843.067	846.333	3.266	C:/lab/Social Memory/31_cage_p1_converted.mp4	12646	12695				
31_cage_p1	2024-10-02 12:09:21.222		Media file	player #1:C:/lab/Social Memory/31_cage_p1_converted.mp4	0.0	1737.400	2340.533	15.000	social_agent	163.932	anogenital sniffing	Not defined	STATE	846.733	847.533	0.800	C:/lab/Social Memory/31_cage_p1_converted.mp4	12701	12713				
31_cage_p1	2024-10-02 12:09:21.222		Media file	player #1:C:/lab/Social Memory/31_cage_p1_converted.mp4	0.0	1737.400	2340.533	15.000	social_agent	163.932	facial sniffing	Not defined	STATE	851.200	852.067	0.867	C:/lab/Social Memory/31_cage_p1_converted.mp4	12768	12781				
31_cage_p1	2024-10-02 12:09:21.222		Media file	player #1:C:/lab/Social Memory/31_cage_p1_converted.mp4	0.0	1737.400	2340.533	15.000	social_agent	163.932	anogenital sniffing	Not defined	STATE	869.467	870.000	0.533	C:/lab/Social Memory/31_cage_p1_converted.mp4	13042	13050				
31_cage_p1	2024-10-02 12:09:21.222		Media file	player #1:C:/lab/Social Memory/31_cage_p1_converted.mp4	0.0	1737.400	2340.533	15.000	subject	153.739	facial sniffing	Not defined	STATE	870.333	871.133	0.800	C:/lab/Social Memory/31_cage_p1_converted.mp4	13055	13067				
31_cage_p1	2024-10-02 12:09:21.222		Media file	player #1:C:/lab/Social Memory/31_cage_p1_converted.mp4	0.0	1737.400	2340.533	15.000	social_agent	163.932	facial sniffing	Not defined	STATE	870.400	871.133	0.733	C:/lab/Social Memory/31_cage_p1_converted.mp4	13056	13067				
31_cage_p1	2024-10-02 12:09:21.222		Media file	player #1:C:/lab/Social Memory/31_cage_p1_converted.mp4	0.0	1737.400	2340.533	15.000	social_agent	163.932	anogenital sniffing	Not defined	STATE	875.400	876.533	1.133	C:/lab/Social Memory/31_cage_p1_converted.mp4	13131	13148				
31_cage_p1	2024-10-02 12:09:21.222		Media file	player #1:C:/lab/Social Memory/31_cage_p1_converted.mp4	0.0	1737.400	2340.533	15.000	social_agent	163.932	anogenital sniffing	Not defined	STATE	877.067	878.600	1.533	C:/lab/Social Memory/31_cage_p1_converted.mp4	13156	13179				
31_cage_p1	2024-10-02 12:09:21.222		Media file	player #1:C:/lab/Social Memory/31_cage_p1_converted.mp4	0.0	1737.400	2340.533	15.000	social_agent	163.932	anogenital sniffing	Not defined	STATE	878.933	879.667	0.734	C:/lab/Social Memory/31_cage_p1_converted.mp4	13184	13195				
31_cage_p1	2024-10-02 12:09:21.222		Media file	player #1:C:/lab/Social Memory/31_cage_p1_converted.mp4	0.0	1737.400	2340.533	15.000	social_agent	163.932	anogenital sniffing	Not defined	STATE	880.000	880.667	0.667	C:/lab/Social Memory/31_cage_p1_converted.mp4	13200	13210				
31_cage_p1	2024-10-02 12:09:21.222		Media file	player #1:C:/lab/Social Memory/31_cage_p1_converted.mp4	0.0	1737.400	2340.533	15.000	subject	153.739	facial sniffing	Not defined	STATE	892.733	893.067	0.334	C:/lab/Social Memory/31_cage_p1_converted.mp4	13391	13396				
31_cage_p1	2024-10-02 12:09:21.222		Media file	player #1:C:/lab/Social Memory/31_cage_p1_converted.mp4	0.0	1737.400	2340.533	15.000	social_agent	163.932	facial sniffing	Not defined	STATE	892.733	893.133	0.400	C:/lab/Social Memory/31_cage_p1_converted.mp4	13391	13397				
31_cage_p1	2024-10-02 12:09:21.222		Media file	player #1:C:/lab/Social Memory/31_cage_p1_converted.mp4	0.0	1737.400	2340.533	15.000	social_agent	163.932	facial sniffing	Not defined	STATE	894.067	894.467	0.400	C:/lab/Social Memory/31_cage_p1_converted.mp4	13411	13417				
31_cage_p1	2024-10-02 12:09:21.222		Media file	player #1:C:/lab/Social Memory/31_cage_p1_converted.mp4	0.0	1737.400	2340.533	15.000	social_agent	163.932	mice taken out	Not defined	POINT	902.800	902.800	NA	C:/lab/Social Memory/31_cage_p1_converted.mp4	13542	13542				
31_cage_p1	2024-10-02 12:09:21.222		Media file	player #1:C:/lab/Social Memory/31_cage_p1_converted.mp4	0.0	1737.400	2340.533	15.000	social_agent	163.932	mice back in	Not defined	POINT	961.133	961.133	NA	C:/lab/Social Memory/31_cage_p1_converted.mp4	14417	14417				
31_cage_p1	2024-10-02 12:09:21.222		Media file	player #1:C:/lab/Social Memory/31_cage_p1_converted.mp4	0.0	1737.400	2340.533	15.000	social_agent	163.932	facial sniffing	Not defined	STATE	963.533	964.267	0.734	C:/lab/Social Memory/31_cage_p1_converted.mp4	14453	14464				
31_cage_p1	2024-10-02 12:09:21.222		Media file	player #1:C:/lab/Social Memory/31_cage_p1_converted.mp4	0.0	1737.400	2340.533	15.000	subject	153.739	facial sniffing	Not defined	STATE	963.600	964.467	0.867	C:/lab/Social Memory/31_cage_p1_converted.mp4	14454	14467				
31_cage_p1	2024-10-02 12:09:21.222		Media file	player #1:C:/lab/Social Memory/31_cage_p1_converted.mp4	0.0	1737.400	2340.533	15.000	social_agent	163.932	facial sniffing	Not defined	STATE	964.800	965.200	0.400	C:/lab/Social Memory/31_cage_p1_converted.mp4	14472	14478				
31_cage_p1	2024-10-02 12:09:21.222		Media file	player #1:C:/lab/Social Memory/31_cage_p1_converted.mp4	0.0	1737.400	2340.533	15.000	subject	153.739	facial sniffing	Not defined	STATE	964.933	965.333	0.400	C:/lab/Social Memory/31_cage_p1_converted.mp4	14474	14480				
31_cage_p1	2024-10-02 12:09:21.222		Media file	player #1:C:/lab/Social Memory/31_cage_p1_converted.mp4	0.0	1737.400	2340.533	15.000	subject	153.739	facial sniffing	Not defined	STATE	965.800	966.267	0.467	C:/lab/Social Memory/31_cage_p1_converted.mp4	14487	14494				
31_cage_p1	2024-10-02 12:09:21.222		Media file	player #1:C:/lab/Social Memory/31_cage_p1_converted.mp4	0.0	1737.400	2340.533	15.000	subject	153.739	anogenital sniffing	Not defined	STATE	969.600	970.533	0.933	C:/lab/Social Memory/31_cage_p1_converted.mp4	14544	14558				
31_cage_p1	2024-10-02 12:09:21.222		Media file	player #1:C:/lab/Social Memory/31_cage_p1_converted.mp4	0.0	1737.400	2340.533	15.000	subject	153.739	facial sniffing	Not defined	STATE	971.533	972.400	0.867	C:/lab/Social Memory/31_cage_p1_converted.mp4	14573	14586				
31_cage_p1	2024-10-02 12:09:21.222		Media file	player #1:C:/lab/Social Memory/31_cage_p1_converted.mp4	0.0	1737.400	2340.533	15.000	subject	153.739	anogenital sniffing	Not defined	STATE	973.867	974.800	0.933	C:/lab/Social Memory/31_cage_p1_converted.mp4	14608	14622				
31_cage_p1	2024-10-02 12:09:21.222		Media file	player #1:C:/lab/Social Memory/31_cage_p1_converted.mp4	0.0	1737.400	2340.533	15.000	social_agent	163.932	facial sniffing	Not defined	STATE	977.067	977.400	0.333	C:/lab/Social Memory/31_cage_p1_converted.mp4	14656	14661				
31_cage_p1	2024-10-02 12:09:21.222		Media file	player #1:C:/lab/Social Memory/31_cage_p1_converted.mp4	0.0	1737.400	2340.533	15.000	subject	153.739	facial sniffing	Not defined	STATE	977.133	977.533	0.400	C:/lab/Social Memory/31_cage_p1_converted.mp4	14657	14663				
31_cage_p1	2024-10-02 12:09:21.222		Media file	player #1:C:/lab/Social Memory/31_cage_p1_converted.mp4	0.0	1737.400	2340.533	15.000	subject	153.739	anogenital sniffing	Not defined	STATE	977.867	978.667	0.800	C:/lab/Social Memory/31_cage_p1_converted.mp4	14668	14680				
31_cage_p1	2024-10-02 12:09:21.222		Media file	player #1:C:/lab/Social Memory/31_cage_p1_converted.mp4	0.0	1737.400	2340.533	15.000	subject	153.739	anogenital sniffing	Not defined	STATE	979.800	980.867	1.067	C:/lab/Social Memory/31_cage_p1_converted.mp4	14697	14713				
31_cage_p1	2024-10-02 12:09:21.222		Media file	player #1:C:/lab/Social Memory/31_cage_p1_converted.mp4	0.0	1737.400	2340.533	15.000	subject	153.739	facial sniffing	Not defined	STATE	981.400	982.000	0.600	C:/lab/Social Memory/31_cage_p1_converted.mp4	14721	14730				
31_cage_p1	2024-10-02 12:09:21.222		Media file	player #1:C:/lab/Social Memory/31_cage_p1_converted.mp4	0.0	1737.400	2340.533	15.000	subject	153.739	facial sniffing	Not defined	STATE	1000.467	1001.600	1.133	C:/lab/Social Memory/31_cage_p1_converted.mp4	15007	15024				
31_cage_p1	2024-10-02 12:09:21.222		Media file	player #1:C:/lab/Social Memory/31_cage_p1_converted.mp4	0.0	1737.400	2340.533	15.000	social_agent	163.932	facial sniffing	Not defined	STATE	1000.467	1001.467	1.000	C:/lab/Social Memory/31_cage_p1_converted.mp4	15007	15022				
31_cage_p1	2024-10-02 12:09:21.222		Media file	player #1:C:/lab/Social Memory/31_cage_p1_converted.mp4	0.0	1737.400	2340.533	15.000	subject	153.739	facial sniffing	Not defined	STATE	1002.200	1002.667	0.467	C:/lab/Social Memory/31_cage_p1_converted.mp4	15033	15040				
31_cage_p1	2024-10-02 12:09:21.222		Media file	player #1:C:/lab/Social Memory/31_cage_p1_converted.mp4	0.0	1737.400	2340.533	15.000	subject	153.739	facial sniffing	Not defined	STATE	1003.400	1003.867	0.467	C:/lab/Social Memory/31_cage_p1_converted.mp4	15051	15058				
31_cage_p1	2024-10-02 12:09:21.222		Media file	player #1:C:/lab/Social Memory/31_cage_p1_converted.mp4	0.0	1737.400	2340.533	15.000	subject	153.739	anogenital sniffing	Not defined	STATE	1009.600	1010.133	0.533	C:/lab/Social Memory/31_cage_p1_converted.mp4	15144	15152				
31_cage_p1	2024-10-02 12:09:21.222		Media file	player #1:C:/lab/Social Memory/31_cage_p1_converted.mp4	0.0	1737.400	2340.533	15.000	subject	153.739	facial sniffing	Not defined	STATE	1014.533	1015.000	0.467	C:/lab/Social Memory/31_cage_p1_converted.mp4	15218	15225				
31_cage_p1	2024-10-02 12:09:21.222		Media file	player #1:C:/lab/Social Memory/31_cage_p1_converted.mp4	0.0	1737.400	2340.533	15.000	social_agent	163.932	facial sniffing	Not defined	STATE	1014.533	1015.000	0.467	C:/lab/Social Memory/31_cage_p1_converted.mp4	15218	15225				
31_cage_p1	2024-10-02 12:09:21.222		Media file	player #1:C:/lab/Social Memory/31_cage_p1_converted.mp4	0.0	1737.400	2340.533	15.000	subject	153.739	facial sniffing	Not defined	STATE	1022.200	1023.867	1.667	C:/lab/Social Memory/31_cage_p1_converted.mp4	15333	15358				
31_cage_p1	2024-10-02 12:09:21.222		Media file	player #1:C:/lab/Social Memory/31_cage_p1_converted.mp4	0.0	1737.400	2340.533	15.000	social_agent	163.932	facial sniffing	Not defined	STATE	1022.533	1023.800	1.267	C:/lab/Social Memory/31_cage_p1_converted.mp4	15338	15357				
31_cage_p1	2024-10-02 12:09:21.222		Media file	player #1:C:/lab/Social Memory/31_cage_p1_converted.mp4	0.0	1737.400	2340.533	15.000	subject	153.739	facial sniffing	Not defined	STATE	1024.533	1026.267	1.734	C:/lab/Social Memory/31_cage_p1_converted.mp4	15368	15394				
31_cage_p1	2024-10-02 12:09:21.222		Media file	player #1:C:/lab/Social Memory/31_cage_p1_converted.mp4	0.0	1737.400	2340.533	15.000	social_agent	163.932	facial sniffing	Not defined	STATE	1025.333	1025.733	0.400	C:/lab/Social Memory/31_cage_p1_converted.mp4	15380	15386				
31_cage_p1	2024-10-02 12:09:21.222		Media file	player #1:C:/lab/Social Memory/31_cage_p1_converted.mp4	0.0	1737.400	2340.533	15.000	subject	153.739	anogenital sniffing	Not defined	STATE	1026.267	1026.867	0.600	C:/lab/Social Memory/31_cage_p1_converted.mp4	15394	15403				
31_cage_p1	2024-10-02 12:09:21.222		Media file	player #1:C:/lab/Social Memory/31_cage_p1_converted.mp4	0.0	1737.400	2340.533	15.000	subject	153.739	anogenital sniffing	Not defined	STATE	1035.667	1036.267	0.600	C:/lab/Social Memory/31_cage_p1_converted.mp4	15535	15544				
31_cage_p1	2024-10-02 12:09:21.222		Media file	player #1:C:/lab/Social Memory/31_cage_p1_converted.mp4	0.0	1737.400	2340.533	15.000	subject	153.739	facial sniffing	Not defined	STATE	1036.267	1036.867	0.600	C:/lab/Social Memory/31_cage_p1_converted.mp4	15544	15553				
31_cage_p1	2024-10-02 12:09:21.222		Media file	player #1:C:/lab/Social Memory/31_cage_p1_converted.mp4	0.0	1737.400	2340.533	15.000	subject	153.739	facial sniffing	Not defined	STATE	1037.533	1038.867	1.334	C:/lab/Social Memory/31_cage_p1_converted.mp4	15563	15583				
31_cage_p1	2024-10-02 12:09:21.222		Media file	player #1:C:/lab/Social Memory/31_cage_p1_converted.mp4	0.0	1737.400	2340.533	15.000	social_agent	163.932	facial sniffing	Not defined	STATE	1038.200	1038.800	0.600	C:/lab/Social Memory/31_cage_p1_converted.mp4	15573	15582				
31_cage_p1	2024-10-02 12:09:21.222		Media file	player #1:C:/lab/Social Memory/31_cage_p1_converted.mp4	0.0	1737.400	2340.533	15.000	subject	153.739	anogenital sniffing	Not defined	STATE	1038.867	1040.200	1.333	C:/lab/Social Memory/31_cage_p1_converted.mp4	15583	15603				
31_cage_p1	2024-10-02 12:09:21.222		Media file	player #1:C:/lab/Social Memory/31_cage_p1_converted.mp4	0.0	1737.400	2340.533	15.000	subject	153.739	facial sniffing	Not defined	STATE	1041.000	1041.600	0.600	C:/lab/Social Memory/31_cage_p1_converted.mp4	15615	15624				
31_cage_p1	2024-10-02 12:09:21.222		Media file	player #1:C:/lab/Social Memory/31_cage_p1_converted.mp4	0.0	1737.400	2340.533	15.000	subject	153.739	anogenital sniffing	Not defined	STATE	1043.800	1044.200	0.400	C:/lab/Social Memory/31_cage_p1_converted.mp4	15657	15663				
31_cage_p1	2024-10-02 12:09:21.222		Media file	player #1:C:/lab/Social Memory/31_cage_p1_converted.mp4	0.0	1737.400	2340.533	15.000	subject	153.739	anogenital sniffing	Not defined	STATE	1051.600	1052.000	0.400	C:/lab/Social Memory/31_cage_p1_converted.mp4	15774	15780				
31_cage_p1	2024-10-02 12:09:21.222		Media file	player #1:C:/lab/Social Memory/31_cage_p1_converted.mp4	0.0	1737.400	2340.533	15.000	social_agent	163.932	facial sniffing	Not defined	STATE	1062.000	1062.267	0.267	C:/lab/Social Memory/31_cage_p1_converted.mp4	15930	15934				
31_cage_p1	2024-10-02 12:09:21.222		Media file	player #1:C:/lab/Social Memory/31_cage_p1_converted.mp4	0.0	1737.400	2340.533	15.000	subject	153.739	facial sniffing	Not defined	STATE	1062.133	1062.533	0.400	C:/lab/Social Memory/31_cage_p1_converted.mp4	15932	15938				
31_cage_p1	2024-10-02 12:09:21.222		Media file	player #1:C:/lab/Social Memory/31_cage_p1_converted.mp4	0.0	1737.400	2340.533	15.000	social_agent	163.932	facial sniffing	Not defined	STATE	1062.600	1063.267	0.667	C:/lab/Social Memory/31_cage_p1_converted.mp4	15939	15949				
31_cage_p1	2024-10-02 12:09:21.222		Media file	player #1:C:/lab/Social Memory/31_cage_p1_converted.mp4	0.0	1737.400	2340.533	15.000	social_agent	163.932	anogenital sniffing	Not defined	STATE	1080.533	1080.933	0.400	C:/lab/Social Memory/31_cage_p1_converted.mp4	16208	16214				
31_cage_p1	2024-10-02 12:09:21.222		Media file	player #1:C:/lab/Social Memory/31_cage_p1_converted.mp4	0.0	1737.400	2340.533	15.000	subject	153.739	facial sniffing	Not defined	STATE	1081.000	1081.733	0.733	C:/lab/Social Memory/31_cage_p1_converted.mp4	16215	16226				
31_cage_p1	2024-10-02 12:09:21.222		Media file	player #1:C:/lab/Social Memory/31_cage_p1_converted.mp4	0.0	1737.400	2340.533	15.000	social_agent	163.932	facial sniffing	Not defined	STATE	1081.267	1081.667	0.400	C:/lab/Social Memory/31_cage_p1_converted.mp4	16219	16225				
31_cage_p1	2024-10-02 12:09:21.222		Media file	player #1:C:/lab/Social Memory/31_cage_p1_converted.mp4	0.0	1737.400	2340.533	15.000	social_agent	163.932	anogenital sniffing	Not defined	STATE	1088.533	1089.267	0.734	C:/lab/Social Memory/31_cage_p1_converted.mp4	16328	16339				
31_cage_p1	2024-10-02 12:09:21.222		Media file	player #1:C:/lab/Social Memory/31_cage_p1_converted.mp4	0.0	1737.400	2340.533	15.000	social_agent	163.932	anogenital sniffing	Not defined	STATE	1100.800	1101.267	0.467	C:/lab/Social Memory/31_cage_p1_converted.mp4	16512	16519				
31_cage_p1	2024-10-02 12:09:21.222		Media file	player #1:C:/lab/Social Memory/31_cage_p1_converted.mp4	0.0	1737.400	2340.533	15.000	social_agent	163.932	anogenital sniffing	Not defined	STATE	1106.733	1111.067	4.334	C:/lab/Social Memory/31_cage_p1_converted.mp4	16601	16666				
31_cage_p1	2024-10-02 12:09:21.222		Media file	player #1:C:/lab/Social Memory/31_cage_p1_converted.mp4	0.0	1737.400	2340.533	15.000	subject	153.739	facial sniffing	Not defined	STATE	1117.067	1117.333	0.266	C:/lab/Social Memory/31_cage_p1_converted.mp4	16756	16760				
31_cage_p1	2024-10-02 12:09:21.222		Media file	player #1:C:/lab/Social Memory/31_cage_p1_converted.mp4	0.0	1737.400	2340.533	15.000	social_agent	163.932	facial sniffing	Not defined	STATE	1117.133	1117.533	0.400	C:/lab/Social Memory/31_cage_p1_converted.mp4	16757	16763				
31_cage_p1	2024-10-02 12:09:21.222		Media file	player #1:C:/lab/Social Memory/31_cage_p1_converted.mp4	0.0	1737.400	2340.533	15.000	subject	153.739	facial sniffing	Not defined	STATE	1118.000	1118.467	0.467	C:/lab/Social Memory/31_cage_p1_converted.mp4	16770	16777				
31_cage_p1	2024-10-02 12:09:21.222		Media file	player #1:C:/lab/Social Memory/31_cage_p1_converted.mp4	0.0	1737.400	2340.533	15.000	social_agent	163.932	facial sniffing	Not defined	STATE	1119.133	1119.933	0.800	C:/lab/Social Memory/31_cage_p1_converted.mp4	16787	16799				
31_cage_p1	2024-10-02 12:09:21.222		Media file	player #1:C:/lab/Social Memory/31_cage_p1_converted.mp4	0.0	1737.400	2340.533	15.000	subject	153.739	facial sniffing	Not defined	STATE	1119.200	1119.867	0.667	C:/lab/Social Memory/31_cage_p1_converted.mp4	16788	16798				
31_cage_p1	2024-10-02 12:09:21.222		Media file	player #1:C:/lab/Social Memory/31_cage_p1_converted.mp4	0.0	1737.400	2340.533	15.000	social_agent	163.932	anogenital sniffing	Not defined	STATE	1123.333	1123.667	0.334	C:/lab/Social Memory/31_cage_p1_converted.mp4	16850	16855				
31_cage_p1	2024-10-02 12:09:21.222		Media file	player #1:C:/lab/Social Memory/31_cage_p1_converted.mp4	0.0	1737.400	2340.533	15.000	subject	153.739	facial sniffing	Not defined	STATE	1127.133	1127.667	0.534	C:/lab/Social Memory/31_cage_p1_converted.mp4	16907	16915				
31_cage_p1	2024-10-02 12:09:21.222		Media file	player #1:C:/lab/Social Memory/31_cage_p1_converted.mp4	0.0	1737.400	2340.533	15.000	social_agent	163.932	facial sniffing	Not defined	STATE	1127.200	1127.533	0.333	C:/lab/Social Memory/31_cage_p1_converted.mp4	16908	16913				
31_cage_p1	2024-10-02 12:09:21.222		Media file	player #1:C:/lab/Social Memory/31_cage_p1_converted.mp4	0.0	1737.400	2340.533	15.000	subject	153.739	facial sniffing	Not defined	STATE	1128.200	1128.600	0.400	C:/lab/Social Memory/31_cage_p1_converted.mp4	16923	16929				
31_cage_p1	2024-10-02 12:09:21.222		Media file	player #1:C:/lab/Social Memory/31_cage_p1_converted.mp4	0.0	1737.400	2340.533	15.000	subject	153.739	facial sniffing	Not defined	STATE	1129.200	1129.600	0.400	C:/lab/Social Memory/31_cage_p1_converted.mp4	16938	16944				
31_cage_p1	2024-10-02 12:09:21.222		Media file	player #1:C:/lab/Social Memory/31_cage_p1_converted.mp4	0.0	1737.400	2340.533	15.000	subject	153.739	anogenital sniffing	Not defined	STATE	1140.800	1141.133	0.333	C:/lab/Social Memory/31_cage_p1_converted.mp4	17112	17117				
31_cage_p1	2024-10-02 12:09:21.222		Media file	player #1:C:/lab/Social Memory/31_cage_p1_converted.mp4	0.0	1737.400	2340.533	15.000	subject	153.739	facial sniffing	Not defined	STATE	1145.200	1145.533	0.333	C:/lab/Social Memory/31_cage_p1_converted.mp4	17178	17183				
31_cage_p1	2024-10-02 12:09:21.222		Media file	player #1:C:/lab/Social Memory/31_cage_p1_converted.mp4	0.0	1737.400	2340.533	15.000	social_agent	163.932	facial sniffing	Not defined	STATE	1145.200	1145.867	0.667	C:/lab/Social Memory/31_cage_p1_converted.mp4	17178	17188				
31_cage_p1	2024-10-02 12:09:21.222		Media file	player #1:C:/lab/Social Memory/31_cage_p1_converted.mp4	0.0	1737.400	2340.533	15.000	social_agent	163.932	facial sniffing	Not defined	STATE	1147.133	1147.733	0.600	C:/lab/Social Memory/31_cage_p1_converted.mp4	17207	17216				
31_cage_p1	2024-10-02 12:09:21.222		Media file	player #1:C:/lab/Social Memory/31_cage_p1_converted.mp4	0.0	1737.400	2340.533	15.000	subject	153.739	anogenital sniffing	Not defined	STATE	1163.067	1163.400	0.333	C:/lab/Social Memory/31_cage_p1_converted.mp4	17446	17451				
31_cage_p1	2024-10-02 12:09:21.222		Media file	player #1:C:/lab/Social Memory/31_cage_p1_converted.mp4	0.0	1737.400	2340.533	15.000	social_agent	163.932	anogenital sniffing	Not defined	STATE	1170.067	1171.267	1.200	C:/lab/Social Memory/31_cage_p1_converted.mp4	17551	17569				
31_cage_p1	2024-10-02 12:09:21.222		Media file	player #1:C:/lab/Social Memory/31_cage_p1_converted.mp4	0.0	1737.400	2340.533	15.000	subject	153.739	facial sniffing	Not defined	STATE	1173.933	1174.267	0.334	C:/lab/Social Memory/31_cage_p1_converted.mp4	17609	17614				
31_cage_p1	2024-10-02 12:09:21.222		Media file	player #1:C:/lab/Social Memory/31_cage_p1_converted.mp4	0.0	1737.400	2340.533	15.000	social_agent	163.932	anogenital sniffing	Not defined	STATE	1194.933	1195.933	1.000	C:/lab/Social Memory/31_cage_p1_converted.mp4	17924	17939				
31_cage_p1	2024-10-02 12:09:21.222		Media file	player #1:C:/lab/Social Memory/31_cage_p1_converted.mp4	0.0	1737.400	2340.533	15.000	subject	153.739	facial sniffing	Not defined	STATE	1209.533	1209.867	0.334	C:/lab/Social Memory/31_cage_p1_converted.mp4	18143	18148				
31_cage_p1	2024-10-02 12:09:21.222		Media file	player #1:C:/lab/Social Memory/31_cage_p1_converted.mp4	0.0	1737.400	2340.533	15.000	social_agent	163.932	facial sniffing	Not defined	STATE	1209.867	1210.133	0.266	C:/lab/Social Memory/31_cage_p1_converted.mp4	18148	18152				
31_cage_p1	2024-10-02 12:09:21.222		Media file	player #1:C:/lab/Social Memory/31_cage_p1_converted.mp4	0.0	1737.400	2340.533	15.000	social_agent	163.932	facial sniffing	Not defined	STATE	1221.800	1222.133	0.333	C:/lab/Social Memory/31_cage_p1_converted.mp4	18327	18332				
31_cage_p1	2024-10-02 12:09:21.222		Media file	player #1:C:/lab/Social Memory/31_cage_p1_converted.mp4	0.0	1737.400	2340.533	15.000	subject	153.739	facial sniffing	Not defined	STATE	1221.867	1222.200	0.333	C:/lab/Social Memory/31_cage_p1_converted.mp4	18328	18333				
31_cage_p1	2024-10-02 12:09:21.222		Media file	player #1:C:/lab/Social Memory/31_cage_p1_converted.mp4	0.0	1737.400	2340.533	15.000	social_agent	163.932	anogenital sniffing	Not defined	STATE	1240.400	1240.600	0.200	C:/lab/Social Memory/31_cage_p1_converted.mp4	18606	18609				
31_cage_p1	2024-10-02 12:09:21.222		Media file	player #1:C:/lab/Social Memory/31_cage_p1_converted.mp4	0.0	1737.400	2340.533	15.000	social_agent	163.932	facial sniffing	Not defined	STATE	1242.200	1243.200	1.000	C:/lab/Social Memory/31_cage_p1_converted.mp4	18633	18648				
31_cage_p1	2024-10-02 12:09:21.222		Media file	player #1:C:/lab/Social Memory/31_cage_p1_converted.mp4	0.0	1737.400	2340.533	15.000	social_agent	163.932	facial sniffing	Not defined	STATE	1252.333	1252.667	0.334	C:/lab/Social Memory/31_cage_p1_converted.mp4	18785	18790				
31_cage_p1	2024-10-02 12:09:21.222		Media file	player #1:C:/lab/Social Memory/31_cage_p1_converted.mp4	0.0	1737.400	2340.533	15.000	social_agent	163.932	anogenital sniffing	Not defined	STATE	1254.533	1255.933	1.400	C:/lab/Social Memory/31_cage_p1_converted.mp4	18818	18839				
31_cage_p1	2024-10-02 12:09:21.222		Media file	player #1:C:/lab/Social Memory/31_cage_p1_converted.mp4	0.0	1737.400	2340.533	15.000	social_agent	163.932	anogenital sniffing	Not defined	STATE	1256.467	1257.933	1.466	C:/lab/Social Memory/31_cage_p1_converted.mp4	18847	18869				
31_cage_p1	2024-10-02 12:09:21.222		Media file	player #1:C:/lab/Social Memory/31_cage_p1_converted.mp4	0.0	1737.400	2340.533	15.000	social_agent	163.932	mice taken out	Not defined	POINT	1261.533	1261.533	NA	C:/lab/Social Memory/31_cage_p1_converted.mp4	18923	18923				
31_cage_p1	2024-10-02 12:09:21.222		Media file	player #1:C:/lab/Social Memory/31_cage_p1_converted.mp4	0.0	1737.400	2340.533	15.000	social_agent	163.932	mice back in	Not defined	POINT	1324.667	1324.667	NA	C:/lab/Social Memory/31_cage_p1_converted.mp4	19870	19870				
31_cage_p1	2024-10-02 12:09:21.222		Media file	player #1:C:/lab/Social Memory/31_cage_p1_converted.mp4	0.0	1737.400	2340.533	15.000	social_agent	163.932	facial sniffing	Not defined	STATE	1338.133	1339.267	1.134	C:/lab/Social Memory/31_cage_p1_converted.mp4	20072	20089				
31_cage_p1	2024-10-02 12:09:21.222		Media file	player #1:C:/lab/Social Memory/31_cage_p1_converted.mp4	0.0	1737.400	2340.533	15.000	subject	153.739	facial sniffing	Not defined	STATE	1338.200	1339.400	1.200	C:/lab/Social Memory/31_cage_p1_converted.mp4	20073	20091				
31_cage_p1	2024-10-02 12:09:21.222		Media file	player #1:C:/lab/Social Memory/31_cage_p1_converted.mp4	0.0	1737.400	2340.533	15.000	subject	153.739	facial sniffing	Not defined	STATE	1382.733	1383.600	0.867	C:/lab/Social Memory/31_cage_p1_converted.mp4	20741	20754				
31_cage_p1	2024-10-02 12:09:21.222		Media file	player #1:C:/lab/Social Memory/31_cage_p1_converted.mp4	0.0	1737.400	2340.533	15.000	social_agent	163.932	facial sniffing	Not defined	STATE	1387.467	1387.800	0.333	C:/lab/Social Memory/31_cage_p1_converted.mp4	20812	20817				
31_cage_p1	2024-10-02 12:09:21.222		Media file	player #1:C:/lab/Social Memory/31_cage_p1_converted.mp4	0.0	1737.400	2340.533	15.000	subject	153.739	facial sniffing	Not defined	STATE	1387.600	1388.000	0.400	C:/lab/Social Memory/31_cage_p1_converted.mp4	20814	20820				
31_cage_p1	2024-10-02 12:09:21.222		Media file	player #1:C:/lab/Social Memory/31_cage_p1_converted.mp4	0.0	1737.400	2340.533	15.000	subject	153.739	anogenital sniffing	Not defined	STATE	1391.933	1393.600	1.667	C:/lab/Social Memory/31_cage_p1_converted.mp4	20879	20904				
31_cage_p1	2024-10-02 12:09:21.222		Media file	player #1:C:/lab/Social Memory/31_cage_p1_converted.mp4	0.0	1737.400	2340.533	15.000	subject	153.739	anogenital sniffing	Not defined	STATE	1394.000	1394.333	0.333	C:/lab/Social Memory/31_cage_p1_converted.mp4	20910	20915				
31_cage_p1	2024-10-02 12:09:21.222		Media file	player #1:C:/lab/Social Memory/31_cage_p1_converted.mp4	0.0	1737.400	2340.533	15.000	subject	153.739	facial sniffing	Not defined	STATE	1407.067	1408.133	1.066	C:/lab/Social Memory/31_cage_p1_converted.mp4	21106	21122				
31_cage_p1	2024-10-02 12:09:21.222		Media file	player #1:C:/lab/Social Memory/31_cage_p1_converted.mp4	0.0	1737.400	2340.533	15.000	social_agent	163.932	facial sniffing	Not defined	STATE	1407.133	1407.733	0.600	C:/lab/Social Memory/31_cage_p1_converted.mp4	21107	21116				
31_cage_p1	2024-10-02 12:09:21.222		Media file	player #1:C:/lab/Social Memory/31_cage_p1_converted.mp4	0.0	1737.400	2340.533	15.000	social_agent	163.932	facial sniffing	Not defined	STATE	1409.267	1409.867	0.600	C:/lab/Social Memory/31_cage_p1_converted.mp4	21139	21148				
31_cage_p1	2024-10-02 12:09:21.222		Media file	player #1:C:/lab/Social Memory/31_cage_p1_converted.mp4	0.0	1737.400	2340.533	15.000	subject	153.739	facial sniffing	Not defined	STATE	1410.133	1411.133	1.000	C:/lab/Social Memory/31_cage_p1_converted.mp4	21152	21167				
31_cage_p1	2024-10-02 12:09:21.222		Media file	player #1:C:/lab/Social Memory/31_cage_p1_converted.mp4	0.0	1737.400	2340.533	15.000	social_agent	163.932	anogenital sniffing	Not defined	STATE	1425.267	1426.267	1.000	C:/lab/Social Memory/31_cage_p1_converted.mp4	21379	21394				
31_cage_p1	2024-10-02 12:09:21.222		Media file	player #1:C:/lab/Social Memory/31_cage_p1_converted.mp4	0.0	1737.400	2340.533	15.000	subject	153.739	anogenital sniffing	Not defined	STATE	1431.867	1432.400	0.533	C:/lab/Social Memory/31_cage_p1_converted.mp4	21478	21486				
31_cage_p1	2024-10-02 12:09:21.222		Media file	player #1:C:/lab/Social Memory/31_cage_p1_converted.mp4	0.0	1737.400	2340.533	15.000	social_agent	163.932	facial sniffing	Not defined	STATE	1445.000	1445.200	0.200	C:/lab/Social Memory/31_cage_p1_converted.mp4	21675	21678				
31_cage_p1	2024-10-02 12:09:21.222		Media file	player #1:C:/lab/Social Memory/31_cage_p1_converted.mp4	0.0	1737.400	2340.533	15.000	subject	153.739	facial sniffing	Not defined	STATE	1445.400	1445.733	0.333	C:/lab/Social Memory/31_cage_p1_converted.mp4	21681	21686				
31_cage_p1	2024-10-02 12:09:21.222		Media file	player #1:C:/lab/Social Memory/31_cage_p1_converted.mp4	0.0	1737.400	2340.533	15.000	subject	153.739	facial sniffing	Not defined	STATE	1447.533	1447.867	0.334	C:/lab/Social Memory/31_cage_p1_converted.mp4	21713	21718				
31_cage_p1	2024-10-02 12:09:21.222		Media file	player #1:C:/lab/Social Memory/31_cage_p1_converted.mp4	0.0	1737.400	2340.533	15.000	social_agent	163.932	facial sniffing	Not defined	STATE	1447.600	1448.533	0.933	C:/lab/Social Memory/31_cage_p1_converted.mp4	21714	21728				
31_cage_p1	2024-10-02 12:09:21.222		Media file	player #1:C:/lab/Social Memory/31_cage_p1_converted.mp4	0.0	1737.400	2340.533	15.000	social_agent	163.932	anogenital sniffing	Not defined	STATE	1454.400	1455.533	1.133	C:/lab/Social Memory/31_cage_p1_converted.mp4	21816	21833				
31_cage_p1	2024-10-02 12:09:21.222		Media file	player #1:C:/lab/Social Memory/31_cage_p1_converted.mp4	0.0	1737.400	2340.533	15.000	social_agent	163.932	anogenital sniffing	Not defined	STATE	1458.333	1459.467	1.134	C:/lab/Social Memory/31_cage_p1_converted.mp4	21875	21892				
31_cage_p1	2024-10-02 12:09:21.222		Media file	player #1:C:/lab/Social Memory/31_cage_p1_converted.mp4	0.0	1737.400	2340.533	15.000	subject	153.739	facial sniffing	Not defined	STATE	1477.267	1477.467	0.200	C:/lab/Social Memory/31_cage_p1_converted.mp4	22159	22162				
31_cage_p1	2024-10-02 12:09:21.222		Media file	player #1:C:/lab/Social Memory/31_cage_p1_converted.mp4	0.0	1737.400	2340.533	15.000	social_agent	163.932	facial sniffing	Not defined	STATE	1477.267	1477.933	0.666	C:/lab/Social Memory/31_cage_p1_converted.mp4	22159	22169				
31_cage_p1	2024-10-02 12:09:21.222		Media file	player #1:C:/lab/Social Memory/31_cage_p1_converted.mp4	0.0	1737.400	2340.533	15.000	social_agent	163.932	anogenital sniffing	Not defined	STATE	1483.200	1483.667	0.467	C:/lab/Social Memory/31_cage_p1_converted.mp4	22248	22255				
31_cage_p1	2024-10-02 12:09:21.222		Media file	player #1:C:/lab/Social Memory/31_cage_p1_converted.mp4	0.0	1737.400	2340.533	15.000	social_agent	163.932	anogenital sniffing	Not defined	STATE	1485.267	1487.333	2.066	C:/lab/Social Memory/31_cage_p1_converted.mp4	22279	22310				
31_cage_p1	2024-10-02 12:09:21.222		Media file	player #1:C:/lab/Social Memory/31_cage_p1_converted.mp4	0.0	1737.400	2340.533	15.000	social_agent	163.932	anogenital sniffing	Not defined	STATE	1488.067	1488.267	0.200	C:/lab/Social Memory/31_cage_p1_converted.mp4	22321	22324				
31_cage_p1	2024-10-02 12:09:21.222		Media file	player #1:C:/lab/Social Memory/31_cage_p1_converted.mp4	0.0	1737.400	2340.533	15.000	social_agent	163.932	facial sniffing	Not defined	STATE	1490.467	1490.867	0.400	C:/lab/Social Memory/31_cage_p1_converted.mp4	22357	22363				
31_cage_p1	2024-10-02 12:09:21.222		Media file	player #1:C:/lab/Social Memory/31_cage_p1_converted.mp4	0.0	1737.400	2340.533	15.000	subject	153.739	facial sniffing	Not defined	STATE	1494.000	1494.400	0.400	C:/lab/Social Memory/31_cage_p1_converted.mp4	22410	22416				
31_cage_p1	2024-10-02 12:09:21.222		Media file	player #1:C:/lab/Social Memory/31_cage_p1_converted.mp4	0.0	1737.400	2340.533	15.000	social_agent	163.932	facial sniffing	Not defined	STATE	1494.867	1495.267	0.400	C:/lab/Social Memory/31_cage_p1_converted.mp4	22423	22429				
31_cage_p1	2024-10-02 12:09:21.222		Media file	player #1:C:/lab/Social Memory/31_cage_p1_converted.mp4	0.0	1737.400	2340.533	15.000	social_agent	163.932	anogenital sniffing	Not defined	STATE	1497.067	1497.933	0.866	C:/lab/Social Memory/31_cage_p1_converted.mp4	22456	22469				
31_cage_p1	2024-10-02 12:09:21.222		Media file	player #1:C:/lab/Social Memory/31_cage_p1_converted.mp4	0.0	1737.400	2340.533	15.000	social_agent	163.932	anogenital sniffing	Not defined	STATE	1506.267	1506.600	0.333	C:/lab/Social Memory/31_cage_p1_converted.mp4	22594	22599				
31_cage_p1	2024-10-02 12:09:21.222		Media file	player #1:C:/lab/Social Memory/31_cage_p1_converted.mp4	0.0	1737.400	2340.533	15.000	social_agent	163.932	facial sniffing	Not defined	STATE	1512.333	1513.600	1.267	C:/lab/Social Memory/31_cage_p1_converted.mp4	22685	22704				
31_cage_p1	2024-10-02 12:09:21.222		Media file	player #1:C:/lab/Social Memory/31_cage_p1_converted.mp4	0.0	1737.400	2340.533	15.000	social_agent	163.932	anogenital sniffing	Not defined	STATE	1515.333	1517.667	2.334	C:/lab/Social Memory/31_cage_p1_converted.mp4	22730	22765				
31_cage_p1	2024-10-02 12:09:21.222		Media file	player #1:C:/lab/Social Memory/31_cage_p1_converted.mp4	0.0	1737.400	2340.533	15.000	social_agent	163.932	anogenital sniffing	Not defined	STATE	1519.200	1519.600	0.400	C:/lab/Social Memory/31_cage_p1_converted.mp4	22788	22794				
31_cage_p1	2024-10-02 12:09:21.222		Media file	player #1:C:/lab/Social Memory/31_cage_p1_converted.mp4	0.0	1737.400	2340.533	15.000	social_agent	163.932	anogenital sniffing	Not defined	STATE	1520.000	1520.400	0.400	C:/lab/Social Memory/31_cage_p1_converted.mp4	22800	22806				
31_cage_p1	2024-10-02 12:09:21.222		Media file	player #1:C:/lab/Social Memory/31_cage_p1_converted.mp4	0.0	1737.400	2340.533	15.000	social_agent	163.932	anogenital sniffing	Not defined	STATE	1520.867	1521.333	0.466	C:/lab/Social Memory/31_cage_p1_converted.mp4	22813	22820				
31_cage_p1	2024-10-02 12:09:21.222		Media file	player #1:C:/lab/Social Memory/31_cage_p1_converted.mp4	0.0	1737.400	2340.533	15.000	social_agent	163.932	anogenital sniffing	Not defined	STATE	1521.600	1523.667	2.067	C:/lab/Social Memory/31_cage_p1_converted.mp4	22824	22855				
31_cage_p1	2024-10-02 12:09:21.222		Media file	player #1:C:/lab/Social Memory/31_cage_p1_converted.mp4	0.0	1737.400	2340.533	15.000	social_agent	163.932	facial sniffing	Not defined	STATE	1553.467	1553.867	0.400	C:/lab/Social Memory/31_cage_p1_converted.mp4	23302	23308				
31_cage_p1	2024-10-02 12:09:21.222		Media file	player #1:C:/lab/Social Memory/31_cage_p1_converted.mp4	0.0	1737.400	2340.533	15.000	subject	153.739	facial sniffing	Not defined	STATE	1553.667	1554.000	0.333	C:/lab/Social Memory/31_cage_p1_converted.mp4	23305	23310				
31_cage_p1	2024-10-02 12:09:21.222		Media file	player #1:C:/lab/Social Memory/31_cage_p1_converted.mp4	0.0	1737.400	2340.533	15.000	subject	153.739	anogenital sniffing	Not defined	STATE	1556.867	1557.267	0.400	C:/lab/Social Memory/31_cage_p1_converted.mp4	23353	23359				
31_cage_p1	2024-10-02 12:09:21.222		Media file	player #1:C:/lab/Social Memory/31_cage_p1_converted.mp4	0.0	1737.400	2340.533	15.000	subject	153.739	facial sniffing	Not defined	STATE	1565.333	1565.733	0.400	C:/lab/Social Memory/31_cage_p1_converted.mp4	23480	23486				
31_cage_p1	2024-10-02 12:09:21.222		Media file	player #1:C:/lab/Social Memory/31_cage_p1_converted.mp4	0.0	1737.400	2340.533	15.000	social_agent	163.932	facial sniffing	Not defined	STATE	1565.467	1565.867	0.400	C:/lab/Social Memory/31_cage_p1_converted.mp4	23482	23488				
31_cage_p1	2024-10-02 12:09:21.222		Media file	player #1:C:/lab/Social Memory/31_cage_p1_converted.mp4	0.0	1737.400	2340.533	15.000	subject	153.739	facial sniffing	Not defined	STATE	1587.200	1587.533	0.333	C:/lab/Social Memory/31_cage_p1_converted.mp4	23808	23813				
31_cage_p1	2024-10-02 12:09:21.222		Media file	player #1:C:/lab/Social Memory/31_cage_p1_converted.mp4	0.0	1737.400	2340.533	15.000	social_agent	163.932	facial sniffing	Not defined	STATE	1587.200	1587.600	0.400	C:/lab/Social Memory/31_cage_p1_converted.mp4	23808	23814				
31_cage_p1	2024-10-02 12:09:21.222		Media file	player #1:C:/lab/Social Memory/31_cage_p1_converted.mp4	0.0	1737.400	2340.533	15.000	social_agent	163.932	facial sniffing	Not defined	STATE	1587.933	1588.267	0.334	C:/lab/Social Memory/31_cage_p1_converted.mp4	23819	23824				
31_cage_p1	2024-10-02 12:09:21.222		Media file	player #1:C:/lab/Social Memory/31_cage_p1_converted.mp4	0.0	1737.400	2340.533	15.000	subject	153.739	facial sniffing	Not defined	STATE	1588.000	1588.400	0.400	C:/lab/Social Memory/31_cage_p1_converted.mp4	23820	23826				
31_cage_p1	2024-10-02 12:09:21.222		Media file	player #1:C:/lab/Social Memory/31_cage_p1_converted.mp4	0.0	1737.400	2340.533	15.000	social_agent	163.932	facial sniffing	Not defined	STATE	1599.667	1600.067	0.400	C:/lab/Social Memory/31_cage_p1_converted.mp4	23995	24001				
31_cage_p1	2024-10-02 12:09:21.222		Media file	player #1:C:/lab/Social Memory/31_cage_p1_converted.mp4	0.0	1737.400	2340.533	15.000	social_agent	163.932	mice taken out	Not defined	POINT	1620.000	1620.000	NA	C:/lab/Social Memory/31_cage_p1_converted.mp4	24300	24300				
31_cage_p1	2024-10-02 12:09:21.222		Media file	player #1:C:/lab/Social Memory/31_cage_p1_converted.mp4	0.0	1737.400	2340.533	15.000	social_agent	163.932	mice back in	Not defined	POINT	1682.600	1682.600	NA	C:/lab/Social Memory/31_cage_p1_converted.mp4	25239	25239				
31_cage_p1	2024-10-02 12:09:21.222		Media file	player #1:C:/lab/Social Memory/31_cage_p1_converted.mp4	0.0	1737.400	2340.533	15.000	social_agent	163.932	facial sniffing	Not defined	STATE	1688.067	1689.533	1.466	C:/lab/Social Memory/31_cage_p1_converted.mp4	25321	25343				
31_cage_p1	2024-10-02 12:09:21.222		Media file	player #1:C:/lab/Social Memory/31_cage_p1_converted.mp4	0.0	1737.400	2340.533	15.000	subject	153.739	facial sniffing	Not defined	STATE	1699.867	1701.800	1.933	C:/lab/Social Memory/31_cage_p1_converted.mp4	25498	25527				
31_cage_p1	2024-10-02 12:09:21.222		Media file	player #1:C:/lab/Social Memory/31_cage_p1_converted.mp4	0.0	1737.400	2340.533	15.000	social_agent	163.932	facial sniffing	Not defined	STATE	1700.000	1700.267	0.267	C:/lab/Social Memory/31_cage_p1_converted.mp4	25500	25504				
31_cage_p1	2024-10-02 12:09:21.222		Media file	player #1:C:/lab/Social Memory/31_cage_p1_converted.mp4	0.0	1737.400	2340.533	15.000	subject	153.739	facial sniffing	Not defined	STATE	1705.533	1707.800	2.267	C:/lab/Social Memory/31_cage_p1_converted.mp4	25583	25617				
31_cage_p1	2024-10-02 12:09:21.222		Media file	player #1:C:/lab/Social Memory/31_cage_p1_converted.mp4	0.0	1737.400	2340.533	15.000	social_agent	163.932	facial sniffing	Not defined	STATE	1705.800	1706.667	0.867	C:/lab/Social Memory/31_cage_p1_converted.mp4	25587	25600				
31_cage_p1	2024-10-02 12:09:21.222		Media file	player #1:C:/lab/Social Memory/31_cage_p1_converted.mp4	0.0	1737.400	2340.533	15.000	subject	153.739	facial sniffing	Not defined	STATE	1710.400	1710.667	0.267	C:/lab/Social Memory/31_cage_p1_converted.mp4	25656	25660				
31_cage_p1	2024-10-02 12:09:21.222		Media file	player #1:C:/lab/Social Memory/31_cage_p1_converted.mp4	0.0	1737.400	2340.533	15.000	subject	153.739	facial sniffing	Not defined	STATE	1740.733	1741.467	0.734	C:/lab/Social Memory/31_cage_p1_converted.mp4	26111	26122				
31_cage_p1	2024-10-02 12:09:21.222		Media file	player #1:C:/lab/Social Memory/31_cage_p1_converted.mp4	0.0	1737.400	2340.533	15.000	social_agent	163.932	anogenital sniffing	Not defined	STATE	1750.133	1750.600	0.467	C:/lab/Social Memory/31_cage_p1_converted.mp4	26252	26259				
31_cage_p1	2024-10-02 12:09:21.222		Media file	player #1:C:/lab/Social Memory/31_cage_p1_converted.mp4	0.0	1737.400	2340.533	15.000	subject	153.739	anogenital sniffing	Not defined	STATE	1751.133	1751.733	0.600	C:/lab/Social Memory/31_cage_p1_converted.mp4	26267	26276				
31_cage_p1	2024-10-02 12:09:21.222		Media file	player #1:C:/lab/Social Memory/31_cage_p1_converted.mp4	0.0	1737.400	2340.533	15.000	social_agent	163.932	facial sniffing	Not defined	STATE	1764.533	1765.400	0.867	C:/lab/Social Memory/31_cage_p1_converted.mp4	26468	26481				
31_cage_p1	2024-10-02 12:09:21.222		Media file	player #1:C:/lab/Social Memory/31_cage_p1_converted.mp4	0.0	1737.400	2340.533	15.000	social_agent	163.932	facial sniffing	Not defined	STATE	1766.133	1767.000	0.867	C:/lab/Social Memory/31_cage_p1_converted.mp4	26492	26505				
31_cage_p1	2024-10-02 12:09:21.222		Media file	player #1:C:/lab/Social Memory/31_cage_p1_converted.mp4	0.0	1737.400	2340.533	15.000	subject	153.739	facial sniffing	Not defined	STATE	1768.933	1769.600	0.667	C:/lab/Social Memory/31_cage_p1_converted.mp4	26534	26544				
31_cage_p1	2024-10-02 12:09:21.222		Media file	player #1:C:/lab/Social Memory/31_cage_p1_converted.mp4	0.0	1737.400	2340.533	15.000	social_agent	163.932	facial sniffing	Not defined	STATE	1769.000	1770.133	1.133	C:/lab/Social Memory/31_cage_p1_converted.mp4	26535	26552				
31_cage_p1	2024-10-02 12:09:21.222		Media file	player #1:C:/lab/Social Memory/31_cage_p1_converted.mp4	0.0	1737.400	2340.533	15.000	social_agent	163.932	anogenital sniffing	Not defined	STATE	1781.000	1781.333	0.333	C:/lab/Social Memory/31_cage_p1_converted.mp4	26715	26720				
31_cage_p1	2024-10-02 12:09:21.222		Media file	player #1:C:/lab/Social Memory/31_cage_p1_converted.mp4	0.0	1737.400	2340.533	15.000	social_agent	163.932	facial sniffing	Not defined	STATE	1781.333	1784.733	3.400	C:/lab/Social Memory/31_cage_p1_converted.mp4	26720	26771				
31_cage_p1	2024-10-02 12:09:21.222		Media file	player #1:C:/lab/Social Memory/31_cage_p1_converted.mp4	0.0	1737.400	2340.533	15.000	social_agent	163.932	facial sniffing	Not defined	STATE	1788.400	1789.200	0.800	C:/lab/Social Memory/31_cage_p1_converted.mp4	26826	26838				
31_cage_p1	2024-10-02 12:09:21.222		Media file	player #1:C:/lab/Social Memory/31_cage_p1_converted.mp4	0.0	1737.400	2340.533	15.000	subject	153.739	facial sniffing	Not defined	STATE	1788.667	1789.067	0.400	C:/lab/Social Memory/31_cage_p1_converted.mp4	26830	26836				
31_cage_p1	2024-10-02 12:09:21.222		Media file	player #1:C:/lab/Social Memory/31_cage_p1_converted.mp4	0.0	1737.400	2340.533	15.000	social_agent	163.932	anogenital sniffing	Not defined	STATE	1792.267	1793.333	1.066	C:/lab/Social Memory/31_cage_p1_converted.mp4	26884	26900				
31_cage_p1	2024-10-02 12:09:21.222		Media file	player #1:C:/lab/Social Memory/31_cage_p1_converted.mp4	0.0	1737.400	2340.533	15.000	social_agent	163.932	facial sniffing	Not defined	STATE	1795.667	1796.000	0.333	C:/lab/Social Memory/31_cage_p1_converted.mp4	26935	26940				
31_cage_p1	2024-10-02 12:09:21.222		Media file	player #1:C:/lab/Social Memory/31_cage_p1_converted.mp4	0.0	1737.400	2340.533	15.000	social_agent	163.932	facial sniffing	Not defined	STATE	1803.000	1803.733	0.733	C:/lab/Social Memory/31_cage_p1_converted.mp4	27045	27056				
31_cage_p1	2024-10-02 12:09:21.222		Media file	player #1:C:/lab/Social Memory/31_cage_p1_converted.mp4	0.0	1737.400	2340.533	15.000	subject	153.739	facial sniffing	Not defined	STATE	1803.200	1803.533	0.333	C:/lab/Social Memory/31_cage_p1_converted.mp4	27048	27053				
31_cage_p1	2024-10-02 12:09:21.222		Media file	player #1:C:/lab/Social Memory/31_cage_p1_converted.mp4	0.0	1737.400	2340.533	15.000	social_agent	163.932	facial sniffing	Not defined	STATE	1818.667	1823.467	4.800	C:/lab/Social Memory/31_cage_p1_converted.mp4	27280	27352				
31_cage_p1	2024-10-02 12:09:21.222		Media file	player #1:C:/lab/Social Memory/31_cage_p1_converted.mp4	0.0	1737.400	2340.533	15.000	social_agent	163.932	facial sniffing	Not defined	STATE	1829.400	1829.867	0.467	C:/lab/Social Memory/31_cage_p1_converted.mp4	27441	27448				
31_cage_p1	2024-10-02 12:09:21.222		Media file	player #1:C:/lab/Social Memory/31_cage_p1_converted.mp4	0.0	1737.400	2340.533	15.000	subject	153.739	facial sniffing	Not defined	STATE	1829.467	1830.133	0.666	C:/lab/Social Memory/31_cage_p1_converted.mp4	27442	27452				
31_cage_p1	2024-10-02 12:09:21.222		Media file	player #1:C:/lab/Social Memory/31_cage_p1_converted.mp4	0.0	1737.400	2340.533	15.000	social_agent	163.932	anogenital sniffing	Not defined	STATE	1833.133	1833.667	0.534	C:/lab/Social Memory/31_cage_p1_converted.mp4	27497	27505				
31_cage_p1	2024-10-02 12:09:21.222		Media file	player #1:C:/lab/Social Memory/31_cage_p1_converted.mp4	0.0	1737.400	2340.533	15.000	social_agent	163.932	anogenital sniffing	Not defined	STATE	1834.333	1834.933	0.600	C:/lab/Social Memory/31_cage_p1_converted.mp4	27515	27524				
31_cage_p1	2024-10-02 12:09:21.222		Media file	player #1:C:/lab/Social Memory/31_cage_p1_converted.mp4	0.0	1737.400	2340.533	15.000	subject	153.739	facial sniffing	Not defined	STATE	1836.800	1837.800	1.000	C:/lab/Social Memory/31_cage_p1_converted.mp4	27552	27567				
31_cage_p1	2024-10-02 12:09:21.222		Media file	player #1:C:/lab/Social Memory/31_cage_p1_converted.mp4	0.0	1737.400	2340.533	15.000	social_agent	163.932	facial sniffing	Not defined	STATE	1836.867	1837.467	0.600	C:/lab/Social Memory/31_cage_p1_converted.mp4	27553	27562				
31_cage_p1	2024-10-02 12:09:21.222		Media file	player #1:C:/lab/Social Memory/31_cage_p1_converted.mp4	0.0	1737.400	2340.533	15.000	social_agent	163.932	anogenital sniffing	Not defined	STATE	1844.533	1846.000	1.467	C:/lab/Social Memory/31_cage_p1_converted.mp4	27668	27690				
31_cage_p1	2024-10-02 12:09:21.222		Media file	player #1:C:/lab/Social Memory/31_cage_p1_converted.mp4	0.0	1737.400	2340.533	15.000	subject	153.739	facial sniffing	Not defined	STATE	1845.600	1847.533	1.933	C:/lab/Social Memory/31_cage_p1_converted.mp4	27684	27713				
31_cage_p1	2024-10-02 12:09:21.222		Media file	player #1:C:/lab/Social Memory/31_cage_p1_converted.mp4	0.0	1737.400	2340.533	15.000	social_agent	163.932	facial sniffing	Not defined	STATE	1846.000	1847.800	1.800	C:/lab/Social Memory/31_cage_p1_converted.mp4	27690	27717				
31_cage_p1	2024-10-02 12:09:21.222		Media file	player #1:C:/lab/Social Memory/31_cage_p1_converted.mp4	0.0	1737.400	2340.533	15.000	social_agent	163.932	anogenital sniffing	Not defined	STATE	1850.400	1852.133	1.733	C:/lab/Social Memory/31_cage_p1_converted.mp4	27756	27782				
31_cage_p1	2024-10-02 12:09:21.222		Media file	player #1:C:/lab/Social Memory/31_cage_p1_converted.mp4	0.0	1737.400	2340.533	15.000	subject	153.739	facial sniffing	Not defined	STATE	1851.933	1852.333	0.400	C:/lab/Social Memory/31_cage_p1_converted.mp4	27779	27785				
31_cage_p1	2024-10-02 12:09:21.222		Media file	player #1:C:/lab/Social Memory/31_cage_p1_converted.mp4	0.0	1737.400	2340.533	15.000	social_agent	163.932	anogenital sniffing	Not defined	STATE	1852.533	1855.600	3.067	C:/lab/Social Memory/31_cage_p1_converted.mp4	27788	27834				
31_cage_p1	2024-10-02 12:09:21.222		Media file	player #1:C:/lab/Social Memory/31_cage_p1_converted.mp4	0.0	1737.400	2340.533	15.000	subject	153.739	facial sniffing	Not defined	STATE	1860.333	1860.800	0.467	C:/lab/Social Memory/31_cage_p1_converted.mp4	27905	27912				
31_cage_p1	2024-10-02 12:09:21.222		Media file	player #1:C:/lab/Social Memory/31_cage_p1_converted.mp4	0.0	1737.400	2340.533	15.000	social_agent	163.932	facial sniffing	Not defined	STATE	1860.400	1861.200	0.800	C:/lab/Social Memory/31_cage_p1_converted.mp4	27906	27918				
31_cage_p1	2024-10-02 12:09:21.222		Media file	player #1:C:/lab/Social Memory/31_cage_p1_converted.mp4	0.0	1737.400	2340.533	15.000	social_agent	163.932	facial sniffing	Not defined	STATE	1868.400	1868.933	0.533	C:/lab/Social Memory/31_cage_p1_converted.mp4	28026	28034				
31_cage_p1	2024-10-02 12:09:21.222		Media file	player #1:C:/lab/Social Memory/31_cage_p1_converted.mp4	0.0	1737.400	2340.533	15.000	subject	153.739	facial sniffing	Not defined	STATE	1868.533	1869.000	0.467	C:/lab/Social Memory/31_cage_p1_converted.mp4	28028	28035				
31_cage_p1	2024-10-02 12:09:21.222		Media file	player #1:C:/lab/Social Memory/31_cage_p1_converted.mp4	0.0	1737.400	2340.533	15.000	social_agent	163.932	anogenital sniffing	Not defined	STATE	1918.733	1923.867	5.134	C:/lab/Social Memory/31_cage_p1_converted.mp4	28781	28858				
31_cage_p1	2024-10-02 12:09:21.222		Media file	player #1:C:/lab/Social Memory/31_cage_p1_converted.mp4	0.0	1737.400	2340.533	15.000	social_agent	163.932	anogenital sniffing	Not defined	STATE	1924.800	1932.133	7.333	C:/lab/Social Memory/31_cage_p1_converted.mp4	28872	28982				
31_cage_p1	2024-10-02 12:09:21.222		Media file	player #1:C:/lab/Social Memory/31_cage_p1_converted.mp4	0.0	1737.400	2340.533	15.000	social_agent	163.932	anogenital sniffing	Not defined	STATE	1933.533	1935.533	2.000	C:/lab/Social Memory/31_cage_p1_converted.mp4	29003	29033				
31_cage_p1	2024-10-02 12:09:21.222		Media file	player #1:C:/lab/Social Memory/31_cage_p1_converted.mp4	0.0	1737.400	2340.533	15.000	subject	153.739	anogenital sniffing	Not defined	STATE	1936.733	1937.133	0.400	C:/lab/Social Memory/31_cage_p1_converted.mp4	29051	29057				
31_cage_p1	2024-10-02 12:09:21.222		Media file	player #1:C:/lab/Social Memory/31_cage_p1_converted.mp4	0.0	1737.400	2340.533	15.000	subject	153.739	anogenital sniffing	Not defined	STATE	1939.600	1940.067	0.467	C:/lab/Social Memory/31_cage_p1_converted.mp4	29094	29101				
31_cage_p1	2024-10-02 12:09:21.222		Media file	player #1:C:/lab/Social Memory/31_cage_p1_converted.mp4	0.0	1737.400	2340.533	15.000	subject	153.739	facial sniffing	Not defined	STATE	1944.400	1945.000	0.600	C:/lab/Social Memory/31_cage_p1_converted.mp4	29166	29175				
31_cage_p1	2024-10-02 12:09:21.222		Media file	player #1:C:/lab/Social Memory/31_cage_p1_converted.mp4	0.0	1737.400	2340.533	15.000	subject	153.739	facial sniffing	Not defined	STATE	1945.400	1945.933	0.533	C:/lab/Social Memory/31_cage_p1_converted.mp4	29181	29189				
31_cage_p1	2024-10-02 12:09:21.222		Media file	player #1:C:/lab/Social Memory/31_cage_p1_converted.mp4	0.0	1737.400	2340.533	15.000	social_agent	163.932	anogenital sniffing	Not defined	STATE	1953.133	1953.600	0.467	C:/lab/Social Memory/31_cage_p1_converted.mp4	29297	29304				
31_cage_p1	2024-10-02 12:09:21.222		Media file	player #1:C:/lab/Social Memory/31_cage_p1_converted.mp4	0.0	1737.400	2340.533	15.000	social_agent	163.932	anogenital sniffing	Not defined	STATE	1956.133	1956.667	0.534	C:/lab/Social Memory/31_cage_p1_converted.mp4	29342	29350				
31_cage_p1	2024-10-02 12:09:21.222		Media file	player #1:C:/lab/Social Memory/31_cage_p1_converted.mp4	0.0	1737.400	2340.533	15.000	social_agent	163.932	facial sniffing	Not defined	STATE	1957.533	1957.800	0.267	C:/lab/Social Memory/31_cage_p1_converted.mp4	29363	29367				
31_cage_p1	2024-10-02 12:09:21.222		Media file	player #1:C:/lab/Social Memory/31_cage_p1_converted.mp4	0.0	1737.400	2340.533	15.000	subject	153.739	facial sniffing	Not defined	STATE	1977.467	1978.200	0.733	C:/lab/Social Memory/31_cage_p1_converted.mp4	29662	29673				
31_cage_p1	2024-10-02 12:09:21.222		Media file	player #1:C:/lab/Social Memory/31_cage_p1_converted.mp4	0.0	1737.400	2340.533	15.000	social_agent	163.932	facial sniffing	Not defined	STATE	1977.600	1978.000	0.400	C:/lab/Social Memory/31_cage_p1_converted.mp4	29664	29670				
31_cage_p1	2024-10-02 12:09:21.222		Media file	player #1:C:/lab/Social Memory/31_cage_p1_converted.mp4	0.0	1737.400	2340.533	15.000	social_agent	163.932	mice taken out	Not defined	POINT	1980.800	1980.800	NA	C:/lab/Social Memory/31_cage_p1_converted.mp4	29712	29712				
31_cage_p1	2024-10-02 12:09:21.222		Media file	player #1:C:/lab/Social Memory/31_cage_p1_converted.mp4	0.0	1737.400	2340.533	15.000	social_agent	163.932	mice back in	Not defined	POINT	2042.667	2042.667	NA	C:/lab/Social Memory/31_cage_p1_converted.mp4	30640	30640				
31_cage_p1	2024-10-02 12:09:21.222		Media file	player #1:C:/lab/Social Memory/31_cage_p1_converted.mp4	0.0	1737.400	2340.533	15.000	social_agent	163.932	facial sniffing	Not defined	STATE	2043.600	2043.933	0.333	C:/lab/Social Memory/31_cage_p1_converted.mp4	30654	30659				
31_cage_p1	2024-10-02 12:09:21.222		Media file	player #1:C:/lab/Social Memory/31_cage_p1_converted.mp4	0.0	1737.400	2340.533	15.000	subject	153.739	facial sniffing	Not defined	STATE	2043.733	2044.200	0.467	C:/lab/Social Memory/31_cage_p1_converted.mp4	30656	30663				
31_cage_p1	2024-10-02 12:09:21.222		Media file	player #1:C:/lab/Social Memory/31_cage_p1_converted.mp4	0.0	1737.400	2340.533	15.000	subject	153.739	anogenital sniffing	Not defined	STATE	2044.867	2045.600	0.733	C:/lab/Social Memory/31_cage_p1_converted.mp4	30673	30684				
31_cage_p1	2024-10-02 12:09:21.222		Media file	player #1:C:/lab/Social Memory/31_cage_p1_converted.mp4	0.0	1737.400	2340.533	15.000	subject	153.739	anogenital sniffing	Not defined	STATE	2048.333	2048.667	0.334	C:/lab/Social Memory/31_cage_p1_converted.mp4	30725	30730				
31_cage_p1	2024-10-02 12:09:21.222		Media file	player #1:C:/lab/Social Memory/31_cage_p1_converted.mp4	0.0	1737.400	2340.533	15.000	subject	153.739	facial sniffing	Not defined	STATE	2049.000	2049.533	0.533	C:/lab/Social Memory/31_cage_p1_converted.mp4	30735	30743				
31_cage_p1	2024-10-02 12:09:21.222		Media file	player #1:C:/lab/Social Memory/31_cage_p1_converted.mp4	0.0	1737.400	2340.533	15.000	subject	153.739	anogenital sniffing	Not defined	STATE	2049.600	2050.467	0.867	C:/lab/Social Memory/31_cage_p1_converted.mp4	30744	30757				
31_cage_p1	2024-10-02 12:09:21.222		Media file	player #1:C:/lab/Social Memory/31_cage_p1_converted.mp4	0.0	1737.400	2340.533	15.000	subject	153.739	anogenital sniffing	Not defined	STATE	2052.467	2053.600	1.133	C:/lab/Social Memory/31_cage_p1_converted.mp4	30787	30804				
31_cage_p1	2024-10-02 12:09:21.222		Media file	player #1:C:/lab/Social Memory/31_cage_p1_converted.mp4	0.0	1737.400	2340.533	15.000	subject	153.739	anogenital sniffing	Not defined	STATE	2054.467	2057.267	2.800	C:/lab/Social Memory/31_cage_p1_converted.mp4	30817	30859				
31_cage_p1	2024-10-02 12:09:21.222		Media file	player #1:C:/lab/Social Memory/31_cage_p1_converted.mp4	0.0	1737.400	2340.533	15.000	subject	153.739	anogenital sniffing	Not defined	STATE	2057.800	2058.933	1.133	C:/lab/Social Memory/31_cage_p1_converted.mp4	30867	30884				
31_cage_p1	2024-10-02 12:09:21.222		Media file	player #1:C:/lab/Social Memory/31_cage_p1_converted.mp4	0.0	1737.400	2340.533	15.000	subject	153.739	anogenital sniffing	Not defined	STATE	2059.400	2059.933	0.533	C:/lab/Social Memory/31_cage_p1_converted.mp4	30891	30899				
31_cage_p1	2024-10-02 12:09:21.222		Media file	player #1:C:/lab/Social Memory/31_cage_p1_converted.mp4	0.0	1737.400	2340.533	15.000	subject	153.739	anogenital sniffing	Not defined	STATE	2060.400	2060.733	0.333	C:/lab/Social Memory/31_cage_p1_converted.mp4	30906	30911				
31_cage_p1	2024-10-02 12:09:21.222		Media file	player #1:C:/lab/Social Memory/31_cage_p1_converted.mp4	0.0	1737.400	2340.533	15.000	subject	153.739	anogenital sniffing	Not defined	STATE	2061.733	2062.467	0.734	C:/lab/Social Memory/31_cage_p1_converted.mp4	30926	30937				
31_cage_p1	2024-10-02 12:09:21.222		Media file	player #1:C:/lab/Social Memory/31_cage_p1_converted.mp4	0.0	1737.400	2340.533	15.000	subject	153.739	anogenital sniffing	Not defined	STATE	2062.933	2063.667	0.734	C:/lab/Social Memory/31_cage_p1_converted.mp4	30944	30955				
31_cage_p1	2024-10-02 12:09:21.222		Media file	player #1:C:/lab/Social Memory/31_cage_p1_converted.mp4	0.0	1737.400	2340.533	15.000	subject	153.739	anogenital sniffing	Not defined	STATE	2064.400	2071.200	6.800	C:/lab/Social Memory/31_cage_p1_converted.mp4	30966	31068				
31_cage_p1	2024-10-02 12:09:21.222		Media file	player #1:C:/lab/Social Memory/31_cage_p1_converted.mp4	0.0	1737.400	2340.533	15.000	subject	153.739	anogenital sniffing	Not defined	STATE	2071.467	2071.867	0.400	C:/lab/Social Memory/31_cage_p1_converted.mp4	31072	31078				
31_cage_p1	2024-10-02 12:09:21.222		Media file	player #1:C:/lab/Social Memory/31_cage_p1_converted.mp4	0.0	1737.400	2340.533	15.000	subject	153.739	anogenital sniffing	Not defined	STATE	2072.200	2073.933	1.733	C:/lab/Social Memory/31_cage_p1_converted.mp4	31083	31109				
31_cage_p1	2024-10-02 12:09:21.222		Media file	player #1:C:/lab/Social Memory/31_cage_p1_converted.mp4	0.0	1737.400	2340.533	15.000	social_agent	163.932	facial sniffing	Not defined	STATE	2077.600	2078.333	0.733	C:/lab/Social Memory/31_cage_p1_converted.mp4	31164	31175				
31_cage_p1	2024-10-02 12:09:21.222		Media file	player #1:C:/lab/Social Memory/31_cage_p1_converted.mp4	0.0	1737.400	2340.533	15.000	subject	153.739	facial sniffing	Not defined	STATE	2077.667	2080.933	3.266	C:/lab/Social Memory/31_cage_p1_converted.mp4	31165	31214				
31_cage_p1	2024-10-02 12:09:21.222		Media file	player #1:C:/lab/Social Memory/31_cage_p1_converted.mp4	0.0	1737.400	2340.533	15.000	subject	153.739	facial sniffing	Not defined	STATE	2081.333	2082.067	0.734	C:/lab/Social Memory/31_cage_p1_converted.mp4	31220	31231				
31_cage_p1	2024-10-02 12:09:21.222		Media file	player #1:C:/lab/Social Memory/31_cage_p1_converted.mp4	0.0	1737.400	2340.533	15.000	subject	153.739	facial sniffing	Not defined	STATE	2092.467	2093.533	1.066	C:/lab/Social Memory/31_cage_p1_converted.mp4	31387	31403				
31_cage_p1	2024-10-02 12:09:21.222		Media file	player #1:C:/lab/Social Memory/31_cage_p1_converted.mp4	0.0	1737.400	2340.533	15.000	social_agent	163.932	facial sniffing	Not defined	STATE	2092.600	2092.933	0.333	C:/lab/Social Memory/31_cage_p1_converted.mp4	31389	31394				
31_cage_p1	2024-10-02 12:09:21.222		Media file	player #1:C:/lab/Social Memory/31_cage_p1_converted.mp4	0.0	1737.400	2340.533	15.000	subject	153.739	facial sniffing	Not defined	STATE	2093.933	2094.733	0.800	C:/lab/Social Memory/31_cage_p1_converted.mp4	31409	31421				
31_cage_p1	2024-10-02 12:09:21.222		Media file	player #1:C:/lab/Social Memory/31_cage_p1_converted.mp4	0.0	1737.400	2340.533	15.000	subject	153.739	facial sniffing	Not defined	STATE	2095.133	2096.533	1.400	C:/lab/Social Memory/31_cage_p1_converted.mp4	31427	31448				
31_cage_p1	2024-10-02 12:09:21.222		Media file	player #1:C:/lab/Social Memory/31_cage_p1_converted.mp4	0.0	1737.400	2340.533	15.000	social_agent	163.932	anogenital sniffing	Not defined	STATE	2096.067	2096.600	0.533	C:/lab/Social Memory/31_cage_p1_converted.mp4	31441	31449				
31_cage_p1	2024-10-02 12:09:21.222		Media file	player #1:C:/lab/Social Memory/31_cage_p1_converted.mp4	0.0	1737.400	2340.533	15.000	subject	153.739	facial sniffing	Not defined	STATE	2098.733	2099.533	0.800	C:/lab/Social Memory/31_cage_p1_converted.mp4	31481	31493				
31_cage_p1	2024-10-02 12:09:21.222		Media file	player #1:C:/lab/Social Memory/31_cage_p1_converted.mp4	0.0	1737.400	2340.533	15.000	subject	153.739	facial sniffing	Not defined	STATE	2100.267	2102.200	1.933	C:/lab/Social Memory/31_cage_p1_converted.mp4	31504	31533				
31_cage_p1	2024-10-02 12:09:21.222		Media file	player #1:C:/lab/Social Memory/31_cage_p1_converted.mp4	0.0	1737.400	2340.533	15.000	subject	153.739	anogenital sniffing	Not defined	STATE	2102.667	2104.000	1.333	C:/lab/Social Memory/31_cage_p1_converted.mp4	31540	31560				
31_cage_p1	2024-10-02 12:09:21.222		Media file	player #1:C:/lab/Social Memory/31_cage_p1_converted.mp4	0.0	1737.400	2340.533	15.000	subject	153.739	anogenital sniffing	Not defined	STATE	2104.533	2105.000	0.467	C:/lab/Social Memory/31_cage_p1_converted.mp4	31568	31575				
31_cage_p1	2024-10-02 12:09:21.222		Media file	player #1:C:/lab/Social Memory/31_cage_p1_converted.mp4	0.0	1737.400	2340.533	15.000	subject	153.739	facial sniffing	Not defined	STATE	2114.533	2115.733	1.200	C:/lab/Social Memory/31_cage_p1_converted.mp4	31718	31736				
31_cage_p1	2024-10-02 12:09:21.222		Media file	player #1:C:/lab/Social Memory/31_cage_p1_converted.mp4	0.0	1737.400	2340.533	15.000	social_agent	163.932	facial sniffing	Not defined	STATE	2114.667	2115.400	0.733	C:/lab/Social Memory/31_cage_p1_converted.mp4	31720	31731				
31_cage_p1	2024-10-02 12:09:21.222		Media file	player #1:C:/lab/Social Memory/31_cage_p1_converted.mp4	0.0	1737.400	2340.533	15.000	subject	153.739	facial sniffing	Not defined	STATE	2116.200	2116.667	0.467	C:/lab/Social Memory/31_cage_p1_converted.mp4	31743	31750				
31_cage_p1	2024-10-02 12:09:21.222		Media file	player #1:C:/lab/Social Memory/31_cage_p1_converted.mp4	0.0	1737.400	2340.533	15.000	subject	153.739	anogenital sniffing	Not defined	STATE	2117.400	2118.000	0.600	C:/lab/Social Memory/31_cage_p1_converted.mp4	31761	31770				
31_cage_p1	2024-10-02 12:09:21.222		Media file	player #1:C:/lab/Social Memory/31_cage_p1_converted.mp4	0.0	1737.400	2340.533	15.000	subject	153.739	facial sniffing	Not defined	STATE	2119.200	2119.600	0.400	C:/lab/Social Memory/31_cage_p1_converted.mp4	31788	31794				
31_cage_p1	2024-10-02 12:09:21.222		Media file	player #1:C:/lab/Social Memory/31_cage_p1_converted.mp4	0.0	1737.400	2340.533	15.000	subject	153.739	anogenital sniffing	Not defined	STATE	2120.333	2121.067	0.734	C:/lab/Social Memory/31_cage_p1_converted.mp4	31805	31816				
31_cage_p1	2024-10-02 12:09:21.222		Media file	player #1:C:/lab/Social Memory/31_cage_p1_converted.mp4	0.0	1737.400	2340.533	15.000	subject	153.739	anogenital sniffing	Not defined	STATE	2122.067	2124.533	2.466	C:/lab/Social Memory/31_cage_p1_converted.mp4	31831	31868				
31_cage_p1	2024-10-02 12:09:21.222		Media file	player #1:C:/lab/Social Memory/31_cage_p1_converted.mp4	0.0	1737.400	2340.533	15.000	social_agent	163.932	anogenital sniffing	Not defined	STATE	2138.933	2139.333	0.400	C:/lab/Social Memory/31_cage_p1_converted.mp4	32084	32090				
31_cage_p1	2024-10-02 12:09:21.222		Media file	player #1:C:/lab/Social Memory/31_cage_p1_converted.mp4	0.0	1737.400	2340.533	15.000	subject	153.739	anogenital sniffing	Not defined	STATE	2143.333	2143.800	0.467	C:/lab/Social Memory/31_cage_p1_converted.mp4	32150	32157				
31_cage_p1	2024-10-02 12:09:21.222		Media file	player #1:C:/lab/Social Memory/31_cage_p1_converted.mp4	0.0	1737.400	2340.533	15.000	subject	153.739	anogenital sniffing	Not defined	STATE	2144.267	2145.200	0.933	C:/lab/Social Memory/31_cage_p1_converted.mp4	32164	32178				
31_cage_p1	2024-10-02 12:09:21.222		Media file	player #1:C:/lab/Social Memory/31_cage_p1_converted.mp4	0.0	1737.400	2340.533	15.000	subject	153.739	anogenital sniffing	Not defined	STATE	2145.667	2146.267	0.600	C:/lab/Social Memory/31_cage_p1_converted.mp4	32185	32194				
31_cage_p1	2024-10-02 12:09:21.222		Media file	player #1:C:/lab/Social Memory/31_cage_p1_converted.mp4	0.0	1737.400	2340.533	15.000	subject	153.739	anogenital sniffing	Not defined	STATE	2148.800	2150.400	1.600	C:/lab/Social Memory/31_cage_p1_converted.mp4	32232	32256				
31_cage_p1	2024-10-02 12:09:21.222		Media file	player #1:C:/lab/Social Memory/31_cage_p1_converted.mp4	0.0	1737.400	2340.533	15.000	subject	153.739	anogenital sniffing	Not defined	STATE	2151.067	2152.133	1.066	C:/lab/Social Memory/31_cage_p1_converted.mp4	32266	32282				
31_cage_p1	2024-10-02 12:09:21.222		Media file	player #1:C:/lab/Social Memory/31_cage_p1_converted.mp4	0.0	1737.400	2340.533	15.000	social_agent	163.932	anogenital sniffing	Not defined	STATE	2152.733	2154.333	1.600	C:/lab/Social Memory/31_cage_p1_converted.mp4	32291	32315				
31_cage_p1	2024-10-02 12:09:21.222		Media file	player #1:C:/lab/Social Memory/31_cage_p1_converted.mp4	0.0	1737.400	2340.533	15.000	subject	153.739	facial sniffing	Not defined	STATE	2155.600	2156.600	1.000	C:/lab/Social Memory/31_cage_p1_converted.mp4	32334	32349				
31_cage_p1	2024-10-02 12:09:21.222		Media file	player #1:C:/lab/Social Memory/31_cage_p1_converted.mp4	0.0	1737.400	2340.533	15.000	social_agent	163.932	anogenital sniffing	Not defined	STATE	2155.800	2156.533	0.733	C:/lab/Social Memory/31_cage_p1_converted.mp4	32337	32348				
31_cage_p1	2024-10-02 12:09:21.222		Media file	player #1:C:/lab/Social Memory/31_cage_p1_converted.mp4	0.0	1737.400	2340.533	15.000	social_agent	163.932	anogenital sniffing	Not defined	STATE	2157.000	2157.467	0.467	C:/lab/Social Memory/31_cage_p1_converted.mp4	32355	32362				
31_cage_p1	2024-10-02 12:09:21.222		Media file	player #1:C:/lab/Social Memory/31_cage_p1_converted.mp4	0.0	1737.400	2340.533	15.000	social_agent	163.932	facial sniffing	Not defined	STATE	2158.067	2158.933	0.866	C:/lab/Social Memory/31_cage_p1_converted.mp4	32371	32384				
31_cage_p1	2024-10-02 12:09:21.222		Media file	player #1:C:/lab/Social Memory/31_cage_p1_converted.mp4	0.0	1737.400	2340.533	15.000	subject	153.739	facial sniffing	Not defined	STATE	2158.333	2159.267	0.934	C:/lab/Social Memory/31_cage_p1_converted.mp4	32375	32389				
31_cage_p1	2024-10-02 12:09:21.222		Media file	player #1:C:/lab/Social Memory/31_cage_p1_converted.mp4	0.0	1737.400	2340.533	15.000	social_agent	163.932	anogenital sniffing	Not defined	STATE	2160.867	2161.400	0.533	C:/lab/Social Memory/31_cage_p1_converted.mp4	32413	32421				
31_cage_p1	2024-10-02 12:09:21.222		Media file	player #1:C:/lab/Social Memory/31_cage_p1_converted.mp4	0.0	1737.400	2340.533	15.000	subject	153.739	facial sniffing	Not defined	STATE	2162.200	2162.867	0.667	C:/lab/Social Memory/31_cage_p1_converted.mp4	32433	32443				
31_cage_p1	2024-10-02 12:09:21.222		Media file	player #1:C:/lab/Social Memory/31_cage_p1_converted.mp4	0.0	1737.400	2340.533	15.000	subject	153.739	anogenital sniffing	Not defined	STATE	2166.000	2166.533	0.533	C:/lab/Social Memory/31_cage_p1_converted.mp4	32490	32498				
31_cage_p1	2024-10-02 12:09:21.222		Media file	player #1:C:/lab/Social Memory/31_cage_p1_converted.mp4	0.0	1737.400	2340.533	15.000	subject	153.739	anogenital sniffing	Not defined	STATE	2172.800	2173.533	0.733	C:/lab/Social Memory/31_cage_p1_converted.mp4	32592	32603				
31_cage_p1	2024-10-02 12:09:21.222		Media file	player #1:C:/lab/Social Memory/31_cage_p1_converted.mp4	0.0	1737.400	2340.533	15.000	subject	153.739	facial sniffing	Not defined	STATE	2174.933	2175.933	1.000	C:/lab/Social Memory/31_cage_p1_converted.mp4	32624	32639				
31_cage_p1	2024-10-02 12:09:21.222		Media file	player #1:C:/lab/Social Memory/31_cage_p1_converted.mp4	0.0	1737.400	2340.533	15.000	subject	153.739	facial sniffing	Not defined	STATE	2178.133	2178.600	0.467	C:/lab/Social Memory/31_cage_p1_converted.mp4	32672	32679				
31_cage_p1	2024-10-02 12:09:21.222		Media file	player #1:C:/lab/Social Memory/31_cage_p1_converted.mp4	0.0	1737.400	2340.533	15.000	subject	153.739	facial sniffing	Not defined	STATE	2179.333	2180.733	1.400	C:/lab/Social Memory/31_cage_p1_converted.mp4	32690	32711				
31_cage_p1	2024-10-02 12:09:21.222		Media file	player #1:C:/lab/Social Memory/31_cage_p1_converted.mp4	0.0	1737.400	2340.533	15.000	social_agent	163.932	facial sniffing	Not defined	STATE	2208.933	2209.733	0.800	C:/lab/Social Memory/31_cage_p1_converted.mp4	33134	33146				
31_cage_p1	2024-10-02 12:09:21.222		Media file	player #1:C:/lab/Social Memory/31_cage_p1_converted.mp4	0.0	1737.400	2340.533	15.000	subject	153.739	facial sniffing	Not defined	STATE	2210.133	2211.000	0.867	C:/lab/Social Memory/31_cage_p1_converted.mp4	33152	33165				
31_cage_p1	2024-10-02 12:09:21.222		Media file	player #1:C:/lab/Social Memory/31_cage_p1_converted.mp4	0.0	1737.400	2340.533	15.000	social_agent	163.932	facial sniffing	Not defined	STATE	2210.667	2211.133	0.466	C:/lab/Social Memory/31_cage_p1_converted.mp4	33160	33167				
31_cage_p1	2024-10-02 12:09:21.222		Media file	player #1:C:/lab/Social Memory/31_cage_p1_converted.mp4	0.0	1737.400	2340.533	15.000	social_agent	163.932	anogenital sniffing	Not defined	STATE	2211.133	2211.800	0.667	C:/lab/Social Memory/31_cage_p1_converted.mp4	33167	33177				
31_cage_p1	2024-10-02 12:09:21.222		Media file	player #1:C:/lab/Social Memory/31_cage_p1_converted.mp4	0.0	1737.400	2340.533	15.000	social_agent	163.932	facial sniffing	Not defined	STATE	2212.733	2213.133	0.400	C:/lab/Social Memory/31_cage_p1_converted.mp4	33191	33197				
31_cage_p1	2024-10-02 12:09:21.222		Media file	player #1:C:/lab/Social Memory/31_cage_p1_converted.mp4	0.0	1737.400	2340.533	15.000	subject	153.739	anogenital sniffing	Not defined	STATE	2213.867	2214.333	0.466	C:/lab/Social Memory/31_cage_p1_converted.mp4	33208	33215				
31_cage_p1	2024-10-02 12:09:21.222		Media file	player #1:C:/lab/Social Memory/31_cage_p1_converted.mp4	0.0	1737.400	2340.533	15.000	social_agent	163.932	anogenital sniffing	Not defined	STATE	2215.467	2216.067	0.600	C:/lab/Social Memory/31_cage_p1_converted.mp4	33232	33241				
31_cage_p1	2024-10-02 12:09:21.222		Media file	player #1:C:/lab/Social Memory/31_cage_p1_converted.mp4	0.0	1737.400	2340.533	15.000	subject	153.739	anogenital sniffing	Not defined	STATE	2215.600	2217.333	1.733	C:/lab/Social Memory/31_cage_p1_converted.mp4	33234	33260				
31_cage_p1	2024-10-02 12:09:21.222		Media file	player #1:C:/lab/Social Memory/31_cage_p1_converted.mp4	0.0	1737.400	2340.533	15.000	social_agent	163.932	anogenital sniffing	Not defined	STATE	2217.200	2219.600	2.400	C:/lab/Social Memory/31_cage_p1_converted.mp4	33258	33294				
31_cage_p1	2024-10-02 12:09:21.222		Media file	player #1:C:/lab/Social Memory/31_cage_p1_converted.mp4	0.0	1737.400	2340.533	15.000	subject	153.739	anogenital sniffing	Not defined	STATE	2218.267	2219.067	0.800	C:/lab/Social Memory/31_cage_p1_converted.mp4	33274	33286				
31_cage_p1	2024-10-02 12:09:21.222		Media file	player #1:C:/lab/Social Memory/31_cage_p1_converted.mp4	0.0	1737.400	2340.533	15.000	subject	153.739	anogenital sniffing	Not defined	STATE	2219.200	2221.200	2.000	C:/lab/Social Memory/31_cage_p1_converted.mp4	33288	33318				
31_cage_p1	2024-10-02 12:09:21.222		Media file	player #1:C:/lab/Social Memory/31_cage_p1_converted.mp4	0.0	1737.400	2340.533	15.000	social_agent	163.932	facial sniffing	Not defined	STATE	2221.467	2222.200	0.733	C:/lab/Social Memory/31_cage_p1_converted.mp4	33322	33333				
31_cage_p1	2024-10-02 12:09:21.222		Media file	player #1:C:/lab/Social Memory/31_cage_p1_converted.mp4	0.0	1737.400	2340.533	15.000	subject	153.739	facial sniffing	Not defined	STATE	2221.600	2222.267	0.667	C:/lab/Social Memory/31_cage_p1_converted.mp4	33324	33334				
31_cage_p1	2024-10-02 12:09:21.222		Media file	player #1:C:/lab/Social Memory/31_cage_p1_converted.mp4	0.0	1737.400	2340.533	15.000	subject	153.739	facial sniffing	Not defined	STATE	2222.867	2223.333	0.466	C:/lab/Social Memory/31_cage_p1_converted.mp4	33343	33350				
31_cage_p1	2024-10-02 12:09:21.222		Media file	player #1:C:/lab/Social Memory/31_cage_p1_converted.mp4	0.0	1737.400	2340.533	15.000	social_agent	163.932	facial sniffing	Not defined	STATE	2222.867	2223.467	0.600	C:/lab/Social Memory/31_cage_p1_converted.mp4	33343	33352				
31_cage_p1	2024-10-02 12:09:21.222		Media file	player #1:C:/lab/Social Memory/31_cage_p1_converted.mp4	0.0	1737.400	2340.533	15.000	subject	153.739	facial sniffing	Not defined	STATE	2223.933	2225.267	1.334	C:/lab/Social Memory/31_cage_p1_converted.mp4	33359	33379				
31_cage_p1	2024-10-02 12:09:21.222		Media file	player #1:C:/lab/Social Memory/31_cage_p1_converted.mp4	0.0	1737.400	2340.533	15.000	social_agent	163.932	facial sniffing	Not defined	STATE	2224.267	2224.667	0.400	C:/lab/Social Memory/31_cage_p1_converted.mp4	33364	33370				
31_cage_p1	2024-10-02 12:09:21.222		Media file	player #1:C:/lab/Social Memory/31_cage_p1_converted.mp4	0.0	1737.400	2340.533	15.000	social_agent	163.932	facial sniffing	Not defined	STATE	2230.733	2231.000	0.267	C:/lab/Social Memory/31_cage_p1_converted.mp4	33461	33465				
31_cage_p1	2024-10-02 12:09:21.222		Media file	player #1:C:/lab/Social Memory/31_cage_p1_converted.mp4	0.0	1737.400	2340.533	15.000	subject	153.739	anogenital sniffing	Not defined	STATE	2233.867	2235.267	1.400	C:/lab/Social Memory/31_cage_p1_converted.mp4	33508	33529				
31_cage_p1	2024-10-02 12:09:21.222		Media file	player #1:C:/lab/Social Memory/31_cage_p1_converted.mp4	0.0	1737.400	2340.533	15.000	social_agent	163.932	anogenital sniffing	Not defined	STATE	2248.133	2249.600	1.467	C:/lab/Social Memory/31_cage_p1_converted.mp4	33722	33744				
31_cage_p1	2024-10-02 12:09:21.222		Media file	player #1:C:/lab/Social Memory/31_cage_p1_converted.mp4	0.0	1737.400	2340.533	15.000	social_agent	163.932	facial sniffing	Not defined	STATE	2251.667	2252.133	0.466	C:/lab/Social Memory/31_cage_p1_converted.mp4	33775	33782				
31_cage_p1	2024-10-02 12:09:21.222		Media file	player #1:C:/lab/Social Memory/31_cage_p1_converted.mp4	0.0	1737.400	2340.533	15.000	social_agent	163.932	anogenital sniffing	Not defined	STATE	2253.467	2254.067	0.600	C:/lab/Social Memory/31_cage_p1_converted.mp4	33802	33811				
31_cage_p1	2024-10-02 12:09:21.222		Media file	player #1:C:/lab/Social Memory/31_cage_p1_converted.mp4	0.0	1737.400	2340.533	15.000	subject	153.739	anogenital sniffing	Not defined	STATE	2255.267	2257.067	1.800	C:/lab/Social Memory/31_cage_p1_converted.mp4	33829	33856				
31_cage_p1	2024-10-02 12:09:21.222		Media file	player #1:C:/lab/Social Memory/31_cage_p1_converted.mp4	0.0	1737.400	2340.533	15.000	social_agent	163.932	anogenital sniffing	Not defined	STATE	2257.000	2257.467	0.467	C:/lab/Social Memory/31_cage_p1_converted.mp4	33855	33862				
31_cage_p1	2024-10-02 12:09:21.222		Media file	player #1:C:/lab/Social Memory/31_cage_p1_converted.mp4	0.0	1737.400	2340.533	15.000	social_agent	163.932	anogenital sniffing	Not defined	STATE	2261.000	2261.333	0.333	C:/lab/Social Memory/31_cage_p1_converted.mp4	33915	33920				
31_cage_p1	2024-10-02 12:09:21.222		Media file	player #1:C:/lab/Social Memory/31_cage_p1_converted.mp4	0.0	1737.400	2340.533	15.000	subject	153.739	anogenital sniffing	Not defined	STATE	2261.200	2263.933	2.733	C:/lab/Social Memory/31_cage_p1_converted.mp4	33918	33959				
31_cage_p1	2024-10-02 12:09:21.222		Media file	player #1:C:/lab/Social Memory/31_cage_p1_converted.mp4	0.0	1737.400	2340.533	15.000	subject	153.739	anogenital sniffing	Not defined	STATE	2264.400	2264.867	0.467	C:/lab/Social Memory/31_cage_p1_converted.mp4	33966	33973				
31_cage_p1	2024-10-02 12:09:21.222		Media file	player #1:C:/lab/Social Memory/31_cage_p1_converted.mp4	0.0	1737.400	2340.533	15.000	social_agent	163.932	anogenital sniffing	Not defined	STATE	2275.000	2275.533	0.533	C:/lab/Social Memory/31_cage_p1_converted.mp4	34125	34133				
31_cage_p1	2024-10-02 12:09:21.222		Media file	player #1:C:/lab/Social Memory/31_cage_p1_converted.mp4	0.0	1737.400	2340.533	15.000	subject	153.739	facial sniffing	Not defined	STATE	2282.533	2282.933	0.400	C:/lab/Social Memory/31_cage_p1_converted.mp4	34238	34244				
31_cage_p1	2024-10-02 12:09:21.222		Media file	player #1:C:/lab/Social Memory/31_cage_p1_converted.mp4	0.0	1737.400	2340.533	15.000	social_agent	163.932	facial sniffing	Not defined	STATE	2282.533	2282.933	0.400	C:/lab/Social Memory/31_cage_p1_converted.mp4	34238	34244				
31_cage_p1	2024-10-02 12:09:21.222		Media file	player #1:C:/lab/Social Memory/31_cage_p1_converted.mp4	0.0	1737.400	2340.533	15.000	subject	153.739	facial sniffing	Not defined	STATE	2283.467	2283.867	0.400	C:/lab/Social Memory/31_cage_p1_converted.mp4	34252	34258				
31_cage_p1	2024-10-02 12:09:21.222		Media file	player #1:C:/lab/Social Memory/31_cage_p1_converted.mp4	0.0	1737.400	2340.533	15.000	social_agent	163.932	facial sniffing	Not defined	STATE	2289.067	2289.600	0.533	C:/lab/Social Memory/31_cage_p1_converted.mp4	34336	34344				
31_cage_p1	2024-10-02 12:09:21.222		Media file	player #1:C:/lab/Social Memory/31_cage_p1_converted.mp4	0.0	1737.400	2340.533	15.000	social_agent	163.932	facial sniffing	Not defined	STATE	2290.133	2290.467	0.334	C:/lab/Social Memory/31_cage_p1_converted.mp4	34352	34357				
31_cage_p1	2024-10-02 12:09:21.222		Media file	player #1:C:/lab/Social Memory/31_cage_p1_converted.mp4	0.0	1737.400	2340.533	15.000	subject	153.739	facial sniffing	Not defined	STATE	2290.400	2290.867	0.467	C:/lab/Social Memory/31_cage_p1_converted.mp4	34356	34363				
31_cage_p1	2024-10-02 12:09:21.222		Media file	player #1:C:/lab/Social Memory/31_cage_p1_converted.mp4	0.0	1737.400	2340.533	15.000	social_agent	163.932	facial sniffing	Not defined	STATE	2290.867	2291.267	0.400	C:/lab/Social Memory/31_cage_p1_converted.mp4	34363	34369				
31_cage_p1	2024-10-02 12:09:21.222		Media file	player #1:C:/lab/Social Memory/31_cage_p1_converted.mp4	0.0	1737.400	2340.533	15.000	social_agent	163.932	facial sniffing	Not defined	STATE	2303.333	2303.867	0.534	C:/lab/Social Memory/31_cage_p1_converted.mp4	34550	34558				
31_cage_p1	2024-10-02 12:09:21.222		Media file	player #1:C:/lab/Social Memory/31_cage_p1_converted.mp4	0.0	1737.400	2340.533	15.000	subject	153.739	facial sniffing	Not defined	STATE	2303.600	2304.067	0.467	C:/lab/Social Memory/31_cage_p1_converted.mp4	34554	34561				
31_cage_p1	2024-10-02 12:09:21.222		Media file	player #1:C:/lab/Social Memory/31_cage_p1_converted.mp4	0.0	1737.400	2340.533	15.000	subject	153.739	facial sniffing	Not defined	STATE	2304.733	2305.200	0.467	C:/lab/Social Memory/31_cage_p1_converted.mp4	34571	34578				
31_cage_p1	2024-10-02 12:09:21.222		Media file	player #1:C:/lab/Social Memory/31_cage_p1_converted.mp4	0.0	1737.400	2340.533	15.000	social_agent	163.932	facial sniffing	Not defined	STATE	2305.000	2307.533	2.533	C:/lab/Social Memory/31_cage_p1_converted.mp4	34575	34613				
31_cage_p1	2024-10-02 12:09:21.222		Media file	player #1:C:/lab/Social Memory/31_cage_p1_converted.mp4	0.0	1737.400	2340.533	15.000	social_agent	163.932	facial sniffing	Not defined	STATE	2312.333	2313.067	0.734	C:/lab/Social Memory/31_cage_p1_converted.mp4	34685	34696				
31_cage_p1	2024-10-02 12:09:21.222		Media file	player #1:C:/lab/Social Memory/31_cage_p1_converted.mp4	0.0	1737.400	2340.533	15.000	subject	153.739	facial sniffing	Not defined	STATE	2312.400	2312.800	0.400	C:/lab/Social Memory/31_cage_p1_converted.mp4	34686	34692				
31_cage_p1	2024-10-02 12:09:21.222		Media file	player #1:C:/lab/Social Memory/31_cage_p1_converted.mp4	0.0	1737.400	2340.533	15.000	social_agent	163.932	facial sniffing	Not defined	STATE	2329.067	2329.800	0.733	C:/lab/Social Memory/31_cage_p1_converted.mp4	34936	34947				
31_cage_p1	2024-10-02 12:09:21.222		Media file	player #1:C:/lab/Social Memory/31_cage_p1_converted.mp4	0.0	1737.400	2340.533	15.000	social_agent	163.932	anogenital sniffing	Not defined	STATE	2331.133	2332.667	1.534	C:/lab/Social Memory/31_cage_p1_converted.mp4	34967	34990				
31_cage_p1	2024-10-02 12:09:21.222		Media file	player #1:C:/lab/Social Memory/31_cage_p1_converted.mp4	0.0	1737.400	2340.533	15.000	social_agent	163.932	anogenital sniffing	Not defined	STATE	2338.867	2339.133	0.266	C:/lab/Social Memory/31_cage_p1_converted.mp4	35083	35087				
