Observation id,Observation date,Description,Observation type,Source,Time offset (s),Coding duration,Media duration (s),FPS (frame/s),Subject,Observation duration by subject by observation,Behavior,Behavioral category,Behavior type,Start (s),Stop (s),Duration (s),Media file name,Image index start,Image index stop,Image file path start,Image file path stop,Comment start,Comment stop
31_nov_p1,2024-10-16 12:54:34.747,,Media file,player #1:C:/Users/brayd/Desktop/Padilla-Coreano Lab/Social Memory/31_nov_p1/31_nov_p1_converted.mp4,0.0,942.815,1287.333,27.000,social_agent,82.676,mice back in,Not defined,POINT,336.185,336.185,NA,C:/Users/brayd/Desktop/Padilla-Coreano Lab/Social Memory/31_nov_p1/31_nov_p1_converted.mp4,9077,9077,,,,
31_nov_p1,2024-10-16 12:54:34.747,,Media file,player #1:C:/Users/brayd/Desktop/Padilla-Coreano Lab/Social Memory/31_nov_p1/31_nov_p1_converted.mp4,0.0,942.815,1287.333,27.000,subject,86.966,facial sniffing,Not defined,STATE,348.222,350.370,2.148,C:/Users/brayd/Desktop/Padilla-Coreano Lab/Social Memory/31_nov_p1/31_nov_p1_converted.mp4,9402,9460,,,,
31_nov_p1,2024-10-16 12:54:34.747,,Media file,player #1:C:/Users/brayd/Desktop/Padilla-Coreano Lab/Social Memory/31_nov_p1/31_nov_p1_converted.mp4,0.0,942.815,1287.333,27.000,social_agent,82.676,facial sniffing,Not defined,STATE,354.222,355.259,1.037,C:/Users/brayd/Desktop/Padilla-Coreano Lab/Social Memory/31_nov_p1/31_nov_p1_converted.mp4,9564,9592,,,,
31_nov_p1,2024-10-16 12:54:34.747,,Media file,player #1:C:/Users/brayd/Desktop/Padilla-Coreano Lab/Social Memory/31_nov_p1/31_nov_p1_converted.mp4,0.0,942.815,1287.333,27.000,social_agent,82.676,facial sniffing,Not defined,STATE,371.111,371.593,0.482,C:/Users/brayd/Desktop/Padilla-Coreano Lab/Social Memory/31_nov_p1/31_nov_p1_converted.mp4,10020,10033,,,,
31_nov_p1,2024-10-16 12:54:34.747,,Media file,player #1:C:/Users/brayd/Desktop/Padilla-Coreano Lab/Social Memory/31_nov_p1/31_nov_p1_converted.mp4,0.0,942.815,1287.333,27.000,subject,86.966,anogenital sniffing,Not defined,STATE,377.259,377.667,0.408,C:/Users/brayd/Desktop/Padilla-Coreano Lab/Social Memory/31_nov_p1/31_nov_p1_converted.mp4,10186,10197,,,,
31_nov_p1,2024-10-16 12:54:34.747,,Media file,player #1:C:/Users/brayd/Desktop/Padilla-Coreano Lab/Social Memory/31_nov_p1/31_nov_p1_converted.mp4,0.0,942.815,1287.333,27.000,subject,86.966,anogenital sniffing,Not defined,STATE,378.000,378.889,0.889,C:/Users/brayd/Desktop/Padilla-Coreano Lab/Social Memory/31_nov_p1/31_nov_p1_converted.mp4,10206,10230,,,,
31_nov_p1,2024-10-16 12:54:34.747,,Media file,player #1:C:/Users/brayd/Desktop/Padilla-Coreano Lab/Social Memory/31_nov_p1/31_nov_p1_converted.mp4,0.0,942.815,1287.333,27.000,subject,86.966,facial sniffing,Not defined,STATE,383.185,385.407,2.222,C:/Users/brayd/Desktop/Padilla-Coreano Lab/Social Memory/31_nov_p1/31_nov_p1_converted.mp4,10346,10406,,,,
31_nov_p1,2024-10-16 12:54:34.747,,Media file,player #1:C:/Users/brayd/Desktop/Padilla-Coreano Lab/Social Memory/31_nov_p1/31_nov_p1_converted.mp4,0.0,942.815,1287.333,27.000,subject,86.966,facial sniffing,Not defined,STATE,389.593,390.556,0.963,C:/Users/brayd/Desktop/Padilla-Coreano Lab/Social Memory/31_nov_p1/31_nov_p1_converted.mp4,10519,10545,,,,
31_nov_p1,2024-10-16 12:54:34.747,,Media file,player #1:C:/Users/brayd/Desktop/Padilla-Coreano Lab/Social Memory/31_nov_p1/31_nov_p1_converted.mp4,0.0,942.815,1287.333,27.000,social_agent,82.676,facial sniffing,Not defined,STATE,408.000,408.556,0.556,C:/Users/brayd/Desktop/Padilla-Coreano Lab/Social Memory/31_nov_p1/31_nov_p1_converted.mp4,11016,11031,,,,
31_nov_p1,2024-10-16 12:54:34.747,,Media file,player #1:C:/Users/brayd/Desktop/Padilla-Coreano Lab/Social Memory/31_nov_p1/31_nov_p1_converted.mp4,0.0,942.815,1287.333,27.000,subject,86.966,facial sniffing,Not defined,STATE,410.259,411.593,1.334,C:/Users/brayd/Desktop/Padilla-Coreano Lab/Social Memory/31_nov_p1/31_nov_p1_converted.mp4,11077,11113,,,,
31_nov_p1,2024-10-16 12:54:34.747,,Media file,player #1:C:/Users/brayd/Desktop/Padilla-Coreano Lab/Social Memory/31_nov_p1/31_nov_p1_converted.mp4,0.0,942.815,1287.333,27.000,subject,86.966,anogenital sniffing,Not defined,STATE,414.333,415.074,0.741,C:/Users/brayd/Desktop/Padilla-Coreano Lab/Social Memory/31_nov_p1/31_nov_p1_converted.mp4,11187,11207,,,,
31_nov_p1,2024-10-16 12:54:34.747,,Media file,player #1:C:/Users/brayd/Desktop/Padilla-Coreano Lab/Social Memory/31_nov_p1/31_nov_p1_converted.mp4,0.0,942.815,1287.333,27.000,subject,86.966,facial sniffing,Not defined,STATE,415.185,416.704,1.519,C:/Users/brayd/Desktop/Padilla-Coreano Lab/Social Memory/31_nov_p1/31_nov_p1_converted.mp4,11210,11251,,,,
31_nov_p1,2024-10-16 12:54:34.747,,Media file,player #1:C:/Users/brayd/Desktop/Padilla-Coreano Lab/Social Memory/31_nov_p1/31_nov_p1_converted.mp4,0.0,942.815,1287.333,27.000,social_agent,82.676,facial sniffing,Not defined,STATE,425.222,425.889,0.667,C:/Users/brayd/Desktop/Padilla-Coreano Lab/Social Memory/31_nov_p1/31_nov_p1_converted.mp4,11481,11499,,,,
31_nov_p1,2024-10-16 12:54:34.747,,Media file,player #1:C:/Users/brayd/Desktop/Padilla-Coreano Lab/Social Memory/31_nov_p1/31_nov_p1_converted.mp4,0.0,942.815,1287.333,27.000,social_agent,82.676,facial sniffing,Not defined,STATE,460.444,461.741,1.297,C:/Users/brayd/Desktop/Padilla-Coreano Lab/Social Memory/31_nov_p1/31_nov_p1_converted.mp4,12432,12467,,,,
31_nov_p1,2024-10-16 12:54:34.747,,Media file,player #1:C:/Users/brayd/Desktop/Padilla-Coreano Lab/Social Memory/31_nov_p1/31_nov_p1_converted.mp4,0.0,942.815,1287.333,27.000,social_agent,82.676,facial sniffing,Not defined,STATE,466.519,466.926,0.407,C:/Users/brayd/Desktop/Padilla-Coreano Lab/Social Memory/31_nov_p1/31_nov_p1_converted.mp4,12596,12608,,,,
31_nov_p1,2024-10-16 12:54:34.747,,Media file,player #1:C:/Users/brayd/Desktop/Padilla-Coreano Lab/Social Memory/31_nov_p1/31_nov_p1_converted.mp4,0.0,942.815,1287.333,27.000,subject,86.966,facial sniffing,Not defined,STATE,467.407,469.222,1.815,C:/Users/brayd/Desktop/Padilla-Coreano Lab/Social Memory/31_nov_p1/31_nov_p1_converted.mp4,12620,12669,,,,
31_nov_p1,2024-10-16 12:54:34.747,,Media file,player #1:C:/Users/brayd/Desktop/Padilla-Coreano Lab/Social Memory/31_nov_p1/31_nov_p1_converted.mp4,0.0,942.815,1287.333,27.000,subject,86.966,anogenital sniffing,Not defined,STATE,470.148,470.593,0.445,C:/Users/brayd/Desktop/Padilla-Coreano Lab/Social Memory/31_nov_p1/31_nov_p1_converted.mp4,12694,12706,,,,
31_nov_p1,2024-10-16 12:54:34.747,,Media file,player #1:C:/Users/brayd/Desktop/Padilla-Coreano Lab/Social Memory/31_nov_p1/31_nov_p1_converted.mp4,0.0,942.815,1287.333,27.000,subject,86.966,facial sniffing,Not defined,STATE,471.852,472.370,0.518,C:/Users/brayd/Desktop/Padilla-Coreano Lab/Social Memory/31_nov_p1/31_nov_p1_converted.mp4,12740,12754,,,,
31_nov_p1,2024-10-16 12:54:34.747,,Media file,player #1:C:/Users/brayd/Desktop/Padilla-Coreano Lab/Social Memory/31_nov_p1/31_nov_p1_converted.mp4,0.0,942.815,1287.333,27.000,subject,86.966,facial sniffing,Not defined,STATE,476.259,477.222,0.963,C:/Users/brayd/Desktop/Padilla-Coreano Lab/Social Memory/31_nov_p1/31_nov_p1_converted.mp4,12859,12885,,,,
31_nov_p1,2024-10-16 12:54:34.747,,Media file,player #1:C:/Users/brayd/Desktop/Padilla-Coreano Lab/Social Memory/31_nov_p1/31_nov_p1_converted.mp4,0.0,942.815,1287.333,27.000,social_agent,82.676,facial sniffing,Not defined,STATE,494.333,495.000,0.667,C:/Users/brayd/Desktop/Padilla-Coreano Lab/Social Memory/31_nov_p1/31_nov_p1_converted.mp4,13347,13365,,,,
31_nov_p1,2024-10-16 12:54:34.747,,Media file,player #1:C:/Users/brayd/Desktop/Padilla-Coreano Lab/Social Memory/31_nov_p1/31_nov_p1_converted.mp4,0.0,942.815,1287.333,27.000,social_agent,82.676,mice taken out,Not defined,POINT,500.148,500.148,NA,C:/Users/brayd/Desktop/Padilla-Coreano Lab/Social Memory/31_nov_p1/31_nov_p1_converted.mp4,13504,13504,,,,
31_nov_p1,2024-10-16 12:54:34.747,,Media file,player #1:C:/Users/brayd/Desktop/Padilla-Coreano Lab/Social Memory/31_nov_p1/31_nov_p1_converted.mp4,0.0,942.815,1287.333,27.000,social_agent,82.676,mice back in,Not defined,POINT,534.889,534.889,NA,C:/Users/brayd/Desktop/Padilla-Coreano Lab/Social Memory/31_nov_p1/31_nov_p1_converted.mp4,14442,14442,,,,
31_nov_p1,2024-10-16 12:54:34.747,,Media file,player #1:C:/Users/brayd/Desktop/Padilla-Coreano Lab/Social Memory/31_nov_p1/31_nov_p1_converted.mp4,0.0,942.815,1287.333,27.000,subject,86.966,facial sniffing,Not defined,STATE,544.852,545.815,0.963,C:/Users/brayd/Desktop/Padilla-Coreano Lab/Social Memory/31_nov_p1/31_nov_p1_converted.mp4,14711,14737,,,,
31_nov_p1,2024-10-16 12:54:34.747,,Media file,player #1:C:/Users/brayd/Desktop/Padilla-Coreano Lab/Social Memory/31_nov_p1/31_nov_p1_converted.mp4,0.0,942.815,1287.333,27.000,subject,86.966,facial sniffing,Not defined,STATE,549.370,550.074,0.704,C:/Users/brayd/Desktop/Padilla-Coreano Lab/Social Memory/31_nov_p1/31_nov_p1_converted.mp4,14833,14853,,,,
31_nov_p1,2024-10-16 12:54:34.747,,Media file,player #1:C:/Users/brayd/Desktop/Padilla-Coreano Lab/Social Memory/31_nov_p1/31_nov_p1_converted.mp4,0.0,942.815,1287.333,27.000,subject,86.966,facial sniffing,Not defined,STATE,554.222,556.185,1.963,C:/Users/brayd/Desktop/Padilla-Coreano Lab/Social Memory/31_nov_p1/31_nov_p1_converted.mp4,14964,15017,,,,
31_nov_p1,2024-10-16 12:54:34.747,,Media file,player #1:C:/Users/brayd/Desktop/Padilla-Coreano Lab/Social Memory/31_nov_p1/31_nov_p1_converted.mp4,0.0,942.815,1287.333,27.000,subject,86.966,anogenital sniffing,Not defined,STATE,557.148,557.778,0.630,C:/Users/brayd/Desktop/Padilla-Coreano Lab/Social Memory/31_nov_p1/31_nov_p1_converted.mp4,15043,15060,,,,
31_nov_p1,2024-10-16 12:54:34.747,,Media file,player #1:C:/Users/brayd/Desktop/Padilla-Coreano Lab/Social Memory/31_nov_p1/31_nov_p1_converted.mp4,0.0,942.815,1287.333,27.000,subject,86.966,facial sniffing,Not defined,STATE,569.630,570.111,0.481,C:/Users/brayd/Desktop/Padilla-Coreano Lab/Social Memory/31_nov_p1/31_nov_p1_converted.mp4,15380,15393,,,,
31_nov_p1,2024-10-16 12:54:34.747,,Media file,player #1:C:/Users/brayd/Desktop/Padilla-Coreano Lab/Social Memory/31_nov_p1/31_nov_p1_converted.mp4,0.0,942.815,1287.333,27.000,subject,86.966,facial sniffing,Not defined,STATE,583.185,584.037,0.852,C:/Users/brayd/Desktop/Padilla-Coreano Lab/Social Memory/31_nov_p1/31_nov_p1_converted.mp4,15746,15769,,,,
31_nov_p1,2024-10-16 12:54:34.747,,Media file,player #1:C:/Users/brayd/Desktop/Padilla-Coreano Lab/Social Memory/31_nov_p1/31_nov_p1_converted.mp4,0.0,942.815,1287.333,27.000,social_agent,82.676,anogenital sniffing,Not defined,STATE,589.296,589.593,0.297,C:/Users/brayd/Desktop/Padilla-Coreano Lab/Social Memory/31_nov_p1/31_nov_p1_converted.mp4,15911,15919,,,,
31_nov_p1,2024-10-16 12:54:34.747,,Media file,player #1:C:/Users/brayd/Desktop/Padilla-Coreano Lab/Social Memory/31_nov_p1/31_nov_p1_converted.mp4,0.0,942.815,1287.333,27.000,subject,86.966,facial sniffing,Not defined,STATE,593.111,593.704,0.593,C:/Users/brayd/Desktop/Padilla-Coreano Lab/Social Memory/31_nov_p1/31_nov_p1_converted.mp4,16014,16030,,,,
31_nov_p1,2024-10-16 12:54:34.747,,Media file,player #1:C:/Users/brayd/Desktop/Padilla-Coreano Lab/Social Memory/31_nov_p1/31_nov_p1_converted.mp4,0.0,942.815,1287.333,27.000,subject,86.966,anogenital sniffing,Not defined,STATE,593.815,594.370,0.555,C:/Users/brayd/Desktop/Padilla-Coreano Lab/Social Memory/31_nov_p1/31_nov_p1_converted.mp4,16033,16048,,,,
31_nov_p1,2024-10-16 12:54:34.747,,Media file,player #1:C:/Users/brayd/Desktop/Padilla-Coreano Lab/Social Memory/31_nov_p1/31_nov_p1_converted.mp4,0.0,942.815,1287.333,27.000,subject,86.966,facial sniffing,Not defined,STATE,641.407,641.889,0.482,C:/Users/brayd/Desktop/Padilla-Coreano Lab/Social Memory/31_nov_p1/31_nov_p1_converted.mp4,17318,17331,,,,
31_nov_p1,2024-10-16 12:54:34.747,,Media file,player #1:C:/Users/brayd/Desktop/Padilla-Coreano Lab/Social Memory/31_nov_p1/31_nov_p1_converted.mp4,0.0,942.815,1287.333,27.000,social_agent,82.676,facial sniffing,Not defined,STATE,647.778,648.370,0.592,C:/Users/brayd/Desktop/Padilla-Coreano Lab/Social Memory/31_nov_p1/31_nov_p1_converted.mp4,17490,17506,,,,
31_nov_p1,2024-10-16 12:54:34.747,,Media file,player #1:C:/Users/brayd/Desktop/Padilla-Coreano Lab/Social Memory/31_nov_p1/31_nov_p1_converted.mp4,0.0,942.815,1287.333,27.000,subject,86.966,anogenital sniffing,Not defined,STATE,653.963,654.481,0.518,C:/Users/brayd/Desktop/Padilla-Coreano Lab/Social Memory/31_nov_p1/31_nov_p1_converted.mp4,17657,17671,,,,
31_nov_p1,2024-10-16 12:54:34.747,,Media file,player #1:C:/Users/brayd/Desktop/Padilla-Coreano Lab/Social Memory/31_nov_p1/31_nov_p1_converted.mp4,0.0,942.815,1287.333,27.000,social_agent,82.676,facial sniffing,Not defined,STATE,666.370,667.111,0.741,C:/Users/brayd/Desktop/Padilla-Coreano Lab/Social Memory/31_nov_p1/31_nov_p1_converted.mp4,17992,18012,,,,
31_nov_p1,2024-10-16 12:54:34.747,,Media file,player #1:C:/Users/brayd/Desktop/Padilla-Coreano Lab/Social Memory/31_nov_p1/31_nov_p1_converted.mp4,0.0,942.815,1287.333,27.000,subject,86.966,facial sniffing,Not defined,STATE,671.148,672.111,0.963,C:/Users/brayd/Desktop/Padilla-Coreano Lab/Social Memory/31_nov_p1/31_nov_p1_converted.mp4,18121,18147,,,,
31_nov_p1,2024-10-16 12:54:34.747,,Media file,player #1:C:/Users/brayd/Desktop/Padilla-Coreano Lab/Social Memory/31_nov_p1/31_nov_p1_converted.mp4,0.0,942.815,1287.333,27.000,subject,86.966,facial sniffing,Not defined,STATE,672.556,672.889,0.333,C:/Users/brayd/Desktop/Padilla-Coreano Lab/Social Memory/31_nov_p1/31_nov_p1_converted.mp4,18159,18168,,,,
31_nov_p1,2024-10-16 12:54:34.747,,Media file,player #1:C:/Users/brayd/Desktop/Padilla-Coreano Lab/Social Memory/31_nov_p1/31_nov_p1_converted.mp4,0.0,942.815,1287.333,27.000,subject,86.966,facial sniffing,Not defined,STATE,680.333,681.148,0.815,C:/Users/brayd/Desktop/Padilla-Coreano Lab/Social Memory/31_nov_p1/31_nov_p1_converted.mp4,18369,18391,,,,
31_nov_p1,2024-10-16 12:54:34.747,,Media file,player #1:C:/Users/brayd/Desktop/Padilla-Coreano Lab/Social Memory/31_nov_p1/31_nov_p1_converted.mp4,0.0,942.815,1287.333,27.000,social_agent,82.676,facial sniffing,Not defined,STATE,683.333,684.481,1.148,C:/Users/brayd/Desktop/Padilla-Coreano Lab/Social Memory/31_nov_p1/31_nov_p1_converted.mp4,18450,18481,,,,
31_nov_p1,2024-10-16 12:54:34.747,,Media file,player #1:C:/Users/brayd/Desktop/Padilla-Coreano Lab/Social Memory/31_nov_p1/31_nov_p1_converted.mp4,0.0,942.815,1287.333,27.000,subject,86.966,facial sniffing,Not defined,STATE,686.037,686.556,0.519,C:/Users/brayd/Desktop/Padilla-Coreano Lab/Social Memory/31_nov_p1/31_nov_p1_converted.mp4,18523,18537,,,,
31_nov_p1,2024-10-16 12:54:34.747,,Media file,player #1:C:/Users/brayd/Desktop/Padilla-Coreano Lab/Social Memory/31_nov_p1/31_nov_p1_converted.mp4,0.0,942.815,1287.333,27.000,social_agent,82.676,mice taken out,Not defined,POINT,700.630,700.630,NA,C:/Users/brayd/Desktop/Padilla-Coreano Lab/Social Memory/31_nov_p1/31_nov_p1_converted.mp4,18917,18917,,,,
31_nov_p1,2024-10-16 12:54:34.747,,Media file,player #1:C:/Users/brayd/Desktop/Padilla-Coreano Lab/Social Memory/31_nov_p1/31_nov_p1_converted.mp4,0.0,942.815,1287.333,27.000,social_agent,82.676,mice back in,Not defined,POINT,735.370,735.370,NA,C:/Users/brayd/Desktop/Padilla-Coreano Lab/Social Memory/31_nov_p1/31_nov_p1_converted.mp4,19855,19855,,,,
31_nov_p1,2024-10-16 12:54:34.747,,Media file,player #1:C:/Users/brayd/Desktop/Padilla-Coreano Lab/Social Memory/31_nov_p1/31_nov_p1_converted.mp4,0.0,942.815,1287.333,27.000,subject,86.966,facial sniffing,Not defined,STATE,740.815,742.667,1.852,C:/Users/brayd/Desktop/Padilla-Coreano Lab/Social Memory/31_nov_p1/31_nov_p1_converted.mp4,20002,20052,,,,
31_nov_p1,2024-10-16 12:54:34.747,,Media file,player #1:C:/Users/brayd/Desktop/Padilla-Coreano Lab/Social Memory/31_nov_p1/31_nov_p1_converted.mp4,0.0,942.815,1287.333,27.000,social_agent,82.676,facial sniffing,Not defined,STATE,752.148,753.074,0.926,C:/Users/brayd/Desktop/Padilla-Coreano Lab/Social Memory/31_nov_p1/31_nov_p1_converted.mp4,20308,20333,,,,
31_nov_p1,2024-10-16 12:54:34.747,,Media file,player #1:C:/Users/brayd/Desktop/Padilla-Coreano Lab/Social Memory/31_nov_p1/31_nov_p1_converted.mp4,0.0,942.815,1287.333,27.000,social_agent,82.676,anogenital sniffing,Not defined,STATE,753.407,753.704,0.297,C:/Users/brayd/Desktop/Padilla-Coreano Lab/Social Memory/31_nov_p1/31_nov_p1_converted.mp4,20342,20350,,,,
31_nov_p1,2024-10-16 12:54:34.747,,Media file,player #1:C:/Users/brayd/Desktop/Padilla-Coreano Lab/Social Memory/31_nov_p1/31_nov_p1_converted.mp4,0.0,942.815,1287.333,27.000,social_agent,82.676,anogenital sniffing,Not defined,STATE,755.333,757.889,2.556,C:/Users/brayd/Desktop/Padilla-Coreano Lab/Social Memory/31_nov_p1/31_nov_p1_converted.mp4,20394,20463,,,,
31_nov_p1,2024-10-16 12:54:34.747,,Media file,player #1:C:/Users/brayd/Desktop/Padilla-Coreano Lab/Social Memory/31_nov_p1/31_nov_p1_converted.mp4,0.0,942.815,1287.333,27.000,subject,86.966,facial sniffing,Not defined,STATE,771.926,772.741,0.815,C:/Users/brayd/Desktop/Padilla-Coreano Lab/Social Memory/31_nov_p1/31_nov_p1_converted.mp4,20842,20864,,,,
31_nov_p1,2024-10-16 12:54:34.747,,Media file,player #1:C:/Users/brayd/Desktop/Padilla-Coreano Lab/Social Memory/31_nov_p1/31_nov_p1_converted.mp4,0.0,942.815,1287.333,27.000,social_agent,82.676,facial sniffing,Not defined,STATE,775.333,776.259,0.926,C:/Users/brayd/Desktop/Padilla-Coreano Lab/Social Memory/31_nov_p1/31_nov_p1_converted.mp4,20934,20959,,,,
31_nov_p1,2024-10-16 12:54:34.747,,Media file,player #1:C:/Users/brayd/Desktop/Padilla-Coreano Lab/Social Memory/31_nov_p1/31_nov_p1_converted.mp4,0.0,942.815,1287.333,27.000,social_agent,82.676,anogenital sniffing,Not defined,STATE,776.481,779.259,2.778,C:/Users/brayd/Desktop/Padilla-Coreano Lab/Social Memory/31_nov_p1/31_nov_p1_converted.mp4,20965,21040,,,,
31_nov_p1,2024-10-16 12:54:34.747,,Media file,player #1:C:/Users/brayd/Desktop/Padilla-Coreano Lab/Social Memory/31_nov_p1/31_nov_p1_converted.mp4,0.0,942.815,1287.333,27.000,subject,86.966,facial sniffing,Not defined,STATE,779.593,782.148,2.555,C:/Users/brayd/Desktop/Padilla-Coreano Lab/Social Memory/31_nov_p1/31_nov_p1_converted.mp4,21049,21118,,,,
31_nov_p1,2024-10-16 12:54:34.747,,Media file,player #1:C:/Users/brayd/Desktop/Padilla-Coreano Lab/Social Memory/31_nov_p1/31_nov_p1_converted.mp4,0.0,942.815,1287.333,27.000,social_agent,82.676,facial sniffing,Not defined,STATE,782.852,787.185,4.333,C:/Users/brayd/Desktop/Padilla-Coreano Lab/Social Memory/31_nov_p1/31_nov_p1_converted.mp4,21137,21254,,,,
31_nov_p1,2024-10-16 12:54:34.747,,Media file,player #1:C:/Users/brayd/Desktop/Padilla-Coreano Lab/Social Memory/31_nov_p1/31_nov_p1_converted.mp4,0.0,942.815,1287.333,27.000,social_agent,82.676,facial sniffing,Not defined,STATE,787.852,789.593,1.741,C:/Users/brayd/Desktop/Padilla-Coreano Lab/Social Memory/31_nov_p1/31_nov_p1_converted.mp4,21272,21319,,,,
31_nov_p1,2024-10-16 12:54:34.747,,Media file,player #1:C:/Users/brayd/Desktop/Padilla-Coreano Lab/Social Memory/31_nov_p1/31_nov_p1_converted.mp4,0.0,942.815,1287.333,27.000,social_agent,82.676,anogenital sniffing,Not defined,STATE,789.815,790.852,1.037,C:/Users/brayd/Desktop/Padilla-Coreano Lab/Social Memory/31_nov_p1/31_nov_p1_converted.mp4,21325,21353,,,,
31_nov_p1,2024-10-16 12:54:34.747,,Media file,player #1:C:/Users/brayd/Desktop/Padilla-Coreano Lab/Social Memory/31_nov_p1/31_nov_p1_converted.mp4,0.0,942.815,1287.333,27.000,social_agent,82.676,anogenital sniffing,Not defined,STATE,796.593,797.000,0.407,C:/Users/brayd/Desktop/Padilla-Coreano Lab/Social Memory/31_nov_p1/31_nov_p1_converted.mp4,21508,21519,,,,
31_nov_p1,2024-10-16 12:54:34.747,,Media file,player #1:C:/Users/brayd/Desktop/Padilla-Coreano Lab/Social Memory/31_nov_p1/31_nov_p1_converted.mp4,0.0,942.815,1287.333,27.000,social_agent,82.676,facial sniffing,Not defined,STATE,797.000,800.407,3.407,C:/Users/brayd/Desktop/Padilla-Coreano Lab/Social Memory/31_nov_p1/31_nov_p1_converted.mp4,21519,21611,,,,
31_nov_p1,2024-10-16 12:54:34.747,,Media file,player #1:C:/Users/brayd/Desktop/Padilla-Coreano Lab/Social Memory/31_nov_p1/31_nov_p1_converted.mp4,0.0,942.815,1287.333,27.000,social_agent,82.676,facial sniffing,Not defined,STATE,810.333,813.111,2.778,C:/Users/brayd/Desktop/Padilla-Coreano Lab/Social Memory/31_nov_p1/31_nov_p1_converted.mp4,21879,21954,,,,
31_nov_p1,2024-10-16 12:54:34.747,,Media file,player #1:C:/Users/brayd/Desktop/Padilla-Coreano Lab/Social Memory/31_nov_p1/31_nov_p1_converted.mp4,0.0,942.815,1287.333,27.000,social_agent,82.676,facial sniffing,Not defined,STATE,813.889,817.778,3.889,C:/Users/brayd/Desktop/Padilla-Coreano Lab/Social Memory/31_nov_p1/31_nov_p1_converted.mp4,21975,22080,,,,
31_nov_p1,2024-10-16 12:54:34.747,,Media file,player #1:C:/Users/brayd/Desktop/Padilla-Coreano Lab/Social Memory/31_nov_p1/31_nov_p1_converted.mp4,0.0,942.815,1287.333,27.000,social_agent,82.676,facial sniffing,Not defined,STATE,818.630,820.148,1.518,C:/Users/brayd/Desktop/Padilla-Coreano Lab/Social Memory/31_nov_p1/31_nov_p1_converted.mp4,22103,22144,,,,
31_nov_p1,2024-10-16 12:54:34.747,,Media file,player #1:C:/Users/brayd/Desktop/Padilla-Coreano Lab/Social Memory/31_nov_p1/31_nov_p1_converted.mp4,0.0,942.815,1287.333,27.000,subject,86.966,facial sniffing,Not defined,STATE,821.148,821.593,0.445,C:/Users/brayd/Desktop/Padilla-Coreano Lab/Social Memory/31_nov_p1/31_nov_p1_converted.mp4,22171,22183,,,,
31_nov_p1,2024-10-16 12:54:34.747,,Media file,player #1:C:/Users/brayd/Desktop/Padilla-Coreano Lab/Social Memory/31_nov_p1/31_nov_p1_converted.mp4,0.0,942.815,1287.333,27.000,subject,86.966,facial sniffing,Not defined,STATE,823.778,825.296,1.518,C:/Users/brayd/Desktop/Padilla-Coreano Lab/Social Memory/31_nov_p1/31_nov_p1_converted.mp4,22242,22283,,,,
31_nov_p1,2024-10-16 12:54:34.747,,Media file,player #1:C:/Users/brayd/Desktop/Padilla-Coreano Lab/Social Memory/31_nov_p1/31_nov_p1_converted.mp4,0.0,942.815,1287.333,27.000,subject,86.966,facial sniffing,Not defined,STATE,873.370,874.296,0.926,C:/Users/brayd/Desktop/Padilla-Coreano Lab/Social Memory/31_nov_p1/31_nov_p1_converted.mp4,23581,23606,,,,
31_nov_p1,2024-10-16 12:54:34.747,,Media file,player #1:C:/Users/brayd/Desktop/Padilla-Coreano Lab/Social Memory/31_nov_p1/31_nov_p1_converted.mp4,0.0,942.815,1287.333,27.000,social_agent,82.676,facial sniffing,Not defined,STATE,877.333,878.778,1.445,C:/Users/brayd/Desktop/Padilla-Coreano Lab/Social Memory/31_nov_p1/31_nov_p1_converted.mp4,23688,23727,,,,
31_nov_p1,2024-10-16 12:54:34.747,,Media file,player #1:C:/Users/brayd/Desktop/Padilla-Coreano Lab/Social Memory/31_nov_p1/31_nov_p1_converted.mp4,0.0,942.815,1287.333,27.000,social_agent,82.676,facial sniffing,Not defined,STATE,880.407,882.852,2.445,C:/Users/brayd/Desktop/Padilla-Coreano Lab/Social Memory/31_nov_p1/31_nov_p1_converted.mp4,23771,23837,,,,
31_nov_p1,2024-10-16 12:54:34.747,,Media file,player #1:C:/Users/brayd/Desktop/Padilla-Coreano Lab/Social Memory/31_nov_p1/31_nov_p1_converted.mp4,0.0,942.815,1287.333,27.000,social_agent,82.676,anogenital sniffing,Not defined,STATE,883.185,883.926,0.741,C:/Users/brayd/Desktop/Padilla-Coreano Lab/Social Memory/31_nov_p1/31_nov_p1_converted.mp4,23846,23866,,,,
31_nov_p1,2024-10-16 12:54:34.747,,Media file,player #1:C:/Users/brayd/Desktop/Padilla-Coreano Lab/Social Memory/31_nov_p1/31_nov_p1_converted.mp4,0.0,942.815,1287.333,27.000,subject,86.966,facial sniffing,Not defined,STATE,889.667,890.074,0.407,C:/Users/brayd/Desktop/Padilla-Coreano Lab/Social Memory/31_nov_p1/31_nov_p1_converted.mp4,24021,24032,,,,
31_nov_p1,2024-10-16 12:54:34.747,,Media file,player #1:C:/Users/brayd/Desktop/Padilla-Coreano Lab/Social Memory/31_nov_p1/31_nov_p1_converted.mp4,0.0,942.815,1287.333,27.000,social_agent,82.676,anogenital sniffing,Not defined,STATE,890.185,891.593,1.408,C:/Users/brayd/Desktop/Padilla-Coreano Lab/Social Memory/31_nov_p1/31_nov_p1_converted.mp4,24035,24073,,,,
31_nov_p1,2024-10-16 12:54:34.747,,Media file,player #1:C:/Users/brayd/Desktop/Padilla-Coreano Lab/Social Memory/31_nov_p1/31_nov_p1_converted.mp4,0.0,942.815,1287.333,27.000,social_agent,82.676,facial sniffing,Not defined,STATE,899.852,900.519,0.667,C:/Users/brayd/Desktop/Padilla-Coreano Lab/Social Memory/31_nov_p1/31_nov_p1_converted.mp4,24296,24314,,,,
31_nov_p1,2024-10-16 12:54:34.747,,Media file,player #1:C:/Users/brayd/Desktop/Padilla-Coreano Lab/Social Memory/31_nov_p1/31_nov_p1_converted.mp4,0.0,942.815,1287.333,27.000,social_agent,82.676,mice taken out,Not defined,POINT,900.519,900.519,NA,C:/Users/brayd/Desktop/Padilla-Coreano Lab/Social Memory/31_nov_p1/31_nov_p1_converted.mp4,24314,24314,,,,
31_nov_p1,2024-10-16 12:54:34.747,,Media file,player #1:C:/Users/brayd/Desktop/Padilla-Coreano Lab/Social Memory/31_nov_p1/31_nov_p1_converted.mp4,0.0,942.815,1287.333,27.000,social_agent,82.676,mice back in,Not defined,POINT,934.852,934.852,NA,C:/Users/brayd/Desktop/Padilla-Coreano Lab/Social Memory/31_nov_p1/31_nov_p1_converted.mp4,25241,25241,,,,
31_nov_p1,2024-10-16 12:54:34.747,,Media file,player #1:C:/Users/brayd/Desktop/Padilla-Coreano Lab/Social Memory/31_nov_p1/31_nov_p1_converted.mp4,0.0,942.815,1287.333,27.000,subject,86.966,anogenital sniffing,Not defined,STATE,941.444,942.778,1.334,C:/Users/brayd/Desktop/Padilla-Coreano Lab/Social Memory/31_nov_p1/31_nov_p1_converted.mp4,25419,25455,,,,
31_nov_p1,2024-10-16 12:54:34.747,,Media file,player #1:C:/Users/brayd/Desktop/Padilla-Coreano Lab/Social Memory/31_nov_p1/31_nov_p1_converted.mp4,0.0,942.815,1287.333,27.000,social_agent,82.676,facial sniffing,Not defined,STATE,943.148,944.333,1.185,C:/Users/brayd/Desktop/Padilla-Coreano Lab/Social Memory/31_nov_p1/31_nov_p1_converted.mp4,25465,25497,,,,
31_nov_p1,2024-10-16 12:54:34.747,,Media file,player #1:C:/Users/brayd/Desktop/Padilla-Coreano Lab/Social Memory/31_nov_p1/31_nov_p1_converted.mp4,0.0,942.815,1287.333,27.000,social_agent,82.676,facial sniffing,Not defined,STATE,944.481,958.259,13.778,C:/Users/brayd/Desktop/Padilla-Coreano Lab/Social Memory/31_nov_p1/31_nov_p1_converted.mp4,25501,25873,,,,
31_nov_p1,2024-10-16 12:54:34.747,,Media file,player #1:C:/Users/brayd/Desktop/Padilla-Coreano Lab/Social Memory/31_nov_p1/31_nov_p1_converted.mp4,0.0,942.815,1287.333,27.000,subject,86.966,facial sniffing,Not defined,STATE,965.519,966.778,1.259,C:/Users/brayd/Desktop/Padilla-Coreano Lab/Social Memory/31_nov_p1/31_nov_p1_converted.mp4,26069,26103,,,,
31_nov_p1,2024-10-16 12:54:34.747,,Media file,player #1:C:/Users/brayd/Desktop/Padilla-Coreano Lab/Social Memory/31_nov_p1/31_nov_p1_converted.mp4,0.0,942.815,1287.333,27.000,social_agent,82.676,facial sniffing,Not defined,STATE,970.889,971.667,0.778,C:/Users/brayd/Desktop/Padilla-Coreano Lab/Social Memory/31_nov_p1/31_nov_p1_converted.mp4,26214,26235,,,,
31_nov_p1,2024-10-16 12:54:34.747,,Media file,player #1:C:/Users/brayd/Desktop/Padilla-Coreano Lab/Social Memory/31_nov_p1/31_nov_p1_converted.mp4,0.0,942.815,1287.333,27.000,social_agent,82.676,facial sniffing,Not defined,STATE,972.185,973.407,1.222,C:/Users/brayd/Desktop/Padilla-Coreano Lab/Social Memory/31_nov_p1/31_nov_p1_converted.mp4,26249,26282,,,,
31_nov_p1,2024-10-16 12:54:34.747,,Media file,player #1:C:/Users/brayd/Desktop/Padilla-Coreano Lab/Social Memory/31_nov_p1/31_nov_p1_converted.mp4,0.0,942.815,1287.333,27.000,subject,86.966,facial sniffing,Not defined,STATE,979.074,981.889,2.815,C:/Users/brayd/Desktop/Padilla-Coreano Lab/Social Memory/31_nov_p1/31_nov_p1_converted.mp4,26435,26511,,,,
31_nov_p1,2024-10-16 12:54:34.747,,Media file,player #1:C:/Users/brayd/Desktop/Padilla-Coreano Lab/Social Memory/31_nov_p1/31_nov_p1_converted.mp4,0.0,942.815,1287.333,27.000,subject,86.966,facial sniffing,Not defined,STATE,987.815,988.630,0.815,C:/Users/brayd/Desktop/Padilla-Coreano Lab/Social Memory/31_nov_p1/31_nov_p1_converted.mp4,26671,26693,,,,
31_nov_p1,2024-10-16 12:54:34.747,,Media file,player #1:C:/Users/brayd/Desktop/Padilla-Coreano Lab/Social Memory/31_nov_p1/31_nov_p1_converted.mp4,0.0,942.815,1287.333,27.000,subject,86.966,anogenital sniffing,Not defined,STATE,989.741,990.185,0.444,C:/Users/brayd/Desktop/Padilla-Coreano Lab/Social Memory/31_nov_p1/31_nov_p1_converted.mp4,26723,26735,,,,
31_nov_p1,2024-10-16 12:54:34.747,,Media file,player #1:C:/Users/brayd/Desktop/Padilla-Coreano Lab/Social Memory/31_nov_p1/31_nov_p1_converted.mp4,0.0,942.815,1287.333,27.000,social_agent,82.676,facial sniffing,Not defined,STATE,991.407,992.926,1.519,C:/Users/brayd/Desktop/Padilla-Coreano Lab/Social Memory/31_nov_p1/31_nov_p1_converted.mp4,26768,26809,,,,
31_nov_p1,2024-10-16 12:54:34.747,,Media file,player #1:C:/Users/brayd/Desktop/Padilla-Coreano Lab/Social Memory/31_nov_p1/31_nov_p1_converted.mp4,0.0,942.815,1287.333,27.000,social_agent,82.676,facial sniffing,Not defined,STATE,998.111,999.185,1.074,C:/Users/brayd/Desktop/Padilla-Coreano Lab/Social Memory/31_nov_p1/31_nov_p1_converted.mp4,26949,26978,,,,
31_nov_p1,2024-10-16 12:54:34.747,,Media file,player #1:C:/Users/brayd/Desktop/Padilla-Coreano Lab/Social Memory/31_nov_p1/31_nov_p1_converted.mp4,0.0,942.815,1287.333,27.000,social_agent,82.676,facial sniffing,Not defined,STATE,1021.222,1021.852,0.630,C:/Users/brayd/Desktop/Padilla-Coreano Lab/Social Memory/31_nov_p1/31_nov_p1_converted.mp4,27573,27590,,,,
31_nov_p1,2024-10-16 12:54:34.747,,Media file,player #1:C:/Users/brayd/Desktop/Padilla-Coreano Lab/Social Memory/31_nov_p1/31_nov_p1_converted.mp4,0.0,942.815,1287.333,27.000,social_agent,82.676,facial sniffing,Not defined,STATE,1027.481,1028.778,1.297,C:/Users/brayd/Desktop/Padilla-Coreano Lab/Social Memory/31_nov_p1/31_nov_p1_converted.mp4,27742,27777,,,,
31_nov_p1,2024-10-16 12:54:34.747,,Media file,player #1:C:/Users/brayd/Desktop/Padilla-Coreano Lab/Social Memory/31_nov_p1/31_nov_p1_converted.mp4,0.0,942.815,1287.333,27.000,social_agent,82.676,anogenital sniffing,Not defined,STATE,1031.111,1031.926,0.815,C:/Users/brayd/Desktop/Padilla-Coreano Lab/Social Memory/31_nov_p1/31_nov_p1_converted.mp4,27840,27862,,,,
31_nov_p1,2024-10-16 12:54:34.747,,Media file,player #1:C:/Users/brayd/Desktop/Padilla-Coreano Lab/Social Memory/31_nov_p1/31_nov_p1_converted.mp4,0.0,942.815,1287.333,27.000,social_agent,82.676,facial sniffing,Not defined,STATE,1041.444,1044.074,2.630,C:/Users/brayd/Desktop/Padilla-Coreano Lab/Social Memory/31_nov_p1/31_nov_p1_converted.mp4,28119,28190,,,,
31_nov_p1,2024-10-16 12:54:34.747,,Media file,player #1:C:/Users/brayd/Desktop/Padilla-Coreano Lab/Social Memory/31_nov_p1/31_nov_p1_converted.mp4,0.0,942.815,1287.333,27.000,social_agent,82.676,facial sniffing,Not defined,STATE,1045.000,1046.370,1.370,C:/Users/brayd/Desktop/Padilla-Coreano Lab/Social Memory/31_nov_p1/31_nov_p1_converted.mp4,28215,28252,,,,
31_nov_p1,2024-10-16 12:54:34.747,,Media file,player #1:C:/Users/brayd/Desktop/Padilla-Coreano Lab/Social Memory/31_nov_p1/31_nov_p1_converted.mp4,0.0,942.815,1287.333,27.000,social_agent,82.676,facial sniffing,Not defined,STATE,1048.333,1050.148,1.815,C:/Users/brayd/Desktop/Padilla-Coreano Lab/Social Memory/31_nov_p1/31_nov_p1_converted.mp4,28305,28354,,,,
31_nov_p1,2024-10-16 12:54:34.747,,Media file,player #1:C:/Users/brayd/Desktop/Padilla-Coreano Lab/Social Memory/31_nov_p1/31_nov_p1_converted.mp4,0.0,942.815,1287.333,27.000,social_agent,82.676,anogenital sniffing,Not defined,STATE,1050.556,1053.815,3.259,C:/Users/brayd/Desktop/Padilla-Coreano Lab/Social Memory/31_nov_p1/31_nov_p1_converted.mp4,28365,28453,,,,
31_nov_p1,2024-10-16 12:54:34.747,,Media file,player #1:C:/Users/brayd/Desktop/Padilla-Coreano Lab/Social Memory/31_nov_p1/31_nov_p1_converted.mp4,0.0,942.815,1287.333,27.000,social_agent,82.676,anogenital sniffing,Not defined,STATE,1054.333,1055.926,1.593,C:/Users/brayd/Desktop/Padilla-Coreano Lab/Social Memory/31_nov_p1/31_nov_p1_converted.mp4,28468,28510,,,,
31_nov_p1,2024-10-16 12:54:34.747,,Media file,player #1:C:/Users/brayd/Desktop/Padilla-Coreano Lab/Social Memory/31_nov_p1/31_nov_p1_converted.mp4,0.0,942.815,1287.333,27.000,subject,86.966,anogenital sniffing,Not defined,STATE,1059.259,1059.741,0.482,C:/Users/brayd/Desktop/Padilla-Coreano Lab/Social Memory/31_nov_p1/31_nov_p1_converted.mp4,28600,28613,,,,
31_nov_p1,2024-10-16 12:54:34.747,,Media file,player #1:C:/Users/brayd/Desktop/Padilla-Coreano Lab/Social Memory/31_nov_p1/31_nov_p1_converted.mp4,0.0,942.815,1287.333,27.000,subject,86.966,facial sniffing,Not defined,STATE,1080.741,1081.444,0.703,C:/Users/brayd/Desktop/Padilla-Coreano Lab/Social Memory/31_nov_p1/31_nov_p1_converted.mp4,29180,29199,,,,
31_nov_p1,2024-10-16 12:54:34.747,,Media file,player #1:C:/Users/brayd/Desktop/Padilla-Coreano Lab/Social Memory/31_nov_p1/31_nov_p1_converted.mp4,0.0,942.815,1287.333,27.000,subject,86.966,facial sniffing,Not defined,STATE,1082.296,1084.037,1.741,C:/Users/brayd/Desktop/Padilla-Coreano Lab/Social Memory/31_nov_p1/31_nov_p1_converted.mp4,29222,29269,,,,
31_nov_p1,2024-10-16 12:54:34.747,,Media file,player #1:C:/Users/brayd/Desktop/Padilla-Coreano Lab/Social Memory/31_nov_p1/31_nov_p1_converted.mp4,0.0,942.815,1287.333,27.000,social_agent,82.676,facial sniffing,Not defined,STATE,1085.370,1086.556,1.186,C:/Users/brayd/Desktop/Padilla-Coreano Lab/Social Memory/31_nov_p1/31_nov_p1_converted.mp4,29305,29337,,,,
31_nov_p1,2024-10-16 12:54:34.747,,Media file,player #1:C:/Users/brayd/Desktop/Padilla-Coreano Lab/Social Memory/31_nov_p1/31_nov_p1_converted.mp4,0.0,942.815,1287.333,27.000,social_agent,82.676,facial sniffing,Not defined,STATE,1087.444,1088.519,1.075,C:/Users/brayd/Desktop/Padilla-Coreano Lab/Social Memory/31_nov_p1/31_nov_p1_converted.mp4,29361,29390,,,,
31_nov_p1,2024-10-16 12:54:34.747,,Media file,player #1:C:/Users/brayd/Desktop/Padilla-Coreano Lab/Social Memory/31_nov_p1/31_nov_p1_converted.mp4,0.0,942.815,1287.333,27.000,social_agent,82.676,mice taken out,Not defined,POINT,1100.889,1100.889,NA,C:/Users/brayd/Desktop/Padilla-Coreano Lab/Social Memory/31_nov_p1/31_nov_p1_converted.mp4,29724,29724,,,,
31_nov_p1,2024-10-16 12:54:34.747,,Media file,player #1:C:/Users/brayd/Desktop/Padilla-Coreano Lab/Social Memory/31_nov_p1/31_nov_p1_converted.mp4,0.0,942.815,1287.333,27.000,social_agent,82.676,mice back in,Not defined,POINT,1120.111,1120.111,NA,C:/Users/brayd/Desktop/Padilla-Coreano Lab/Social Memory/31_nov_p1/31_nov_p1_converted.mp4,30243,30243,,,,
31_nov_p1,2024-10-16 12:54:34.747,,Media file,player #1:C:/Users/brayd/Desktop/Padilla-Coreano Lab/Social Memory/31_nov_p1/31_nov_p1_converted.mp4,0.0,942.815,1287.333,27.000,subject,86.966,anogenital sniffing,Not defined,STATE,1121.037,1124.889,3.852,C:/Users/brayd/Desktop/Padilla-Coreano Lab/Social Memory/31_nov_p1/31_nov_p1_converted.mp4,30268,30372,,,,
31_nov_p1,2024-10-16 12:54:34.747,,Media file,player #1:C:/Users/brayd/Desktop/Padilla-Coreano Lab/Social Memory/31_nov_p1/31_nov_p1_converted.mp4,0.0,942.815,1287.333,27.000,subject,86.966,facial sniffing,Not defined,STATE,1126.889,1128.296,1.407,C:/Users/brayd/Desktop/Padilla-Coreano Lab/Social Memory/31_nov_p1/31_nov_p1_converted.mp4,30426,30464,,,,
31_nov_p1,2024-10-16 12:54:34.747,,Media file,player #1:C:/Users/brayd/Desktop/Padilla-Coreano Lab/Social Memory/31_nov_p1/31_nov_p1_converted.mp4,0.0,942.815,1287.333,27.000,subject,86.966,anogenital sniffing,Not defined,STATE,1128.704,1130.741,2.037,C:/Users/brayd/Desktop/Padilla-Coreano Lab/Social Memory/31_nov_p1/31_nov_p1_converted.mp4,30475,30530,,,,
31_nov_p1,2024-10-16 12:54:34.747,,Media file,player #1:C:/Users/brayd/Desktop/Padilla-Coreano Lab/Social Memory/31_nov_p1/31_nov_p1_converted.mp4,0.0,942.815,1287.333,27.000,subject,86.966,anogenital sniffing,Not defined,STATE,1131.778,1134.222,2.444,C:/Users/brayd/Desktop/Padilla-Coreano Lab/Social Memory/31_nov_p1/31_nov_p1_converted.mp4,30558,30624,,,,
31_nov_p1,2024-10-16 12:54:34.747,,Media file,player #1:C:/Users/brayd/Desktop/Padilla-Coreano Lab/Social Memory/31_nov_p1/31_nov_p1_converted.mp4,0.0,942.815,1287.333,27.000,subject,86.966,anogenital sniffing,Not defined,STATE,1135.148,1136.111,0.963,C:/Users/brayd/Desktop/Padilla-Coreano Lab/Social Memory/31_nov_p1/31_nov_p1_converted.mp4,30649,30675,,,,
31_nov_p1,2024-10-16 12:54:34.747,,Media file,player #1:C:/Users/brayd/Desktop/Padilla-Coreano Lab/Social Memory/31_nov_p1/31_nov_p1_converted.mp4,0.0,942.815,1287.333,27.000,social_agent,82.676,facial sniffing,Not defined,STATE,1139.963,1140.519,0.556,C:/Users/brayd/Desktop/Padilla-Coreano Lab/Social Memory/31_nov_p1/31_nov_p1_converted.mp4,30779,30794,,,,
31_nov_p1,2024-10-16 12:54:34.747,,Media file,player #1:C:/Users/brayd/Desktop/Padilla-Coreano Lab/Social Memory/31_nov_p1/31_nov_p1_converted.mp4,0.0,942.815,1287.333,27.000,subject,86.966,anogenital sniffing,Not defined,STATE,1140.741,1142.222,1.481,C:/Users/brayd/Desktop/Padilla-Coreano Lab/Social Memory/31_nov_p1/31_nov_p1_converted.mp4,30800,30840,,,,
31_nov_p1,2024-10-16 12:54:34.747,,Media file,player #1:C:/Users/brayd/Desktop/Padilla-Coreano Lab/Social Memory/31_nov_p1/31_nov_p1_converted.mp4,0.0,942.815,1287.333,27.000,subject,86.966,anogenital sniffing,Not defined,STATE,1143.222,1143.259,0.037,C:/Users/brayd/Desktop/Padilla-Coreano Lab/Social Memory/31_nov_p1/31_nov_p1_converted.mp4,30867,30868,,,,
31_nov_p1,2024-10-16 12:54:34.747,,Media file,player #1:C:/Users/brayd/Desktop/Padilla-Coreano Lab/Social Memory/31_nov_p1/31_nov_p1_converted.mp4,0.0,942.815,1287.333,27.000,subject,86.966,facial sniffing,Not defined,STATE,1143.333,1144.926,1.593,C:/Users/brayd/Desktop/Padilla-Coreano Lab/Social Memory/31_nov_p1/31_nov_p1_converted.mp4,30870,30913,,,,
31_nov_p1,2024-10-16 12:54:34.747,,Media file,player #1:C:/Users/brayd/Desktop/Padilla-Coreano Lab/Social Memory/31_nov_p1/31_nov_p1_converted.mp4,0.0,942.815,1287.333,27.000,social_agent,82.676,facial sniffing,Not defined,STATE,1145.667,1146.407,0.740,C:/Users/brayd/Desktop/Padilla-Coreano Lab/Social Memory/31_nov_p1/31_nov_p1_converted.mp4,30933,30953,,,,
31_nov_p1,2024-10-16 12:54:34.747,,Media file,player #1:C:/Users/brayd/Desktop/Padilla-Coreano Lab/Social Memory/31_nov_p1/31_nov_p1_converted.mp4,0.0,942.815,1287.333,27.000,subject,86.966,facial sniffing,Not defined,STATE,1146.704,1147.556,0.852,C:/Users/brayd/Desktop/Padilla-Coreano Lab/Social Memory/31_nov_p1/31_nov_p1_converted.mp4,30961,30984,,,,
31_nov_p1,2024-10-16 12:54:34.747,,Media file,player #1:C:/Users/brayd/Desktop/Padilla-Coreano Lab/Social Memory/31_nov_p1/31_nov_p1_converted.mp4,0.0,942.815,1287.333,27.000,subject,86.966,facial sniffing,Not defined,STATE,1148.481,1150.556,2.075,C:/Users/brayd/Desktop/Padilla-Coreano Lab/Social Memory/31_nov_p1/31_nov_p1_converted.mp4,31009,31065,,,,
31_nov_p1,2024-10-16 12:54:34.747,,Media file,player #1:C:/Users/brayd/Desktop/Padilla-Coreano Lab/Social Memory/31_nov_p1/31_nov_p1_converted.mp4,0.0,942.815,1287.333,27.000,subject,86.966,facial sniffing,Not defined,STATE,1151.963,1153.519,1.556,C:/Users/brayd/Desktop/Padilla-Coreano Lab/Social Memory/31_nov_p1/31_nov_p1_converted.mp4,31103,31145,,,,
31_nov_p1,2024-10-16 12:54:34.747,,Media file,player #1:C:/Users/brayd/Desktop/Padilla-Coreano Lab/Social Memory/31_nov_p1/31_nov_p1_converted.mp4,0.0,942.815,1287.333,27.000,social_agent,82.676,facial sniffing,Not defined,STATE,1154.222,1155.185,0.963,C:/Users/brayd/Desktop/Padilla-Coreano Lab/Social Memory/31_nov_p1/31_nov_p1_converted.mp4,31164,31190,,,,
31_nov_p1,2024-10-16 12:54:34.747,,Media file,player #1:C:/Users/brayd/Desktop/Padilla-Coreano Lab/Social Memory/31_nov_p1/31_nov_p1_converted.mp4,0.0,942.815,1287.333,27.000,subject,86.966,anogenital sniffing,Not defined,STATE,1183.630,1184.259,0.629,C:/Users/brayd/Desktop/Padilla-Coreano Lab/Social Memory/31_nov_p1/31_nov_p1_converted.mp4,31958,31975,,,,
31_nov_p1,2024-10-16 12:54:34.747,,Media file,player #1:C:/Users/brayd/Desktop/Padilla-Coreano Lab/Social Memory/31_nov_p1/31_nov_p1_converted.mp4,0.0,942.815,1287.333,27.000,subject,86.966,facial sniffing,Not defined,STATE,1184.630,1193.704,9.074,C:/Users/brayd/Desktop/Padilla-Coreano Lab/Social Memory/31_nov_p1/31_nov_p1_converted.mp4,31985,32230,,,,
31_nov_p1,2024-10-16 12:54:34.747,,Media file,player #1:C:/Users/brayd/Desktop/Padilla-Coreano Lab/Social Memory/31_nov_p1/31_nov_p1_converted.mp4,0.0,942.815,1287.333,27.000,subject,86.966,facial sniffing,Not defined,STATE,1195.222,1197.704,2.482,C:/Users/brayd/Desktop/Padilla-Coreano Lab/Social Memory/31_nov_p1/31_nov_p1_converted.mp4,32271,32338,,,,
31_nov_p1,2024-10-16 12:54:34.747,,Media file,player #1:C:/Users/brayd/Desktop/Padilla-Coreano Lab/Social Memory/31_nov_p1/31_nov_p1_converted.mp4,0.0,942.815,1287.333,27.000,subject,86.966,facial sniffing,Not defined,STATE,1200.148,1201.259,1.111,C:/Users/brayd/Desktop/Padilla-Coreano Lab/Social Memory/31_nov_p1/31_nov_p1_converted.mp4,32404,32434,,,,
31_nov_p1,2024-10-16 12:54:34.747,,Media file,player #1:C:/Users/brayd/Desktop/Padilla-Coreano Lab/Social Memory/31_nov_p1/31_nov_p1_converted.mp4,0.0,942.815,1287.333,27.000,subject,86.966,facial sniffing,Not defined,STATE,1201.889,1211.593,9.704,C:/Users/brayd/Desktop/Padilla-Coreano Lab/Social Memory/31_nov_p1/31_nov_p1_converted.mp4,32451,32713,,,,
31_nov_p1,2024-10-16 12:54:34.747,,Media file,player #1:C:/Users/brayd/Desktop/Padilla-Coreano Lab/Social Memory/31_nov_p1/31_nov_p1_converted.mp4,0.0,942.815,1287.333,27.000,subject,86.966,anogenital sniffing,Not defined,STATE,1212.630,1213.815,1.185,C:/Users/brayd/Desktop/Padilla-Coreano Lab/Social Memory/31_nov_p1/31_nov_p1_converted.mp4,32741,32773,,,,
31_nov_p1,2024-10-16 12:54:34.747,,Media file,player #1:C:/Users/brayd/Desktop/Padilla-Coreano Lab/Social Memory/31_nov_p1/31_nov_p1_converted.mp4,0.0,942.815,1287.333,27.000,social_agent,82.676,facial sniffing,Not defined,STATE,1220.222,1221.111,0.889,C:/Users/brayd/Desktop/Padilla-Coreano Lab/Social Memory/31_nov_p1/31_nov_p1_converted.mp4,32946,32970,,,,
31_nov_p1,2024-10-16 12:54:34.747,,Media file,player #1:C:/Users/brayd/Desktop/Padilla-Coreano Lab/Social Memory/31_nov_p1/31_nov_p1_converted.mp4,0.0,942.815,1287.333,27.000,social_agent,82.676,facial sniffing,Not defined,STATE,1224.667,1226.556,1.889,C:/Users/brayd/Desktop/Padilla-Coreano Lab/Social Memory/31_nov_p1/31_nov_p1_converted.mp4,33066,33117,,,,
31_nov_p1,2024-10-16 12:54:34.747,,Media file,player #1:C:/Users/brayd/Desktop/Padilla-Coreano Lab/Social Memory/31_nov_p1/31_nov_p1_converted.mp4,0.0,942.815,1287.333,27.000,social_agent,82.676,facial sniffing,Not defined,STATE,1238.370,1239.037,0.667,C:/Users/brayd/Desktop/Padilla-Coreano Lab/Social Memory/31_nov_p1/31_nov_p1_converted.mp4,33436,33455,,,,
31_nov_p1,2024-10-16 12:54:34.747,,Media file,player #1:C:/Users/brayd/Desktop/Padilla-Coreano Lab/Social Memory/31_nov_p1/31_nov_p1_converted.mp4,0.0,942.815,1287.333,27.000,subject,86.966,facial sniffing,Not defined,STATE,1248.222,1248.630,0.408,C:/Users/brayd/Desktop/Padilla-Coreano Lab/Social Memory/31_nov_p1/31_nov_p1_converted.mp4,33702,33713,,,,
31_nov_p1,2024-10-16 12:54:34.747,,Media file,player #1:C:/Users/brayd/Desktop/Padilla-Coreano Lab/Social Memory/31_nov_p1/31_nov_p1_converted.mp4,0.0,942.815,1287.333,27.000,subject,86.966,facial sniffing,Not defined,STATE,1251.333,1251.815,0.482,C:/Users/brayd/Desktop/Padilla-Coreano Lab/Social Memory/31_nov_p1/31_nov_p1_converted.mp4,33786,33799,,,,
31_nov_p1,2024-10-16 12:54:34.747,,Media file,player #1:C:/Users/brayd/Desktop/Padilla-Coreano Lab/Social Memory/31_nov_p1/31_nov_p1_converted.mp4,0.0,942.815,1287.333,27.000,social_agent,82.676,anogenital sniffing,Not defined,STATE,1252.074,1252.630,0.556,C:/Users/brayd/Desktop/Padilla-Coreano Lab/Social Memory/31_nov_p1/31_nov_p1_converted.mp4,33806,33821,,,,
31_nov_p1,2024-10-16 12:54:34.747,,Media file,player #1:C:/Users/brayd/Desktop/Padilla-Coreano Lab/Social Memory/31_nov_p1/31_nov_p1_converted.mp4,0.0,942.815,1287.333,27.000,subject,86.966,facial sniffing,Not defined,STATE,1264.741,1265.481,0.740,C:/Users/brayd/Desktop/Padilla-Coreano Lab/Social Memory/31_nov_p1/31_nov_p1_converted.mp4,34148,34168,,,,
31_nov_p1,2024-10-16 12:54:34.747,,Media file,player #1:C:/Users/brayd/Desktop/Padilla-Coreano Lab/Social Memory/31_nov_p1/31_nov_p1_converted.mp4,0.0,942.815,1287.333,27.000,subject,86.966,anogenital sniffing,Not defined,STATE,1278.593,1279.000,0.407,C:/Users/brayd/Desktop/Padilla-Coreano Lab/Social Memory/31_nov_p1/31_nov_p1_converted.mp4,34522,34533,,,,
