Observation id,Observation date,Description,Observation type,Source,Time offset (s),Coding duration,Media duration (s),FPS (frame/s),Subject,Observation duration by subject by observation,Behavior,Behavioral category,Behavior type,Start (s),Stop (s),Duration (s),Media file name,Image index start,Image index stop,Image file path start,Image file path stop,Comment start,Comment stop
33_nov_p1,2024-10-08 21:07:01.382,,Media file,player #1:C:/Users/brayd/Desktop/Padilla-Coreano Lab/Social Memory/33_nov_p1_converted.mp4,0.0,1735.067,2341.400,15.000,social_agent,143.795,mice back in,Not defined,POINT,602.333,602.333,NA,C:/Users/brayd/Desktop/Padilla-Coreano Lab/Social Memory/33_nov_p1_converted.mp4,9035,9035,,,,
33_nov_p1,2024-10-08 21:07:01.382,,Media file,player #1:C:/Users/brayd/Desktop/Padilla-Coreano Lab/Social Memory/33_nov_p1_converted.mp4,0.0,1735.067,2341.400,15.000,social_agent,143.795,facial sniffing,Not defined,STATE,604.733,608.133,3.400,C:/Users/brayd/Desktop/Padilla-Coreano Lab/Social Memory/33_nov_p1_converted.mp4,9071,9122,,,,
33_nov_p1,2024-10-08 21:07:01.382,,Media file,player #1:C:/Users/brayd/Desktop/Padilla-Coreano Lab/Social Memory/33_nov_p1_converted.mp4,0.0,1735.067,2341.400,15.000,social_agent,143.795,anogenital sniffing,Not defined,STATE,608.667,610.333,1.666,C:/Users/brayd/Desktop/Padilla-Coreano Lab/Social Memory/33_nov_p1_converted.mp4,9130,9155,,,,
33_nov_p1,2024-10-08 21:07:01.382,,Media file,player #1:C:/Users/brayd/Desktop/Padilla-Coreano Lab/Social Memory/33_nov_p1_converted.mp4,0.0,1735.067,2341.400,15.000,subject,246.864,facial sniffing,Not defined,STATE,610.867,611.867,1.000,C:/Users/brayd/Desktop/Padilla-Coreano Lab/Social Memory/33_nov_p1_converted.mp4,9163,9178,,,,
33_nov_p1,2024-10-08 21:07:01.382,,Media file,player #1:C:/Users/brayd/Desktop/Padilla-Coreano Lab/Social Memory/33_nov_p1_converted.mp4,0.0,1735.067,2341.400,15.000,subject,246.864,facial sniffing,Not defined,STATE,622.600,624.733,2.133,C:/Users/brayd/Desktop/Padilla-Coreano Lab/Social Memory/33_nov_p1_converted.mp4,9339,9371,,,,
33_nov_p1,2024-10-08 21:07:01.382,,Media file,player #1:C:/Users/brayd/Desktop/Padilla-Coreano Lab/Social Memory/33_nov_p1_converted.mp4,0.0,1735.067,2341.400,15.000,subject,246.864,facial sniffing,Not defined,STATE,636.200,637.933,1.733,C:/Users/brayd/Desktop/Padilla-Coreano Lab/Social Memory/33_nov_p1_converted.mp4,9543,9569,,,,
33_nov_p1,2024-10-08 21:07:01.382,,Media file,player #1:C:/Users/brayd/Desktop/Padilla-Coreano Lab/Social Memory/33_nov_p1_converted.mp4,0.0,1735.067,2341.400,15.000,social_agent,143.795,facial sniffing,Not defined,STATE,640.467,642.867,2.400,C:/Users/brayd/Desktop/Padilla-Coreano Lab/Social Memory/33_nov_p1_converted.mp4,9607,9643,,,,
33_nov_p1,2024-10-08 21:07:01.382,,Media file,player #1:C:/Users/brayd/Desktop/Padilla-Coreano Lab/Social Memory/33_nov_p1_converted.mp4,0.0,1735.067,2341.400,15.000,subject,246.864,anogenital sniffing,Not defined,STATE,643.133,651.800,8.667,C:/Users/brayd/Desktop/Padilla-Coreano Lab/Social Memory/33_nov_p1_converted.mp4,9647,9777,,,,
33_nov_p1,2024-10-08 21:07:01.382,,Media file,player #1:C:/Users/brayd/Desktop/Padilla-Coreano Lab/Social Memory/33_nov_p1_converted.mp4,0.0,1735.067,2341.400,15.000,subject,246.864,facial sniffing,Not defined,STATE,653.067,654.667,1.600,C:/Users/brayd/Desktop/Padilla-Coreano Lab/Social Memory/33_nov_p1_converted.mp4,9796,9820,,,,
33_nov_p1,2024-10-08 21:07:01.382,,Media file,player #1:C:/Users/brayd/Desktop/Padilla-Coreano Lab/Social Memory/33_nov_p1_converted.mp4,0.0,1735.067,2341.400,15.000,subject,246.864,anogenital sniffing,Not defined,STATE,656.000,659.933,3.933,C:/Users/brayd/Desktop/Padilla-Coreano Lab/Social Memory/33_nov_p1_converted.mp4,9840,9899,,,,
33_nov_p1,2024-10-08 21:07:01.382,,Media file,player #1:C:/Users/brayd/Desktop/Padilla-Coreano Lab/Social Memory/33_nov_p1_converted.mp4,0.0,1735.067,2341.400,15.000,subject,246.864,facial sniffing,Not defined,STATE,661.533,662.533,1.000,C:/Users/brayd/Desktop/Padilla-Coreano Lab/Social Memory/33_nov_p1_converted.mp4,9923,9938,,,,
33_nov_p1,2024-10-08 21:07:01.382,,Media file,player #1:C:/Users/brayd/Desktop/Padilla-Coreano Lab/Social Memory/33_nov_p1_converted.mp4,0.0,1735.067,2341.400,15.000,subject,246.864,anogenital sniffing,Not defined,STATE,663.467,667.400,3.933,C:/Users/brayd/Desktop/Padilla-Coreano Lab/Social Memory/33_nov_p1_converted.mp4,9952,10011,,,,
33_nov_p1,2024-10-08 21:07:01.382,,Media file,player #1:C:/Users/brayd/Desktop/Padilla-Coreano Lab/Social Memory/33_nov_p1_converted.mp4,0.0,1735.067,2341.400,15.000,social_agent,143.795,facial sniffing,Not defined,STATE,667.867,670.600,2.733,C:/Users/brayd/Desktop/Padilla-Coreano Lab/Social Memory/33_nov_p1_converted.mp4,10018,10059,,,,
33_nov_p1,2024-10-08 21:07:01.382,,Media file,player #1:C:/Users/brayd/Desktop/Padilla-Coreano Lab/Social Memory/33_nov_p1_converted.mp4,0.0,1735.067,2341.400,15.000,subject,246.864,facial sniffing,Not defined,STATE,671.867,673.667,1.800,C:/Users/brayd/Desktop/Padilla-Coreano Lab/Social Memory/33_nov_p1_converted.mp4,10078,10105,,,,
33_nov_p1,2024-10-08 21:07:01.382,,Media file,player #1:C:/Users/brayd/Desktop/Padilla-Coreano Lab/Social Memory/33_nov_p1_converted.mp4,0.0,1735.067,2341.400,15.000,subject,246.864,anogenital sniffing,Not defined,STATE,674.267,675.067,0.800,C:/Users/brayd/Desktop/Padilla-Coreano Lab/Social Memory/33_nov_p1_converted.mp4,10114,10126,,,,
33_nov_p1,2024-10-08 21:07:01.382,,Media file,player #1:C:/Users/brayd/Desktop/Padilla-Coreano Lab/Social Memory/33_nov_p1_converted.mp4,0.0,1735.067,2341.400,15.000,subject,246.864,facial sniffing,Not defined,STATE,680.933,682.467,1.534,C:/Users/brayd/Desktop/Padilla-Coreano Lab/Social Memory/33_nov_p1_converted.mp4,10214,10237,,,,
33_nov_p1,2024-10-08 21:07:01.382,,Media file,player #1:C:/Users/brayd/Desktop/Padilla-Coreano Lab/Social Memory/33_nov_p1_converted.mp4,0.0,1735.067,2341.400,15.000,subject,246.864,anogenital sniffing,Not defined,STATE,682.467,685.000,2.533,C:/Users/brayd/Desktop/Padilla-Coreano Lab/Social Memory/33_nov_p1_converted.mp4,10237,10275,,,,
33_nov_p1,2024-10-08 21:07:01.382,,Media file,player #1:C:/Users/brayd/Desktop/Padilla-Coreano Lab/Social Memory/33_nov_p1_converted.mp4,0.0,1735.067,2341.400,15.000,social_agent,143.795,facial sniffing,Not defined,STATE,697.400,698.133,0.733,C:/Users/brayd/Desktop/Padilla-Coreano Lab/Social Memory/33_nov_p1_converted.mp4,10461,10472,,,,
33_nov_p1,2024-10-08 21:07:01.382,,Media file,player #1:C:/Users/brayd/Desktop/Padilla-Coreano Lab/Social Memory/33_nov_p1_converted.mp4,0.0,1735.067,2341.400,15.000,subject,246.864,anogenital sniffing,Not defined,STATE,703.467,705.733,2.266,C:/Users/brayd/Desktop/Padilla-Coreano Lab/Social Memory/33_nov_p1_converted.mp4,10552,10586,,,,
33_nov_p1,2024-10-08 21:07:01.382,,Media file,player #1:C:/Users/brayd/Desktop/Padilla-Coreano Lab/Social Memory/33_nov_p1_converted.mp4,0.0,1735.067,2341.400,15.000,social_agent,143.795,facial sniffing,Not defined,STATE,714.133,714.733,0.600,C:/Users/brayd/Desktop/Padilla-Coreano Lab/Social Memory/33_nov_p1_converted.mp4,10712,10721,,,,
33_nov_p1,2024-10-08 21:07:01.382,,Media file,player #1:C:/Users/brayd/Desktop/Padilla-Coreano Lab/Social Memory/33_nov_p1_converted.mp4,0.0,1735.067,2341.400,15.000,subject,246.864,facial sniffing,Not defined,STATE,736.600,737.400,0.800,C:/Users/brayd/Desktop/Padilla-Coreano Lab/Social Memory/33_nov_p1_converted.mp4,11049,11062,,,,
33_nov_p1,2024-10-08 21:07:01.382,,Media file,player #1:C:/Users/brayd/Desktop/Padilla-Coreano Lab/Social Memory/33_nov_p1_converted.mp4,0.0,1735.067,2341.400,15.000,subject,246.864,facial sniffing,Not defined,STATE,740.000,741.133,1.133,C:/Users/brayd/Desktop/Padilla-Coreano Lab/Social Memory/33_nov_p1_converted.mp4,11100,11117,,,,
33_nov_p1,2024-10-08 21:07:01.382,,Media file,player #1:C:/Users/brayd/Desktop/Padilla-Coreano Lab/Social Memory/33_nov_p1_converted.mp4,0.0,1735.067,2341.400,15.000,subject,246.864,facial sniffing,Not defined,STATE,751.800,752.600,0.800,C:/Users/brayd/Desktop/Padilla-Coreano Lab/Social Memory/33_nov_p1_converted.mp4,11277,11289,,,,
33_nov_p1,2024-10-08 21:07:01.382,,Media file,player #1:C:/Users/brayd/Desktop/Padilla-Coreano Lab/Social Memory/33_nov_p1_converted.mp4,0.0,1735.067,2341.400,15.000,social_agent,143.795,facial sniffing,Not defined,STATE,757.200,759.000,1.800,C:/Users/brayd/Desktop/Padilla-Coreano Lab/Social Memory/33_nov_p1_converted.mp4,11358,11385,,,,
33_nov_p1,2024-10-08 21:07:01.382,,Media file,player #1:C:/Users/brayd/Desktop/Padilla-Coreano Lab/Social Memory/33_nov_p1_converted.mp4,0.0,1735.067,2341.400,15.000,subject,246.864,anogenital sniffing,Not defined,STATE,762.533,766.467,3.934,C:/Users/brayd/Desktop/Padilla-Coreano Lab/Social Memory/33_nov_p1_converted.mp4,11438,11497,,,,
33_nov_p1,2024-10-08 21:07:01.382,,Media file,player #1:C:/Users/brayd/Desktop/Padilla-Coreano Lab/Social Memory/33_nov_p1_converted.mp4,0.0,1735.067,2341.400,15.000,subject,246.864,anogenital sniffing,Not defined,STATE,768.800,776.133,7.333,C:/Users/brayd/Desktop/Padilla-Coreano Lab/Social Memory/33_nov_p1_converted.mp4,11532,11642,,,,
33_nov_p1,2024-10-08 21:07:01.382,,Media file,player #1:C:/Users/brayd/Desktop/Padilla-Coreano Lab/Social Memory/33_nov_p1_converted.mp4,0.0,1735.067,2341.400,15.000,subject,246.864,anogenital sniffing,Not defined,STATE,783.667,784.133,0.466,C:/Users/brayd/Desktop/Padilla-Coreano Lab/Social Memory/33_nov_p1_converted.mp4,11755,11762,,,,
33_nov_p1,2024-10-08 21:07:01.382,,Media file,player #1:C:/Users/brayd/Desktop/Padilla-Coreano Lab/Social Memory/33_nov_p1_converted.mp4,0.0,1735.067,2341.400,15.000,social_agent,143.795,facial sniffing,Not defined,STATE,794.267,794.933,0.666,C:/Users/brayd/Desktop/Padilla-Coreano Lab/Social Memory/33_nov_p1_converted.mp4,11914,11924,,,,
33_nov_p1,2024-10-08 21:07:01.382,,Media file,player #1:C:/Users/brayd/Desktop/Padilla-Coreano Lab/Social Memory/33_nov_p1_converted.mp4,0.0,1735.067,2341.400,15.000,subject,246.864,facial sniffing,Not defined,STATE,795.067,797.733,2.666,C:/Users/brayd/Desktop/Padilla-Coreano Lab/Social Memory/33_nov_p1_converted.mp4,11926,11966,,,,
33_nov_p1,2024-10-08 21:07:01.382,,Media file,player #1:C:/Users/brayd/Desktop/Padilla-Coreano Lab/Social Memory/33_nov_p1_converted.mp4,0.0,1735.067,2341.400,15.000,social_agent,143.795,facial sniffing,Not defined,STATE,798.333,798.667,0.334,C:/Users/brayd/Desktop/Padilla-Coreano Lab/Social Memory/33_nov_p1_converted.mp4,11975,11980,,,,
33_nov_p1,2024-10-08 21:07:01.382,,Media file,player #1:C:/Users/brayd/Desktop/Padilla-Coreano Lab/Social Memory/33_nov_p1_converted.mp4,0.0,1735.067,2341.400,15.000,subject,246.864,facial sniffing,Not defined,STATE,805.467,806.733,1.266,C:/Users/brayd/Desktop/Padilla-Coreano Lab/Social Memory/33_nov_p1_converted.mp4,12082,12101,,,,
33_nov_p1,2024-10-08 21:07:01.382,,Media file,player #1:C:/Users/brayd/Desktop/Padilla-Coreano Lab/Social Memory/33_nov_p1_converted.mp4,0.0,1735.067,2341.400,15.000,subject,246.864,anogenital sniffing,Not defined,STATE,807.533,808.467,0.934,C:/Users/brayd/Desktop/Padilla-Coreano Lab/Social Memory/33_nov_p1_converted.mp4,12113,12127,,,,
33_nov_p1,2024-10-08 21:07:01.382,,Media file,player #1:C:/Users/brayd/Desktop/Padilla-Coreano Lab/Social Memory/33_nov_p1_converted.mp4,0.0,1735.067,2341.400,15.000,subject,246.864,facial sniffing,Not defined,STATE,836.467,836.933,0.466,C:/Users/brayd/Desktop/Padilla-Coreano Lab/Social Memory/33_nov_p1_converted.mp4,12547,12554,,,,
33_nov_p1,2024-10-08 21:07:01.382,,Media file,player #1:C:/Users/brayd/Desktop/Padilla-Coreano Lab/Social Memory/33_nov_p1_converted.mp4,0.0,1735.067,2341.400,15.000,subject,246.864,anogenital sniffing,Not defined,STATE,837.467,841.000,3.533,C:/Users/brayd/Desktop/Padilla-Coreano Lab/Social Memory/33_nov_p1_converted.mp4,12562,12615,,,,
33_nov_p1,2024-10-08 21:07:01.382,,Media file,player #1:C:/Users/brayd/Desktop/Padilla-Coreano Lab/Social Memory/33_nov_p1_converted.mp4,0.0,1735.067,2341.400,15.000,subject,246.864,anogenital sniffing,Not defined,STATE,843.000,844.533,1.533,C:/Users/brayd/Desktop/Padilla-Coreano Lab/Social Memory/33_nov_p1_converted.mp4,12645,12668,,,,
33_nov_p1,2024-10-08 21:07:01.382,,Media file,player #1:C:/Users/brayd/Desktop/Padilla-Coreano Lab/Social Memory/33_nov_p1_converted.mp4,0.0,1735.067,2341.400,15.000,subject,246.864,anogenital sniffing,Not defined,STATE,848.733,849.067,0.334,C:/Users/brayd/Desktop/Padilla-Coreano Lab/Social Memory/33_nov_p1_converted.mp4,12731,12736,,,,
33_nov_p1,2024-10-08 21:07:01.382,,Media file,player #1:C:/Users/brayd/Desktop/Padilla-Coreano Lab/Social Memory/33_nov_p1_converted.mp4,0.0,1735.067,2341.400,15.000,social_agent,143.795,facial sniffing,Not defined,STATE,853.667,854.600,0.933,C:/Users/brayd/Desktop/Padilla-Coreano Lab/Social Memory/33_nov_p1_converted.mp4,12805,12819,,,,
33_nov_p1,2024-10-08 21:07:01.382,,Media file,player #1:C:/Users/brayd/Desktop/Padilla-Coreano Lab/Social Memory/33_nov_p1_converted.mp4,0.0,1735.067,2341.400,15.000,subject,246.864,facial sniffing,Not defined,STATE,872.600,873.933,1.333,C:/Users/brayd/Desktop/Padilla-Coreano Lab/Social Memory/33_nov_p1_converted.mp4,13089,13109,,,,
33_nov_p1,2024-10-08 21:07:01.382,,Media file,player #1:C:/Users/brayd/Desktop/Padilla-Coreano Lab/Social Memory/33_nov_p1_converted.mp4,0.0,1735.067,2341.400,15.000,subject,246.864,anogenital sniffing,Not defined,STATE,877.333,878.200,0.867,C:/Users/brayd/Desktop/Padilla-Coreano Lab/Social Memory/33_nov_p1_converted.mp4,13160,13173,,,,
33_nov_p1,2024-10-08 21:07:01.382,,Media file,player #1:C:/Users/brayd/Desktop/Padilla-Coreano Lab/Social Memory/33_nov_p1_converted.mp4,0.0,1735.067,2341.400,15.000,social_agent,143.795,facial sniffing,Not defined,STATE,881.200,882.067,0.867,C:/Users/brayd/Desktop/Padilla-Coreano Lab/Social Memory/33_nov_p1_converted.mp4,13218,13231,,,,
33_nov_p1,2024-10-08 21:07:01.382,,Media file,player #1:C:/Users/brayd/Desktop/Padilla-Coreano Lab/Social Memory/33_nov_p1_converted.mp4,0.0,1735.067,2341.400,15.000,social_agent,143.795,facial sniffing,Not defined,STATE,882.667,883.533,0.866,C:/Users/brayd/Desktop/Padilla-Coreano Lab/Social Memory/33_nov_p1_converted.mp4,13240,13253,,,,
33_nov_p1,2024-10-08 21:07:01.382,,Media file,player #1:C:/Users/brayd/Desktop/Padilla-Coreano Lab/Social Memory/33_nov_p1_converted.mp4,0.0,1735.067,2341.400,15.000,social_agent,143.795,facial sniffing,Not defined,STATE,885.067,889.400,4.333,C:/Users/brayd/Desktop/Padilla-Coreano Lab/Social Memory/33_nov_p1_converted.mp4,13276,13341,,,,
33_nov_p1,2024-10-08 21:07:01.382,,Media file,player #1:C:/Users/brayd/Desktop/Padilla-Coreano Lab/Social Memory/33_nov_p1_converted.mp4,0.0,1735.067,2341.400,15.000,social_agent,143.795,facial sniffing,Not defined,STATE,897.800,898.400,0.600,C:/Users/brayd/Desktop/Padilla-Coreano Lab/Social Memory/33_nov_p1_converted.mp4,13467,13476,,,,
33_nov_p1,2024-10-08 21:07:01.382,,Media file,player #1:C:/Users/brayd/Desktop/Padilla-Coreano Lab/Social Memory/33_nov_p1_converted.mp4,0.0,1735.067,2341.400,15.000,social_agent,143.795,mice taken out,Not defined,POINT,900.067,900.067,NA,C:/Users/brayd/Desktop/Padilla-Coreano Lab/Social Memory/33_nov_p1_converted.mp4,13501,13501,,,,
33_nov_p1,2024-10-08 21:07:01.382,,Media file,player #1:C:/Users/brayd/Desktop/Padilla-Coreano Lab/Social Memory/33_nov_p1_converted.mp4,0.0,1735.067,2341.400,15.000,social_agent,143.795,mice back in,Not defined,POINT,962.333,962.333,NA,C:/Users/brayd/Desktop/Padilla-Coreano Lab/Social Memory/33_nov_p1_converted.mp4,14435,14435,,,,
33_nov_p1,2024-10-08 21:07:01.382,,Media file,player #1:C:/Users/brayd/Desktop/Padilla-Coreano Lab/Social Memory/33_nov_p1_converted.mp4,0.0,1735.067,2341.400,15.000,social_agent,143.795,facial sniffing,Not defined,STATE,963.467,963.733,0.266,C:/Users/brayd/Desktop/Padilla-Coreano Lab/Social Memory/33_nov_p1_converted.mp4,14452,14456,,,,
33_nov_p1,2024-10-08 21:07:01.382,,Media file,player #1:C:/Users/brayd/Desktop/Padilla-Coreano Lab/Social Memory/33_nov_p1_converted.mp4,0.0,1735.067,2341.400,15.000,subject,246.864,anogenital sniffing,Not defined,STATE,974.133,979.067,4.934,C:/Users/brayd/Desktop/Padilla-Coreano Lab/Social Memory/33_nov_p1_converted.mp4,14612,14686,,,,
33_nov_p1,2024-10-08 21:07:01.382,,Media file,player #1:C:/Users/brayd/Desktop/Padilla-Coreano Lab/Social Memory/33_nov_p1_converted.mp4,0.0,1735.067,2341.400,15.000,subject,246.864,anogenital sniffing,Not defined,STATE,984.867,987.000,2.133,C:/Users/brayd/Desktop/Padilla-Coreano Lab/Social Memory/33_nov_p1_converted.mp4,14773,14805,,,,
33_nov_p1,2024-10-08 21:07:01.382,,Media file,player #1:C:/Users/brayd/Desktop/Padilla-Coreano Lab/Social Memory/33_nov_p1_converted.mp4,0.0,1735.067,2341.400,15.000,subject,246.864,anogenital sniffing,Not defined,STATE,993.200,998.667,5.467,C:/Users/brayd/Desktop/Padilla-Coreano Lab/Social Memory/33_nov_p1_converted.mp4,14898,14980,,,,
33_nov_p1,2024-10-08 21:07:01.382,,Media file,player #1:C:/Users/brayd/Desktop/Padilla-Coreano Lab/Social Memory/33_nov_p1_converted.mp4,0.0,1735.067,2341.400,15.000,subject,246.864,anogenital sniffing,Not defined,STATE,1002.667,1003.667,1.000,C:/Users/brayd/Desktop/Padilla-Coreano Lab/Social Memory/33_nov_p1_converted.mp4,15040,15055,,,,
33_nov_p1,2024-10-08 21:07:01.382,,Media file,player #1:C:/Users/brayd/Desktop/Padilla-Coreano Lab/Social Memory/33_nov_p1_converted.mp4,0.0,1735.067,2341.400,15.000,social_agent,143.795,facial sniffing,Not defined,STATE,1006.067,1007.133,1.066,C:/Users/brayd/Desktop/Padilla-Coreano Lab/Social Memory/33_nov_p1_converted.mp4,15091,15107,,,,
33_nov_p1,2024-10-08 21:07:01.382,,Media file,player #1:C:/Users/brayd/Desktop/Padilla-Coreano Lab/Social Memory/33_nov_p1_converted.mp4,0.0,1735.067,2341.400,15.000,subject,246.864,facial sniffing,Not defined,STATE,1010.733,1013.200,2.467,C:/Users/brayd/Desktop/Padilla-Coreano Lab/Social Memory/33_nov_p1_converted.mp4,15161,15198,,,,
33_nov_p1,2024-10-08 21:07:01.382,,Media file,player #1:C:/Users/brayd/Desktop/Padilla-Coreano Lab/Social Memory/33_nov_p1_converted.mp4,0.0,1735.067,2341.400,15.000,subject,246.864,anogenital sniffing,Not defined,STATE,1024.533,1025.533,1.000,C:/Users/brayd/Desktop/Padilla-Coreano Lab/Social Memory/33_nov_p1_converted.mp4,15368,15383,,,,
33_nov_p1,2024-10-08 21:07:01.382,,Media file,player #1:C:/Users/brayd/Desktop/Padilla-Coreano Lab/Social Memory/33_nov_p1_converted.mp4,0.0,1735.067,2341.400,15.000,social_agent,143.795,facial sniffing,Not defined,STATE,1043.467,1044.067,0.600,C:/Users/brayd/Desktop/Padilla-Coreano Lab/Social Memory/33_nov_p1_converted.mp4,15652,15661,,,,
33_nov_p1,2024-10-08 21:07:01.382,,Media file,player #1:C:/Users/brayd/Desktop/Padilla-Coreano Lab/Social Memory/33_nov_p1_converted.mp4,0.0,1735.067,2341.400,15.000,social_agent,143.795,anogenital sniffing,Not defined,STATE,1047.133,1047.600,0.467,C:/Users/brayd/Desktop/Padilla-Coreano Lab/Social Memory/33_nov_p1_converted.mp4,15707,15714,,,,
33_nov_p1,2024-10-08 21:07:01.382,,Media file,player #1:C:/Users/brayd/Desktop/Padilla-Coreano Lab/Social Memory/33_nov_p1_converted.mp4,0.0,1735.067,2341.400,15.000,social_agent,143.795,anogenital sniffing,Not defined,STATE,1048.200,1049.533,1.333,C:/Users/brayd/Desktop/Padilla-Coreano Lab/Social Memory/33_nov_p1_converted.mp4,15723,15743,,,,
33_nov_p1,2024-10-08 21:07:01.382,,Media file,player #1:C:/Users/brayd/Desktop/Padilla-Coreano Lab/Social Memory/33_nov_p1_converted.mp4,0.0,1735.067,2341.400,15.000,social_agent,143.795,anogenital sniffing,Not defined,STATE,1052.000,1055.067,3.067,C:/Users/brayd/Desktop/Padilla-Coreano Lab/Social Memory/33_nov_p1_converted.mp4,15780,15826,,,,
33_nov_p1,2024-10-08 21:07:01.382,,Media file,player #1:C:/Users/brayd/Desktop/Padilla-Coreano Lab/Social Memory/33_nov_p1_converted.mp4,0.0,1735.067,2341.400,15.000,social_agent,143.795,facial sniffing,Not defined,STATE,1059.333,1061.067,1.734,C:/Users/brayd/Desktop/Padilla-Coreano Lab/Social Memory/33_nov_p1_converted.mp4,15890,15916,,,,
33_nov_p1,2024-10-08 21:07:01.382,,Media file,player #1:C:/Users/brayd/Desktop/Padilla-Coreano Lab/Social Memory/33_nov_p1_converted.mp4,0.0,1735.067,2341.400,15.000,social_agent,143.795,facial sniffing,Not defined,STATE,1079.267,1080.800,1.533,C:/Users/brayd/Desktop/Padilla-Coreano Lab/Social Memory/33_nov_p1_converted.mp4,16189,16212,,,,
33_nov_p1,2024-10-08 21:07:01.382,,Media file,player #1:C:/Users/brayd/Desktop/Padilla-Coreano Lab/Social Memory/33_nov_p1_converted.mp4,0.0,1735.067,2341.400,15.000,social_agent,143.795,facial sniffing,Not defined,STATE,1082.000,1083.133,1.133,C:/Users/brayd/Desktop/Padilla-Coreano Lab/Social Memory/33_nov_p1_converted.mp4,16230,16247,,,,
33_nov_p1,2024-10-08 21:07:01.382,,Media file,player #1:C:/Users/brayd/Desktop/Padilla-Coreano Lab/Social Memory/33_nov_p1_converted.mp4,0.0,1735.067,2341.400,15.000,subject,246.864,facial sniffing,Not defined,STATE,1091.200,1093.333,2.133,C:/Users/brayd/Desktop/Padilla-Coreano Lab/Social Memory/33_nov_p1_converted.mp4,16368,16400,,,,
33_nov_p1,2024-10-08 21:07:01.382,,Media file,player #1:C:/Users/brayd/Desktop/Padilla-Coreano Lab/Social Memory/33_nov_p1_converted.mp4,0.0,1735.067,2341.400,15.000,subject,246.864,anogenital sniffing,Not defined,STATE,1093.933,1095.733,1.800,C:/Users/brayd/Desktop/Padilla-Coreano Lab/Social Memory/33_nov_p1_converted.mp4,16409,16436,,,,
33_nov_p1,2024-10-08 21:07:01.382,,Media file,player #1:C:/Users/brayd/Desktop/Padilla-Coreano Lab/Social Memory/33_nov_p1_converted.mp4,0.0,1735.067,2341.400,15.000,social_agent,143.795,facial sniffing,Not defined,STATE,1097.200,1099.200,2.000,C:/Users/brayd/Desktop/Padilla-Coreano Lab/Social Memory/33_nov_p1_converted.mp4,16458,16488,,,,
33_nov_p1,2024-10-08 21:07:01.382,,Media file,player #1:C:/Users/brayd/Desktop/Padilla-Coreano Lab/Social Memory/33_nov_p1_converted.mp4,0.0,1735.067,2341.400,15.000,subject,246.864,anogenital sniffing,Not defined,STATE,1100.933,1102.800,1.867,C:/Users/brayd/Desktop/Padilla-Coreano Lab/Social Memory/33_nov_p1_converted.mp4,16514,16542,,,,
33_nov_p1,2024-10-08 21:07:01.382,,Media file,player #1:C:/Users/brayd/Desktop/Padilla-Coreano Lab/Social Memory/33_nov_p1_converted.mp4,0.0,1735.067,2341.400,15.000,social_agent,143.795,facial sniffing,Not defined,STATE,1117.600,1118.800,1.200,C:/Users/brayd/Desktop/Padilla-Coreano Lab/Social Memory/33_nov_p1_converted.mp4,16764,16782,,,,
33_nov_p1,2024-10-08 21:07:01.382,,Media file,player #1:C:/Users/brayd/Desktop/Padilla-Coreano Lab/Social Memory/33_nov_p1_converted.mp4,0.0,1735.067,2341.400,15.000,social_agent,143.795,anogenital sniffing,Not defined,STATE,1122.600,1123.800,1.200,C:/Users/brayd/Desktop/Padilla-Coreano Lab/Social Memory/33_nov_p1_converted.mp4,16839,16857,,,,
33_nov_p1,2024-10-08 21:07:01.382,,Media file,player #1:C:/Users/brayd/Desktop/Padilla-Coreano Lab/Social Memory/33_nov_p1_converted.mp4,0.0,1735.067,2341.400,15.000,social_agent,143.795,anogenital sniffing,Not defined,STATE,1128.000,1128.867,0.867,C:/Users/brayd/Desktop/Padilla-Coreano Lab/Social Memory/33_nov_p1_converted.mp4,16920,16933,,,,
33_nov_p1,2024-10-08 21:07:01.382,,Media file,player #1:C:/Users/brayd/Desktop/Padilla-Coreano Lab/Social Memory/33_nov_p1_converted.mp4,0.0,1735.067,2341.400,15.000,subject,246.864,facial sniffing,Not defined,STATE,1132.333,1133.867,1.534,C:/Users/brayd/Desktop/Padilla-Coreano Lab/Social Memory/33_nov_p1_converted.mp4,16985,17008,,,,
33_nov_p1,2024-10-08 21:07:01.382,,Media file,player #1:C:/Users/brayd/Desktop/Padilla-Coreano Lab/Social Memory/33_nov_p1_converted.mp4,0.0,1735.067,2341.400,15.000,social_agent,143.795,anogenital sniffing,Not defined,STATE,1154.600,1156.133,1.533,C:/Users/brayd/Desktop/Padilla-Coreano Lab/Social Memory/33_nov_p1_converted.mp4,17319,17342,,,,
33_nov_p1,2024-10-08 21:07:01.382,,Media file,player #1:C:/Users/brayd/Desktop/Padilla-Coreano Lab/Social Memory/33_nov_p1_converted.mp4,0.0,1735.067,2341.400,15.000,social_agent,143.795,anogenital sniffing,Not defined,STATE,1162.533,1165.800,3.267,C:/Users/brayd/Desktop/Padilla-Coreano Lab/Social Memory/33_nov_p1_converted.mp4,17438,17487,,,,
33_nov_p1,2024-10-08 21:07:01.382,,Media file,player #1:C:/Users/brayd/Desktop/Padilla-Coreano Lab/Social Memory/33_nov_p1_converted.mp4,0.0,1735.067,2341.400,15.000,social_agent,143.795,facial sniffing,Not defined,STATE,1166.267,1166.600,0.333,C:/Users/brayd/Desktop/Padilla-Coreano Lab/Social Memory/33_nov_p1_converted.mp4,17494,17499,,,,
33_nov_p1,2024-10-08 21:07:01.382,,Media file,player #1:C:/Users/brayd/Desktop/Padilla-Coreano Lab/Social Memory/33_nov_p1_converted.mp4,0.0,1735.067,2341.400,15.000,social_agent,143.795,anogenital sniffing,Not defined,STATE,1168.467,1169.067,0.600,C:/Users/brayd/Desktop/Padilla-Coreano Lab/Social Memory/33_nov_p1_converted.mp4,17527,17536,,,,
33_nov_p1,2024-10-08 21:07:01.382,,Media file,player #1:C:/Users/brayd/Desktop/Padilla-Coreano Lab/Social Memory/33_nov_p1_converted.mp4,0.0,1735.067,2341.400,15.000,social_agent,143.795,anogenital sniffing,Not defined,STATE,1172.000,1175.067,3.067,C:/Users/brayd/Desktop/Padilla-Coreano Lab/Social Memory/33_nov_p1_converted.mp4,17580,17626,,,,
33_nov_p1,2024-10-08 21:07:01.382,,Media file,player #1:C:/Users/brayd/Desktop/Padilla-Coreano Lab/Social Memory/33_nov_p1_converted.mp4,0.0,1735.067,2341.400,15.000,subject,246.864,facial sniffing,Not defined,STATE,1177.933,1179.333,1.400,C:/Users/brayd/Desktop/Padilla-Coreano Lab/Social Memory/33_nov_p1_converted.mp4,17669,17690,,,,
33_nov_p1,2024-10-08 21:07:01.382,,Media file,player #1:C:/Users/brayd/Desktop/Padilla-Coreano Lab/Social Memory/33_nov_p1_converted.mp4,0.0,1735.067,2341.400,15.000,subject,246.864,anogenital sniffing,Not defined,STATE,1194.467,1200.267,5.800,C:/Users/brayd/Desktop/Padilla-Coreano Lab/Social Memory/33_nov_p1_converted.mp4,17917,18004,,,,
33_nov_p1,2024-10-08 21:07:01.382,,Media file,player #1:C:/Users/brayd/Desktop/Padilla-Coreano Lab/Social Memory/33_nov_p1_converted.mp4,0.0,1735.067,2341.400,15.000,subject,246.864,facial sniffing,Not defined,STATE,1243.467,1244.067,0.600,C:/Users/brayd/Desktop/Padilla-Coreano Lab/Social Memory/33_nov_p1_converted.mp4,18652,18661,,,,
33_nov_p1,2024-10-08 21:07:01.382,,Media file,player #1:C:/Users/brayd/Desktop/Padilla-Coreano Lab/Social Memory/33_nov_p1_converted.mp4,0.0,1735.067,2341.400,15.000,social_agent,143.795,anogenital sniffing,Not defined,STATE,1247.933,1251.133,3.200,C:/Users/brayd/Desktop/Padilla-Coreano Lab/Social Memory/33_nov_p1_converted.mp4,18719,18767,,,,
33_nov_p1,2024-10-08 21:07:01.382,,Media file,player #1:C:/Users/brayd/Desktop/Padilla-Coreano Lab/Social Memory/33_nov_p1_converted.mp4,0.0,1735.067,2341.400,15.000,social_agent,143.795,facial sniffing,Not defined,STATE,1254.133,1254.467,0.334,C:/Users/brayd/Desktop/Padilla-Coreano Lab/Social Memory/33_nov_p1_converted.mp4,18812,18818,,,,
33_nov_p1,2024-10-08 21:07:01.382,,Media file,player #1:C:/Users/brayd/Desktop/Padilla-Coreano Lab/Social Memory/33_nov_p1_converted.mp4,0.0,1735.067,2341.400,15.000,social_agent,143.795,facial sniffing,Not defined,STATE,1266.400,1269.267,2.867,C:/Users/brayd/Desktop/Padilla-Coreano Lab/Social Memory/33_nov_p1_converted.mp4,18996,19039,,,,
33_nov_p1,2024-10-08 21:07:01.382,,Media file,player #1:C:/Users/brayd/Desktop/Padilla-Coreano Lab/Social Memory/33_nov_p1_converted.mp4,0.0,1735.067,2341.400,15.000,social_agent,143.795,mice taken out,Not defined,POINT,1270.067,1270.067,NA,C:/Users/brayd/Desktop/Padilla-Coreano Lab/Social Memory/33_nov_p1_converted.mp4,19051,19051,,,,
33_nov_p1,2024-10-08 21:07:01.382,,Media file,player #1:C:/Users/brayd/Desktop/Padilla-Coreano Lab/Social Memory/33_nov_p1_converted.mp4,0.0,1735.067,2341.400,15.000,social_agent,143.795,mice back in,Not defined,POINT,1322.933,1322.933,NA,C:/Users/brayd/Desktop/Padilla-Coreano Lab/Social Memory/33_nov_p1_converted.mp4,19844,19844,,,,
33_nov_p1,2024-10-08 21:07:01.382,,Media file,player #1:C:/Users/brayd/Desktop/Padilla-Coreano Lab/Social Memory/33_nov_p1_converted.mp4,0.0,1735.067,2341.400,15.000,social_agent,143.795,facial sniffing,Not defined,STATE,1326.733,1328.867,2.134,C:/Users/brayd/Desktop/Padilla-Coreano Lab/Social Memory/33_nov_p1_converted.mp4,19901,19934,,,,
33_nov_p1,2024-10-08 21:07:01.382,,Media file,player #1:C:/Users/brayd/Desktop/Padilla-Coreano Lab/Social Memory/33_nov_p1_converted.mp4,0.0,1735.067,2341.400,15.000,subject,246.864,facial sniffing,Not defined,STATE,1328.867,1330.200,1.333,C:/Users/brayd/Desktop/Padilla-Coreano Lab/Social Memory/33_nov_p1_converted.mp4,19933,19953,,,,
33_nov_p1,2024-10-08 21:07:01.382,,Media file,player #1:C:/Users/brayd/Desktop/Padilla-Coreano Lab/Social Memory/33_nov_p1_converted.mp4,0.0,1735.067,2341.400,15.000,social_agent,143.795,facial sniffing,Not defined,STATE,1332.933,1334.200,1.267,C:/Users/brayd/Desktop/Padilla-Coreano Lab/Social Memory/33_nov_p1_converted.mp4,19994,20013,,,,
33_nov_p1,2024-10-08 21:07:01.382,,Media file,player #1:C:/Users/brayd/Desktop/Padilla-Coreano Lab/Social Memory/33_nov_p1_converted.mp4,0.0,1735.067,2341.400,15.000,social_agent,143.795,facial sniffing,Not defined,STATE,1335.867,1336.933,1.066,C:/Users/brayd/Desktop/Padilla-Coreano Lab/Social Memory/33_nov_p1_converted.mp4,20038,20054,,,,
33_nov_p1,2024-10-08 21:07:01.382,,Media file,player #1:C:/Users/brayd/Desktop/Padilla-Coreano Lab/Social Memory/33_nov_p1_converted.mp4,0.0,1735.067,2341.400,15.000,subject,246.864,anogenital sniffing,Not defined,STATE,1337.733,1338.600,0.867,C:/Users/brayd/Desktop/Padilla-Coreano Lab/Social Memory/33_nov_p1_converted.mp4,20066,20079,,,,
33_nov_p1,2024-10-08 21:07:01.382,,Media file,player #1:C:/Users/brayd/Desktop/Padilla-Coreano Lab/Social Memory/33_nov_p1_converted.mp4,0.0,1735.067,2341.400,15.000,subject,246.864,anogenital sniffing,Not defined,STATE,1339.267,1340.867,1.600,C:/Users/brayd/Desktop/Padilla-Coreano Lab/Social Memory/33_nov_p1_converted.mp4,20089,20113,,,,
33_nov_p1,2024-10-08 21:07:01.382,,Media file,player #1:C:/Users/brayd/Desktop/Padilla-Coreano Lab/Social Memory/33_nov_p1_converted.mp4,0.0,1735.067,2341.400,15.000,subject,246.864,facial sniffing,Not defined,STATE,1366.333,1369.733,3.400,C:/Users/brayd/Desktop/Padilla-Coreano Lab/Social Memory/33_nov_p1_converted.mp4,20495,20546,,,,
33_nov_p1,2024-10-08 21:07:01.382,,Media file,player #1:C:/Users/brayd/Desktop/Padilla-Coreano Lab/Social Memory/33_nov_p1_converted.mp4,0.0,1735.067,2341.400,15.000,subject,246.864,facial sniffing,Not defined,STATE,1372.600,1374.133,1.533,C:/Users/brayd/Desktop/Padilla-Coreano Lab/Social Memory/33_nov_p1_converted.mp4,20589,20612,,,,
33_nov_p1,2024-10-08 21:07:01.382,,Media file,player #1:C:/Users/brayd/Desktop/Padilla-Coreano Lab/Social Memory/33_nov_p1_converted.mp4,0.0,1735.067,2341.400,15.000,subject,246.864,facial sniffing,Not defined,STATE,1375.533,1376.067,0.534,C:/Users/brayd/Desktop/Padilla-Coreano Lab/Social Memory/33_nov_p1_converted.mp4,20633,20641,,,,
33_nov_p1,2024-10-08 21:07:01.382,,Media file,player #1:C:/Users/brayd/Desktop/Padilla-Coreano Lab/Social Memory/33_nov_p1_converted.mp4,0.0,1735.067,2341.400,15.000,subject,246.864,anogenital sniffing,Not defined,STATE,1376.333,1378.200,1.867,C:/Users/brayd/Desktop/Padilla-Coreano Lab/Social Memory/33_nov_p1_converted.mp4,20645,20673,,,,
33_nov_p1,2024-10-08 21:07:01.382,,Media file,player #1:C:/Users/brayd/Desktop/Padilla-Coreano Lab/Social Memory/33_nov_p1_converted.mp4,0.0,1735.067,2341.400,15.000,subject,246.864,facial sniffing,Not defined,STATE,1379.933,1383.333,3.400,C:/Users/brayd/Desktop/Padilla-Coreano Lab/Social Memory/33_nov_p1_converted.mp4,20699,20750,,,,
33_nov_p1,2024-10-08 21:07:01.382,,Media file,player #1:C:/Users/brayd/Desktop/Padilla-Coreano Lab/Social Memory/33_nov_p1_converted.mp4,0.0,1735.067,2341.400,15.000,subject,246.864,facial sniffing,Not defined,STATE,1386.067,1387.067,1.000,C:/Users/brayd/Desktop/Padilla-Coreano Lab/Social Memory/33_nov_p1_converted.mp4,20791,20806,,,,
33_nov_p1,2024-10-08 21:07:01.382,,Media file,player #1:C:/Users/brayd/Desktop/Padilla-Coreano Lab/Social Memory/33_nov_p1_converted.mp4,0.0,1735.067,2341.400,15.000,social_agent,143.795,facial sniffing,Not defined,STATE,1402.733,1403.333,0.600,C:/Users/brayd/Desktop/Padilla-Coreano Lab/Social Memory/33_nov_p1_converted.mp4,21041,21050,,,,
33_nov_p1,2024-10-08 21:07:01.382,,Media file,player #1:C:/Users/brayd/Desktop/Padilla-Coreano Lab/Social Memory/33_nov_p1_converted.mp4,0.0,1735.067,2341.400,15.000,social_agent,143.795,facial sniffing,Not defined,STATE,1407.400,1407.933,0.533,C:/Users/brayd/Desktop/Padilla-Coreano Lab/Social Memory/33_nov_p1_converted.mp4,21111,21119,,,,
33_nov_p1,2024-10-08 21:07:01.382,,Media file,player #1:C:/Users/brayd/Desktop/Padilla-Coreano Lab/Social Memory/33_nov_p1_converted.mp4,0.0,1735.067,2341.400,15.000,subject,246.864,anogenital sniffing,Not defined,STATE,1410.200,1411.333,1.133,C:/Users/brayd/Desktop/Padilla-Coreano Lab/Social Memory/33_nov_p1_converted.mp4,21153,21170,,,,
33_nov_p1,2024-10-08 21:07:01.382,,Media file,player #1:C:/Users/brayd/Desktop/Padilla-Coreano Lab/Social Memory/33_nov_p1_converted.mp4,0.0,1735.067,2341.400,15.000,social_agent,143.795,facial sniffing,Not defined,STATE,1432.000,1432.933,0.933,C:/Users/brayd/Desktop/Padilla-Coreano Lab/Social Memory/33_nov_p1_converted.mp4,21480,21494,,,,
33_nov_p1,2024-10-08 21:07:01.382,,Media file,player #1:C:/Users/brayd/Desktop/Padilla-Coreano Lab/Social Memory/33_nov_p1_converted.mp4,0.0,1735.067,2341.400,15.000,social_agent,143.795,facial sniffing,Not defined,STATE,1469.200,1470.200,1.000,C:/Users/brayd/Desktop/Padilla-Coreano Lab/Social Memory/33_nov_p1_converted.mp4,22038,22053,,,,
33_nov_p1,2024-10-08 21:07:01.382,,Media file,player #1:C:/Users/brayd/Desktop/Padilla-Coreano Lab/Social Memory/33_nov_p1_converted.mp4,0.0,1735.067,2341.400,15.000,social_agent,143.795,anogenital sniffing,Not defined,STATE,1480.333,1481.733,1.400,C:/Users/brayd/Desktop/Padilla-Coreano Lab/Social Memory/33_nov_p1_converted.mp4,22205,22226,,,,
33_nov_p1,2024-10-08 21:07:01.382,,Media file,player #1:C:/Users/brayd/Desktop/Padilla-Coreano Lab/Social Memory/33_nov_p1_converted.mp4,0.0,1735.067,2341.400,15.000,social_agent,143.795,facial sniffing,Not defined,STATE,1483.867,1484.133,0.266,C:/Users/brayd/Desktop/Padilla-Coreano Lab/Social Memory/33_nov_p1_converted.mp4,22258,22262,,,,
33_nov_p1,2024-10-08 21:07:01.382,,Media file,player #1:C:/Users/brayd/Desktop/Padilla-Coreano Lab/Social Memory/33_nov_p1_converted.mp4,0.0,1735.067,2341.400,15.000,social_agent,143.795,facial sniffing,Not defined,STATE,1491.067,1493.600,2.533,C:/Users/brayd/Desktop/Padilla-Coreano Lab/Social Memory/33_nov_p1_converted.mp4,22366,22404,,,,
33_nov_p1,2024-10-08 21:07:01.382,,Media file,player #1:C:/Users/brayd/Desktop/Padilla-Coreano Lab/Social Memory/33_nov_p1_converted.mp4,0.0,1735.067,2341.400,15.000,social_agent,143.795,facial sniffing,Not defined,STATE,1504.200,1505.867,1.667,C:/Users/brayd/Desktop/Padilla-Coreano Lab/Social Memory/33_nov_p1_converted.mp4,22563,22588,,,,
33_nov_p1,2024-10-08 21:07:01.382,,Media file,player #1:C:/Users/brayd/Desktop/Padilla-Coreano Lab/Social Memory/33_nov_p1_converted.mp4,0.0,1735.067,2341.400,15.000,social_agent,143.795,facial sniffing,Not defined,STATE,1510.133,1510.600,0.467,C:/Users/brayd/Desktop/Padilla-Coreano Lab/Social Memory/33_nov_p1_converted.mp4,22653,22659,,,,
33_nov_p1,2024-10-08 21:07:01.382,,Media file,player #1:C:/Users/brayd/Desktop/Padilla-Coreano Lab/Social Memory/33_nov_p1_converted.mp4,0.0,1735.067,2341.400,15.000,subject,246.864,facial sniffing,Not defined,STATE,1511.933,1512.267,0.334,C:/Users/brayd/Desktop/Padilla-Coreano Lab/Social Memory/33_nov_p1_converted.mp4,22679,22684,,,,
33_nov_p1,2024-10-08 21:07:01.382,,Media file,player #1:C:/Users/brayd/Desktop/Padilla-Coreano Lab/Social Memory/33_nov_p1_converted.mp4,0.0,1735.067,2341.400,15.000,social_agent,143.795,facial sniffing,Not defined,STATE,1531.733,1534.667,2.934,C:/Users/brayd/Desktop/Padilla-Coreano Lab/Social Memory/33_nov_p1_converted.mp4,22976,23020,,,,
33_nov_p1,2024-10-08 21:07:01.382,,Media file,player #1:C:/Users/brayd/Desktop/Padilla-Coreano Lab/Social Memory/33_nov_p1_converted.mp4,0.0,1735.067,2341.400,15.000,social_agent,143.795,facial sniffing,Not defined,STATE,1544.733,1545.933,1.200,C:/Users/brayd/Desktop/Padilla-Coreano Lab/Social Memory/33_nov_p1_converted.mp4,23171,23189,,,,
33_nov_p1,2024-10-08 21:07:01.382,,Media file,player #1:C:/Users/brayd/Desktop/Padilla-Coreano Lab/Social Memory/33_nov_p1_converted.mp4,0.0,1735.067,2341.400,15.000,subject,246.864,facial sniffing,Not defined,STATE,1546.467,1547.333,0.866,C:/Users/brayd/Desktop/Padilla-Coreano Lab/Social Memory/33_nov_p1_converted.mp4,23197,23210,,,,
33_nov_p1,2024-10-08 21:07:01.382,,Media file,player #1:C:/Users/brayd/Desktop/Padilla-Coreano Lab/Social Memory/33_nov_p1_converted.mp4,0.0,1735.067,2341.400,15.000,subject,246.864,anogenital sniffing,Not defined,STATE,1564.000,1565.067,1.067,C:/Users/brayd/Desktop/Padilla-Coreano Lab/Social Memory/33_nov_p1_converted.mp4,23460,23476,,,,
33_nov_p1,2024-10-08 21:07:01.382,,Media file,player #1:C:/Users/brayd/Desktop/Padilla-Coreano Lab/Social Memory/33_nov_p1_converted.mp4,0.0,1735.067,2341.400,15.000,subject,246.864,anogenital sniffing,Not defined,STATE,1565.800,1568.200,2.400,C:/Users/brayd/Desktop/Padilla-Coreano Lab/Social Memory/33_nov_p1_converted.mp4,23487,23524,,,,
33_nov_p1,2024-10-08 21:07:01.382,,Media file,player #1:C:/Users/brayd/Desktop/Padilla-Coreano Lab/Social Memory/33_nov_p1_converted.mp4,0.0,1735.067,2341.400,15.000,subject,246.864,facial sniffing,Not defined,STATE,1576.600,1579.867,3.267,C:/Users/brayd/Desktop/Padilla-Coreano Lab/Social Memory/33_nov_p1_converted.mp4,23649,23698,,,,
33_nov_p1,2024-10-08 21:07:01.382,,Media file,player #1:C:/Users/brayd/Desktop/Padilla-Coreano Lab/Social Memory/33_nov_p1_converted.mp4,0.0,1735.067,2341.400,15.000,subject,246.864,anogenital sniffing,Not defined,STATE,1583.667,1585.533,1.866,C:/Users/brayd/Desktop/Padilla-Coreano Lab/Social Memory/33_nov_p1_converted.mp4,23755,23783,,,,
33_nov_p1,2024-10-08 21:07:01.382,,Media file,player #1:C:/Users/brayd/Desktop/Padilla-Coreano Lab/Social Memory/33_nov_p1_converted.mp4,0.0,1735.067,2341.400,15.000,social_agent,143.795,facial sniffing,Not defined,STATE,1600.467,1603.800,3.333,C:/Users/brayd/Desktop/Padilla-Coreano Lab/Social Memory/33_nov_p1_converted.mp4,24007,24057,,,,
33_nov_p1,2024-10-08 21:07:01.382,,Media file,player #1:C:/Users/brayd/Desktop/Padilla-Coreano Lab/Social Memory/33_nov_p1_converted.mp4,0.0,1735.067,2341.400,15.000,subject,246.864,facial sniffing,Not defined,STATE,1610.733,1611.333,0.600,C:/Users/brayd/Desktop/Padilla-Coreano Lab/Social Memory/33_nov_p1_converted.mp4,24161,24170,,,,
33_nov_p1,2024-10-08 21:07:01.382,,Media file,player #1:C:/Users/brayd/Desktop/Padilla-Coreano Lab/Social Memory/33_nov_p1_converted.mp4,0.0,1735.067,2341.400,15.000,social_agent,143.795,mice taken out,Not defined,POINT,1620.867,1620.867,NA,C:/Users/brayd/Desktop/Padilla-Coreano Lab/Social Memory/33_nov_p1_converted.mp4,24313,24313,,,,
33_nov_p1,2024-10-08 21:07:01.382,,Media file,player #1:C:/Users/brayd/Desktop/Padilla-Coreano Lab/Social Memory/33_nov_p1_converted.mp4,0.0,1735.067,2341.400,15.000,social_agent,143.795,mice back in,Not defined,POINT,1682.667,1682.667,NA,C:/Users/brayd/Desktop/Padilla-Coreano Lab/Social Memory/33_nov_p1_converted.mp4,25240,25240,,,,
33_nov_p1,2024-10-08 21:07:01.382,,Media file,player #1:C:/Users/brayd/Desktop/Padilla-Coreano Lab/Social Memory/33_nov_p1_converted.mp4,0.0,1735.067,2341.400,15.000,subject,246.864,facial sniffing,Not defined,STATE,1684.067,1685.267,1.200,C:/Users/brayd/Desktop/Padilla-Coreano Lab/Social Memory/33_nov_p1_converted.mp4,25261,25279,,,,
33_nov_p1,2024-10-08 21:07:01.382,,Media file,player #1:C:/Users/brayd/Desktop/Padilla-Coreano Lab/Social Memory/33_nov_p1_converted.mp4,0.0,1735.067,2341.400,15.000,subject,246.864,facial sniffing,Not defined,STATE,1685.800,1689.600,3.800,C:/Users/brayd/Desktop/Padilla-Coreano Lab/Social Memory/33_nov_p1_converted.mp4,25287,25344,,,,
33_nov_p1,2024-10-08 21:07:01.382,,Media file,player #1:C:/Users/brayd/Desktop/Padilla-Coreano Lab/Social Memory/33_nov_p1_converted.mp4,0.0,1735.067,2341.400,15.000,social_agent,143.795,facial sniffing,Not defined,STATE,1692.867,1696.133,3.266,C:/Users/brayd/Desktop/Padilla-Coreano Lab/Social Memory/33_nov_p1_converted.mp4,25393,25442,,,,
33_nov_p1,2024-10-08 21:07:01.382,,Media file,player #1:C:/Users/brayd/Desktop/Padilla-Coreano Lab/Social Memory/33_nov_p1_converted.mp4,0.0,1735.067,2341.400,15.000,social_agent,143.795,facial sniffing,Not defined,STATE,1697.533,1701.333,3.800,C:/Users/brayd/Desktop/Padilla-Coreano Lab/Social Memory/33_nov_p1_converted.mp4,25463,25520,,,,
33_nov_p1,2024-10-08 21:07:01.382,,Media file,player #1:C:/Users/brayd/Desktop/Padilla-Coreano Lab/Social Memory/33_nov_p1_converted.mp4,0.0,1735.067,2341.400,15.000,subject,246.864,facial sniffing,Not defined,STATE,1740.133,1754.067,13.934,C:/Users/brayd/Desktop/Padilla-Coreano Lab/Social Memory/33_nov_p1_converted.mp4,26102,26311,,,,
33_nov_p1,2024-10-08 21:07:01.382,,Media file,player #1:C:/Users/brayd/Desktop/Padilla-Coreano Lab/Social Memory/33_nov_p1_converted.mp4,0.0,1735.067,2341.400,15.000,social_agent,143.795,facial sniffing,Not defined,STATE,1761.133,1765.000,3.867,C:/Users/brayd/Desktop/Padilla-Coreano Lab/Social Memory/33_nov_p1_converted.mp4,26417,26475,,,,
33_nov_p1,2024-10-08 21:07:01.382,,Media file,player #1:C:/Users/brayd/Desktop/Padilla-Coreano Lab/Social Memory/33_nov_p1_converted.mp4,0.0,1735.067,2341.400,15.000,subject,246.864,facial sniffing,Not defined,STATE,1765.733,1766.333,0.600,C:/Users/brayd/Desktop/Padilla-Coreano Lab/Social Memory/33_nov_p1_converted.mp4,26486,26495,,,,
33_nov_p1,2024-10-08 21:07:01.382,,Media file,player #1:C:/Users/brayd/Desktop/Padilla-Coreano Lab/Social Memory/33_nov_p1_converted.mp4,0.0,1735.067,2341.400,15.000,subject,246.864,anogenital sniffing,Not defined,STATE,1771.467,1772.867,1.400,C:/Users/brayd/Desktop/Padilla-Coreano Lab/Social Memory/33_nov_p1_converted.mp4,26572,26593,,,,
33_nov_p1,2024-10-08 21:07:01.382,,Media file,player #1:C:/Users/brayd/Desktop/Padilla-Coreano Lab/Social Memory/33_nov_p1_converted.mp4,0.0,1735.067,2341.400,15.000,subject,246.864,anogenital sniffing,Not defined,STATE,1779.267,1780.467,1.200,C:/Users/brayd/Desktop/Padilla-Coreano Lab/Social Memory/33_nov_p1_converted.mp4,26689,26707,,,,
33_nov_p1,2024-10-08 21:07:01.382,,Media file,player #1:C:/Users/brayd/Desktop/Padilla-Coreano Lab/Social Memory/33_nov_p1_converted.mp4,0.0,1735.067,2341.400,15.000,social_agent,143.795,anogenital sniffing,Not defined,STATE,1796.467,1798.467,2.000,C:/Users/brayd/Desktop/Padilla-Coreano Lab/Social Memory/33_nov_p1_converted.mp4,26947,26977,,,,
33_nov_p1,2024-10-08 21:07:01.382,,Media file,player #1:C:/Users/brayd/Desktop/Padilla-Coreano Lab/Social Memory/33_nov_p1_converted.mp4,0.0,1735.067,2341.400,15.000,social_agent,143.795,facial sniffing,Not defined,STATE,1813.667,1813.933,0.266,C:/Users/brayd/Desktop/Padilla-Coreano Lab/Social Memory/33_nov_p1_converted.mp4,27205,27209,,,,
33_nov_p1,2024-10-08 21:07:01.382,,Media file,player #1:C:/Users/brayd/Desktop/Padilla-Coreano Lab/Social Memory/33_nov_p1_converted.mp4,0.0,1735.067,2341.400,15.000,subject,246.864,facial sniffing,Not defined,STATE,1832.533,1834.733,2.200,C:/Users/brayd/Desktop/Padilla-Coreano Lab/Social Memory/33_nov_p1_converted.mp4,27488,27521,,,,
33_nov_p1,2024-10-08 21:07:01.382,,Media file,player #1:C:/Users/brayd/Desktop/Padilla-Coreano Lab/Social Memory/33_nov_p1_converted.mp4,0.0,1735.067,2341.400,15.000,social_agent,143.795,facial sniffing,Not defined,STATE,1843.733,1848.667,4.934,C:/Users/brayd/Desktop/Padilla-Coreano Lab/Social Memory/33_nov_p1_converted.mp4,27656,27730,,,,
33_nov_p1,2024-10-08 21:07:01.382,,Media file,player #1:C:/Users/brayd/Desktop/Padilla-Coreano Lab/Social Memory/33_nov_p1_converted.mp4,0.0,1735.067,2341.400,15.000,subject,246.864,facial sniffing,Not defined,STATE,1855.533,1859.067,3.534,C:/Users/brayd/Desktop/Padilla-Coreano Lab/Social Memory/33_nov_p1_converted.mp4,27833,27886,,,,
33_nov_p1,2024-10-08 21:07:01.382,,Media file,player #1:C:/Users/brayd/Desktop/Padilla-Coreano Lab/Social Memory/33_nov_p1_converted.mp4,0.0,1735.067,2341.400,15.000,subject,246.864,facial sniffing,Not defined,STATE,1863.000,1865.067,2.067,C:/Users/brayd/Desktop/Padilla-Coreano Lab/Social Memory/33_nov_p1_converted.mp4,27945,27976,,,,
33_nov_p1,2024-10-08 21:07:01.382,,Media file,player #1:C:/Users/brayd/Desktop/Padilla-Coreano Lab/Social Memory/33_nov_p1_converted.mp4,0.0,1735.067,2341.400,15.000,subject,246.864,facial sniffing,Not defined,STATE,1895.267,1896.133,0.866,C:/Users/brayd/Desktop/Padilla-Coreano Lab/Social Memory/33_nov_p1_converted.mp4,28429,28442,,,,
33_nov_p1,2024-10-08 21:07:01.382,,Media file,player #1:C:/Users/brayd/Desktop/Padilla-Coreano Lab/Social Memory/33_nov_p1_converted.mp4,0.0,1735.067,2341.400,15.000,social_agent,143.795,facial sniffing,Not defined,STATE,1896.867,1900.200,3.333,C:/Users/brayd/Desktop/Padilla-Coreano Lab/Social Memory/33_nov_p1_converted.mp4,28453,28503,,,,
33_nov_p1,2024-10-08 21:07:01.382,,Media file,player #1:C:/Users/brayd/Desktop/Padilla-Coreano Lab/Social Memory/33_nov_p1_converted.mp4,0.0,1735.067,2341.400,15.000,social_agent,143.795,facial sniffing,Not defined,STATE,1901.933,1904.133,2.200,C:/Users/brayd/Desktop/Padilla-Coreano Lab/Social Memory/33_nov_p1_converted.mp4,28529,28562,,,,
33_nov_p1,2024-10-08 21:07:01.382,,Media file,player #1:C:/Users/brayd/Desktop/Padilla-Coreano Lab/Social Memory/33_nov_p1_converted.mp4,0.0,1735.067,2341.400,15.000,social_agent,143.795,facial sniffing,Not defined,STATE,1907.000,1908.600,1.600,C:/Users/brayd/Desktop/Padilla-Coreano Lab/Social Memory/33_nov_p1_converted.mp4,28605,28629,,,,
33_nov_p1,2024-10-08 21:07:01.382,,Media file,player #1:C:/Users/brayd/Desktop/Padilla-Coreano Lab/Social Memory/33_nov_p1_converted.mp4,0.0,1735.067,2341.400,15.000,social_agent,143.795,anogenital sniffing,Not defined,STATE,1912.067,1915.467,3.400,C:/Users/brayd/Desktop/Padilla-Coreano Lab/Social Memory/33_nov_p1_converted.mp4,28681,28732,,,,
33_nov_p1,2024-10-08 21:07:01.382,,Media file,player #1:C:/Users/brayd/Desktop/Padilla-Coreano Lab/Social Memory/33_nov_p1_converted.mp4,0.0,1735.067,2341.400,15.000,social_agent,143.795,anogenital sniffing,Not defined,STATE,1916.867,1920.600,3.733,C:/Users/brayd/Desktop/Padilla-Coreano Lab/Social Memory/33_nov_p1_converted.mp4,28753,28809,,,,
33_nov_p1,2024-10-08 21:07:01.382,,Media file,player #1:C:/Users/brayd/Desktop/Padilla-Coreano Lab/Social Memory/33_nov_p1_converted.mp4,0.0,1735.067,2341.400,15.000,social_agent,143.795,facial sniffing,Not defined,STATE,1924.400,1936.733,12.333,C:/Users/brayd/Desktop/Padilla-Coreano Lab/Social Memory/33_nov_p1_converted.mp4,28866,29051,,,,
33_nov_p1,2024-10-08 21:07:01.382,,Media file,player #1:C:/Users/brayd/Desktop/Padilla-Coreano Lab/Social Memory/33_nov_p1_converted.mp4,0.0,1735.067,2341.400,15.000,social_agent,143.795,facial sniffing,Not defined,STATE,1938.933,1940.467,1.534,C:/Users/brayd/Desktop/Padilla-Coreano Lab/Social Memory/33_nov_p1_converted.mp4,29084,29107,,,,
33_nov_p1,2024-10-08 21:07:01.382,,Media file,player #1:C:/Users/brayd/Desktop/Padilla-Coreano Lab/Social Memory/33_nov_p1_converted.mp4,0.0,1735.067,2341.400,15.000,social_agent,143.795,facial sniffing,Not defined,STATE,1943.800,1947.000,3.200,C:/Users/brayd/Desktop/Padilla-Coreano Lab/Social Memory/33_nov_p1_converted.mp4,29157,29205,,,,
33_nov_p1,2024-10-08 21:07:01.382,,Media file,player #1:C:/Users/brayd/Desktop/Padilla-Coreano Lab/Social Memory/33_nov_p1_converted.mp4,0.0,1735.067,2341.400,15.000,social_agent,143.795,facial sniffing,Not defined,STATE,1949.667,1956.800,7.133,C:/Users/brayd/Desktop/Padilla-Coreano Lab/Social Memory/33_nov_p1_converted.mp4,29245,29352,,,,
33_nov_p1,2024-10-08 21:07:01.382,,Media file,player #1:C:/Users/brayd/Desktop/Padilla-Coreano Lab/Social Memory/33_nov_p1_converted.mp4,0.0,1735.067,2341.400,15.000,social_agent,143.795,facial sniffing,Not defined,STATE,1959.067,1963.133,4.066,C:/Users/brayd/Desktop/Padilla-Coreano Lab/Social Memory/33_nov_p1_converted.mp4,29386,29447,,,,
33_nov_p1,2024-10-08 21:07:01.382,,Media file,player #1:C:/Users/brayd/Desktop/Padilla-Coreano Lab/Social Memory/33_nov_p1_converted.mp4,0.0,1735.067,2341.400,15.000,social_agent,143.795,facial sniffing,Not defined,STATE,1976.600,1978.600,2.000,C:/Users/brayd/Desktop/Padilla-Coreano Lab/Social Memory/33_nov_p1_converted.mp4,29649,29679,,,,
33_nov_p1,2024-10-08 21:07:01.382,,Media file,player #1:C:/Users/brayd/Desktop/Padilla-Coreano Lab/Social Memory/33_nov_p1_converted.mp4,0.0,1735.067,2341.400,15.000,social_agent,143.795,mice taken out,Not defined,POINT,1982.667,1982.667,NA,C:/Users/brayd/Desktop/Padilla-Coreano Lab/Social Memory/33_nov_p1_converted.mp4,29740,29740,,,,
33_nov_p1,2024-10-08 21:07:01.382,,Media file,player #1:C:/Users/brayd/Desktop/Padilla-Coreano Lab/Social Memory/33_nov_p1_converted.mp4,0.0,1735.067,2341.400,15.000,social_agent,143.795,mice back in,Not defined,POINT,2042.600,2042.600,NA,C:/Users/brayd/Desktop/Padilla-Coreano Lab/Social Memory/33_nov_p1_converted.mp4,30639,30639,,,,
33_nov_p1,2024-10-08 21:07:01.382,,Media file,player #1:C:/Users/brayd/Desktop/Padilla-Coreano Lab/Social Memory/33_nov_p1_converted.mp4,0.0,1735.067,2341.400,15.000,subject,246.864,anogenital sniffing,Not defined,STATE,2051.933,2052.600,0.667,C:/Users/brayd/Desktop/Padilla-Coreano Lab/Social Memory/33_nov_p1_converted.mp4,30779,30789,,,,
33_nov_p1,2024-10-08 21:07:01.382,,Media file,player #1:C:/Users/brayd/Desktop/Padilla-Coreano Lab/Social Memory/33_nov_p1_converted.mp4,0.0,1735.067,2341.400,15.000,subject,246.864,anogenital sniffing,Not defined,STATE,2053.067,2054.333,1.266,C:/Users/brayd/Desktop/Padilla-Coreano Lab/Social Memory/33_nov_p1_converted.mp4,30796,30815,,,,
33_nov_p1,2024-10-08 21:07:01.382,,Media file,player #1:C:/Users/brayd/Desktop/Padilla-Coreano Lab/Social Memory/33_nov_p1_converted.mp4,0.0,1735.067,2341.400,15.000,subject,246.864,facial sniffing,Not defined,STATE,2054.600,2057.267,2.667,C:/Users/brayd/Desktop/Padilla-Coreano Lab/Social Memory/33_nov_p1_converted.mp4,30819,30859,,,,
33_nov_p1,2024-10-08 21:07:01.382,,Media file,player #1:C:/Users/brayd/Desktop/Padilla-Coreano Lab/Social Memory/33_nov_p1_converted.mp4,0.0,1735.067,2341.400,15.000,subject,246.864,anogenital sniffing,Not defined,STATE,2058.467,2061.667,3.200,C:/Users/brayd/Desktop/Padilla-Coreano Lab/Social Memory/33_nov_p1_converted.mp4,30877,30925,,,,
33_nov_p1,2024-10-08 21:07:01.382,,Media file,player #1:C:/Users/brayd/Desktop/Padilla-Coreano Lab/Social Memory/33_nov_p1_converted.mp4,0.0,1735.067,2341.400,15.000,subject,246.864,anogenital sniffing,Not defined,STATE,2066.400,2067.533,1.133,C:/Users/brayd/Desktop/Padilla-Coreano Lab/Social Memory/33_nov_p1_converted.mp4,30996,31013,,,,
33_nov_p1,2024-10-08 21:07:01.382,,Media file,player #1:C:/Users/brayd/Desktop/Padilla-Coreano Lab/Social Memory/33_nov_p1_converted.mp4,0.0,1735.067,2341.400,15.000,subject,246.864,facial sniffing,Not defined,STATE,2069.333,2072.667,3.334,C:/Users/brayd/Desktop/Padilla-Coreano Lab/Social Memory/33_nov_p1_converted.mp4,31040,31090,,,,
33_nov_p1,2024-10-08 21:07:01.382,,Media file,player #1:C:/Users/brayd/Desktop/Padilla-Coreano Lab/Social Memory/33_nov_p1_converted.mp4,0.0,1735.067,2341.400,15.000,subject,246.864,anogenital sniffing,Not defined,STATE,2076.933,2078.933,2.000,C:/Users/brayd/Desktop/Padilla-Coreano Lab/Social Memory/33_nov_p1_converted.mp4,31154,31184,,,,
33_nov_p1,2024-10-08 21:07:01.382,,Media file,player #1:C:/Users/brayd/Desktop/Padilla-Coreano Lab/Social Memory/33_nov_p1_converted.mp4,0.0,1735.067,2341.400,15.000,subject,246.864,facial sniffing,Not defined,STATE,2079.600,2087.733,8.133,C:/Users/brayd/Desktop/Padilla-Coreano Lab/Social Memory/33_nov_p1_converted.mp4,31194,31316,,,,
33_nov_p1,2024-10-08 21:07:01.382,,Media file,player #1:C:/Users/brayd/Desktop/Padilla-Coreano Lab/Social Memory/33_nov_p1_converted.mp4,0.0,1735.067,2341.400,15.000,subject,246.864,facial sniffing,Not defined,STATE,2094.667,2107.733,13.066,C:/Users/brayd/Desktop/Padilla-Coreano Lab/Social Memory/33_nov_p1_converted.mp4,31420,31616,,,,
33_nov_p1,2024-10-08 21:07:01.382,,Media file,player #1:C:/Users/brayd/Desktop/Padilla-Coreano Lab/Social Memory/33_nov_p1_converted.mp4,0.0,1735.067,2341.400,15.000,subject,246.864,facial sniffing,Not defined,STATE,2110.400,2111.467,1.067,C:/Users/brayd/Desktop/Padilla-Coreano Lab/Social Memory/33_nov_p1_converted.mp4,31656,31672,,,,
33_nov_p1,2024-10-08 21:07:01.382,,Media file,player #1:C:/Users/brayd/Desktop/Padilla-Coreano Lab/Social Memory/33_nov_p1_converted.mp4,0.0,1735.067,2341.400,15.000,subject,246.864,anogenital sniffing,Not defined,STATE,2112.667,2113.267,0.600,C:/Users/brayd/Desktop/Padilla-Coreano Lab/Social Memory/33_nov_p1_converted.mp4,31690,31699,,,,
33_nov_p1,2024-10-08 21:07:01.382,,Media file,player #1:C:/Users/brayd/Desktop/Padilla-Coreano Lab/Social Memory/33_nov_p1_converted.mp4,0.0,1735.067,2341.400,15.000,subject,246.864,facial sniffing,Not defined,STATE,2113.600,2115.733,2.133,C:/Users/brayd/Desktop/Padilla-Coreano Lab/Social Memory/33_nov_p1_converted.mp4,31704,31736,,,,
33_nov_p1,2024-10-08 21:07:01.382,,Media file,player #1:C:/Users/brayd/Desktop/Padilla-Coreano Lab/Social Memory/33_nov_p1_converted.mp4,0.0,1735.067,2341.400,15.000,subject,246.864,facial sniffing,Not defined,STATE,2118.000,2123.267,5.267,C:/Users/brayd/Desktop/Padilla-Coreano Lab/Social Memory/33_nov_p1_converted.mp4,31770,31849,,,,
33_nov_p1,2024-10-08 21:07:01.382,,Media file,player #1:C:/Users/brayd/Desktop/Padilla-Coreano Lab/Social Memory/33_nov_p1_converted.mp4,0.0,1735.067,2341.400,15.000,subject,246.864,facial sniffing,Not defined,STATE,2139.000,2142.667,3.667,C:/Users/brayd/Desktop/Padilla-Coreano Lab/Social Memory/33_nov_p1_converted.mp4,32085,32140,,,,
33_nov_p1,2024-10-08 21:07:01.382,,Media file,player #1:C:/Users/brayd/Desktop/Padilla-Coreano Lab/Social Memory/33_nov_p1_converted.mp4,0.0,1735.067,2341.400,15.000,subject,246.864,anogenital sniffing,Not defined,STATE,2143.133,2144.200,1.067,C:/Users/brayd/Desktop/Padilla-Coreano Lab/Social Memory/33_nov_p1_converted.mp4,32147,32163,,,,
33_nov_p1,2024-10-08 21:07:01.382,,Media file,player #1:C:/Users/brayd/Desktop/Padilla-Coreano Lab/Social Memory/33_nov_p1_converted.mp4,0.0,1735.067,2341.400,15.000,subject,246.864,facial sniffing,Not defined,STATE,2147.267,2152.600,5.333,C:/Users/brayd/Desktop/Padilla-Coreano Lab/Social Memory/33_nov_p1_converted.mp4,32209,32289,,,,
33_nov_p1,2024-10-08 21:07:01.382,,Media file,player #1:C:/Users/brayd/Desktop/Padilla-Coreano Lab/Social Memory/33_nov_p1_converted.mp4,0.0,1735.067,2341.400,15.000,subject,246.864,anogenital sniffing,Not defined,STATE,2158.600,2164.000,5.400,C:/Users/brayd/Desktop/Padilla-Coreano Lab/Social Memory/33_nov_p1_converted.mp4,32379,32460,,,,
33_nov_p1,2024-10-08 21:07:01.382,,Media file,player #1:C:/Users/brayd/Desktop/Padilla-Coreano Lab/Social Memory/33_nov_p1_converted.mp4,0.0,1735.067,2341.400,15.000,subject,246.864,anogenital sniffing,Not defined,STATE,2170.333,2173.933,3.600,C:/Users/brayd/Desktop/Padilla-Coreano Lab/Social Memory/33_nov_p1_converted.mp4,32555,32609,,,,
33_nov_p1,2024-10-08 21:07:01.382,,Media file,player #1:C:/Users/brayd/Desktop/Padilla-Coreano Lab/Social Memory/33_nov_p1_converted.mp4,0.0,1735.067,2341.400,15.000,subject,246.864,anogenital sniffing,Not defined,STATE,2179.200,2180.800,1.600,C:/Users/brayd/Desktop/Padilla-Coreano Lab/Social Memory/33_nov_p1_converted.mp4,32688,32712,,,,
33_nov_p1,2024-10-08 21:07:01.382,,Media file,player #1:C:/Users/brayd/Desktop/Padilla-Coreano Lab/Social Memory/33_nov_p1_converted.mp4,0.0,1735.067,2341.400,15.000,subject,246.864,anogenital sniffing,Not defined,STATE,2181.467,2183.933,2.466,C:/Users/brayd/Desktop/Padilla-Coreano Lab/Social Memory/33_nov_p1_converted.mp4,32722,32760,,,,
33_nov_p1,2024-10-08 21:07:01.382,,Media file,player #1:C:/Users/brayd/Desktop/Padilla-Coreano Lab/Social Memory/33_nov_p1_converted.mp4,0.0,1735.067,2341.400,15.000,subject,246.864,facial sniffing,Not defined,STATE,2185.067,2185.533,0.466,C:/Users/brayd/Desktop/Padilla-Coreano Lab/Social Memory/33_nov_p1_converted.mp4,32776,32783,,,,
33_nov_p1,2024-10-08 21:07:01.382,,Media file,player #1:C:/Users/brayd/Desktop/Padilla-Coreano Lab/Social Memory/33_nov_p1_converted.mp4,0.0,1735.067,2341.400,15.000,subject,246.864,anogenital sniffing,Not defined,STATE,2189.667,2190.533,0.866,C:/Users/brayd/Desktop/Padilla-Coreano Lab/Social Memory/33_nov_p1_converted.mp4,32845,32858,,,,
33_nov_p1,2024-10-08 21:07:01.382,,Media file,player #1:C:/Users/brayd/Desktop/Padilla-Coreano Lab/Social Memory/33_nov_p1_converted.mp4,0.0,1735.067,2341.400,15.000,subject,246.864,facial sniffing,Not defined,STATE,2203.533,2205.067,1.534,C:/Users/brayd/Desktop/Padilla-Coreano Lab/Social Memory/33_nov_p1_converted.mp4,33053,33076,,,,
33_nov_p1,2024-10-08 21:07:01.382,,Media file,player #1:C:/Users/brayd/Desktop/Padilla-Coreano Lab/Social Memory/33_nov_p1_converted.mp4,0.0,1735.067,2341.400,15.000,subject,246.864,facial sniffing,Not defined,STATE,2206.600,2207.467,0.867,C:/Users/brayd/Desktop/Padilla-Coreano Lab/Social Memory/33_nov_p1_converted.mp4,33099,33112,,,,
33_nov_p1,2024-10-08 21:07:01.382,,Media file,player #1:C:/Users/brayd/Desktop/Padilla-Coreano Lab/Social Memory/33_nov_p1_converted.mp4,0.0,1735.067,2341.400,15.000,subject,246.864,anogenital sniffing,Not defined,STATE,2210.333,2212.067,1.734,C:/Users/brayd/Desktop/Padilla-Coreano Lab/Social Memory/33_nov_p1_converted.mp4,33155,33181,,,,
33_nov_p1,2024-10-08 21:07:01.382,,Media file,player #1:C:/Users/brayd/Desktop/Padilla-Coreano Lab/Social Memory/33_nov_p1_converted.mp4,0.0,1735.067,2341.400,15.000,subject,246.864,facial sniffing,Not defined,STATE,2256.067,2258.600,2.533,C:/Users/brayd/Desktop/Padilla-Coreano Lab/Social Memory/33_nov_p1_converted.mp4,33841,33879,,,,
33_nov_p1,2024-10-08 21:07:01.382,,Media file,player #1:C:/Users/brayd/Desktop/Padilla-Coreano Lab/Social Memory/33_nov_p1_converted.mp4,0.0,1735.067,2341.400,15.000,subject,246.864,facial sniffing,Not defined,STATE,2259.400,2260.133,0.733,C:/Users/brayd/Desktop/Padilla-Coreano Lab/Social Memory/33_nov_p1_converted.mp4,33891,33902,,,,
33_nov_p1,2024-10-08 21:07:01.382,,Media file,player #1:C:/Users/brayd/Desktop/Padilla-Coreano Lab/Social Memory/33_nov_p1_converted.mp4,0.0,1735.067,2341.400,15.000,subject,246.864,facial sniffing,Not defined,STATE,2263.667,2267.933,4.266,C:/Users/brayd/Desktop/Padilla-Coreano Lab/Social Memory/33_nov_p1_converted.mp4,33955,34019,,,,
33_nov_p1,2024-10-08 21:07:01.382,,Media file,player #1:C:/Users/brayd/Desktop/Padilla-Coreano Lab/Social Memory/33_nov_p1_converted.mp4,0.0,1735.067,2341.400,15.000,subject,246.864,facial sniffing,Not defined,STATE,2273.067,2283.267,10.200,C:/Users/brayd/Desktop/Padilla-Coreano Lab/Social Memory/33_nov_p1_converted.mp4,34096,34249,,,,
33_nov_p1,2024-10-08 21:07:01.382,,Media file,player #1:C:/Users/brayd/Desktop/Padilla-Coreano Lab/Social Memory/33_nov_p1_converted.mp4,0.0,1735.067,2341.400,15.000,subject,246.864,facial sniffing,Not defined,STATE,2291.067,2295.933,4.866,C:/Users/brayd/Desktop/Padilla-Coreano Lab/Social Memory/33_nov_p1_converted.mp4,34366,34439,,,,
33_nov_p1,2024-10-08 21:07:01.382,,Media file,player #1:C:/Users/brayd/Desktop/Padilla-Coreano Lab/Social Memory/33_nov_p1_converted.mp4,0.0,1735.067,2341.400,15.000,subject,246.864,facial sniffing,Not defined,STATE,2303.067,2303.867,0.800,C:/Users/brayd/Desktop/Padilla-Coreano Lab/Social Memory/33_nov_p1_converted.mp4,34546,34558,,,,
33_nov_p1,2024-10-08 21:07:01.382,,Media file,player #1:C:/Users/brayd/Desktop/Padilla-Coreano Lab/Social Memory/33_nov_p1_converted.mp4,0.0,1735.067,2341.400,15.000,social_agent,143.795,facial sniffing,Not defined,STATE,2318.000,2318.933,0.933,C:/Users/brayd/Desktop/Padilla-Coreano Lab/Social Memory/33_nov_p1_converted.mp4,34770,34784,,,,
33_nov_p1,2024-10-08 21:07:01.382,,Media file,player #1:C:/Users/brayd/Desktop/Padilla-Coreano Lab/Social Memory/33_nov_p1_converted.mp4,0.0,1735.067,2341.400,15.000,social_agent,143.795,anogenital sniffing,Not defined,STATE,2319.267,2320.933,1.666,C:/Users/brayd/Desktop/Padilla-Coreano Lab/Social Memory/33_nov_p1_converted.mp4,34789,34814,,,,
33_nov_p1,2024-10-08 21:07:01.382,,Media file,player #1:C:/Users/brayd/Desktop/Padilla-Coreano Lab/Social Memory/33_nov_p1_converted.mp4,0.0,1735.067,2341.400,15.000,social_agent,143.795,facial sniffing,Not defined,STATE,2322.800,2325.333,2.533,C:/Users/brayd/Desktop/Padilla-Coreano Lab/Social Memory/33_nov_p1_converted.mp4,34842,34880,,,,
33_nov_p1,2024-10-08 21:07:01.382,,Media file,player #1:C:/Users/brayd/Desktop/Padilla-Coreano Lab/Social Memory/33_nov_p1_converted.mp4,0.0,1735.067,2341.400,15.000,social_agent,143.795,facial sniffing,Not defined,STATE,2336.333,2337.400,1.067,C:/Users/brayd/Desktop/Padilla-Coreano Lab/Social Memory/33_nov_p1_converted.mp4,35045,35061,,,,
