Observation id,Observation date,Description,Media file,Total length,FPS,Subject,Behavior,Behavioral category,Modifiers,Behavior type,Start (s),Stop (s),Duration (s),Comment start,Comment stop
41_cage_p1,2024-09-28 20:20:10,,/Users/naylajimenez/Downloads/41_cage_p1_converted.mp4,2341.800,15.0,subject,facial sniffing,,,STATE,603.533,603.733,0.200,,
41_cage_p1,2024-09-28 20:20:10,,/Users/naylajimenez/Downloads/41_cage_p1_converted.mp4,2341.800,15.0,social_agent,mice back in,,,POINT,603.533,603.533,NA,,
41_cage_p1,2024-09-28 20:20:10,,/Users/naylajimenez/Downloads/41_cage_p1_converted.mp4,2341.800,15.0,subject,anogenital sniffing,,,STATE,605.933,608.200,2.267,,
41_cage_p1,2024-09-28 20:20:10,,/Users/naylajimenez/Downloads/41_cage_p1_converted.mp4,2341.800,15.0,subject,anogenital sniffing,,,STATE,611.867,613.600,1.733,,
41_cage_p1,2024-09-28 20:20:10,,/Users/naylajimenez/Downloads/41_cage_p1_converted.mp4,2341.800,15.0,subject,anogenital sniffing,,,STATE,618.200,622.000,3.800,,
41_cage_p1,2024-09-28 20:20:10,,/Users/naylajimenez/Downloads/41_cage_p1_converted.mp4,2341.800,15.0,social_agent,facial sniffing,,,STATE,642.600,642.800,0.200,,
41_cage_p1,2024-09-28 20:20:10,,/Users/naylajimenez/Downloads/41_cage_p1_converted.mp4,2341.800,15.0,subject,facial sniffing,,,STATE,642.667,643.000,0.333,,
41_cage_p1,2024-09-28 20:20:10,,/Users/naylajimenez/Downloads/41_cage_p1_converted.mp4,2341.800,15.0,subject,anogenital sniffing,,,STATE,644.667,645.133,0.466,,
41_cage_p1,2024-09-28 20:20:10,,/Users/naylajimenez/Downloads/41_cage_p1_converted.mp4,2341.800,15.0,subject,anogenital sniffing,,,STATE,648.533,648.600,0.067,,
41_cage_p1,2024-09-28 20:20:10,,/Users/naylajimenez/Downloads/41_cage_p1_converted.mp4,2341.800,15.0,subject,anogenital sniffing,,,STATE,651.867,652.200,0.333,,
41_cage_p1,2024-09-28 20:20:10,,/Users/naylajimenez/Downloads/41_cage_p1_converted.mp4,2341.800,15.0,subject,facial sniffing,,,STATE,664.600,665.067,0.467,,
41_cage_p1,2024-09-28 20:20:10,,/Users/naylajimenez/Downloads/41_cage_p1_converted.mp4,2341.800,15.0,social_agent,facial sniffing,,,STATE,664.667,665.133,0.466,,
41_cage_p1,2024-09-28 20:20:10,,/Users/naylajimenez/Downloads/41_cage_p1_converted.mp4,2341.800,15.0,subject,anogenital sniffing,,,STATE,665.400,667.000,1.600,,
41_cage_p1,2024-09-28 20:20:10,,/Users/naylajimenez/Downloads/41_cage_p1_converted.mp4,2341.800,15.0,subject,facial sniffing,,,STATE,667.067,668.867,1.800,,
41_cage_p1,2024-09-28 20:20:10,,/Users/naylajimenez/Downloads/41_cage_p1_converted.mp4,2341.800,15.0,social_agent,facial sniffing,,,STATE,668.600,669.000,0.400,,
41_cage_p1,2024-09-28 20:20:10,,/Users/naylajimenez/Downloads/41_cage_p1_converted.mp4,2341.800,15.0,subject,anogenital sniffing,,,STATE,670.067,672.333,2.266,,
41_cage_p1,2024-09-28 20:20:10,,/Users/naylajimenez/Downloads/41_cage_p1_converted.mp4,2341.800,15.0,social_agent,anogenital sniffing,,,STATE,670.400,670.467,0.067,,
41_cage_p1,2024-09-28 20:20:10,,/Users/naylajimenez/Downloads/41_cage_p1_converted.mp4,2341.800,15.0,subject,anogenital sniffing,,,STATE,673.533,674.933,1.400,,
41_cage_p1,2024-09-28 20:20:10,,/Users/naylajimenez/Downloads/41_cage_p1_converted.mp4,2341.800,15.0,subject,anogenital sniffing,,,STATE,677.000,680.733,3.733,,
41_cage_p1,2024-09-28 20:20:10,,/Users/naylajimenez/Downloads/41_cage_p1_converted.mp4,2341.800,15.0,subject,anogenital sniffing,,,STATE,685.200,686.133,0.933,,
41_cage_p1,2024-09-28 20:20:10,,/Users/naylajimenez/Downloads/41_cage_p1_converted.mp4,2341.800,15.0,social_agent,facial sniffing,,,STATE,686.800,687.200,0.400,,
41_cage_p1,2024-09-28 20:20:10,,/Users/naylajimenez/Downloads/41_cage_p1_converted.mp4,2341.800,15.0,subject,anogenital sniffing,,,STATE,700.133,700.533,0.400,,
41_cage_p1,2024-09-28 20:20:10,,/Users/naylajimenez/Downloads/41_cage_p1_converted.mp4,2341.800,15.0,subject,facial sniffing,,,STATE,714.667,715.133,0.466,,
41_cage_p1,2024-09-28 20:20:10,,/Users/naylajimenez/Downloads/41_cage_p1_converted.mp4,2341.800,15.0,social_agent,facial sniffing,,,STATE,721.133,721.800,0.667,,
41_cage_p1,2024-09-28 20:20:10,,/Users/naylajimenez/Downloads/41_cage_p1_converted.mp4,2341.800,15.0,subject,facial sniffing,,,STATE,721.267,722.000,0.733,,
41_cage_p1,2024-09-28 20:20:10,,/Users/naylajimenez/Downloads/41_cage_p1_converted.mp4,2341.800,15.0,subject,facial sniffing,,,STATE,741.667,742.533,0.866,,
41_cage_p1,2024-09-28 20:20:10,,/Users/naylajimenez/Downloads/41_cage_p1_converted.mp4,2341.800,15.0,subject,anogenital sniffing,,,STATE,743.400,744.400,1.000,,
41_cage_p1,2024-09-28 20:20:10,,/Users/naylajimenez/Downloads/41_cage_p1_converted.mp4,2341.800,15.0,social_agent,facial sniffing,,,STATE,746.867,747.200,0.333,,
41_cage_p1,2024-09-28 20:20:10,,/Users/naylajimenez/Downloads/41_cage_p1_converted.mp4,2341.800,15.0,subject,facial sniffing,,,STATE,747.000,747.333,0.333,,
41_cage_p1,2024-09-28 20:20:10,,/Users/naylajimenez/Downloads/41_cage_p1_converted.mp4,2341.800,15.0,subject,anogenital sniffing,,,STATE,757.200,757.667,0.467,,
41_cage_p1,2024-09-28 20:20:10,,/Users/naylajimenez/Downloads/41_cage_p1_converted.mp4,2341.800,15.0,social_agent,anogenital sniffing,,,STATE,768.267,770.267,2.000,,
41_cage_p1,2024-09-28 20:20:10,,/Users/naylajimenez/Downloads/41_cage_p1_converted.mp4,2341.800,15.0,subject,facial sniffing,,,STATE,769.267,770.533,1.266,,
41_cage_p1,2024-09-28 20:20:10,,/Users/naylajimenez/Downloads/41_cage_p1_converted.mp4,2341.800,15.0,social_agent,anogenital sniffing,,,STATE,771.200,785.067,13.867,,
41_cage_p1,2024-09-28 20:20:10,,/Users/naylajimenez/Downloads/41_cage_p1_converted.mp4,2341.800,15.0,subject,anogenital sniffing,,,STATE,772.133,774.867,2.734,,
41_cage_p1,2024-09-28 20:20:10,,/Users/naylajimenez/Downloads/41_cage_p1_converted.mp4,2341.800,15.0,subject,anogenital sniffing,,,STATE,776.467,784.867,8.400,,
41_cage_p1,2024-09-28 20:20:10,,/Users/naylajimenez/Downloads/41_cage_p1_converted.mp4,2341.800,15.0,subject,facial sniffing,,,STATE,785.267,786.933,1.666,,
41_cage_p1,2024-09-28 20:20:10,,/Users/naylajimenez/Downloads/41_cage_p1_converted.mp4,2341.800,15.0,social_agent,facial sniffing,,,STATE,785.667,787.200,1.533,,
41_cage_p1,2024-09-28 20:20:10,,/Users/naylajimenez/Downloads/41_cage_p1_converted.mp4,2341.800,15.0,social_agent,anogenital sniffing,,,STATE,788.400,788.800,0.400,,
41_cage_p1,2024-09-28 20:20:10,,/Users/naylajimenez/Downloads/41_cage_p1_converted.mp4,2341.800,15.0,subject,facial sniffing,,,STATE,789.067,791.333,2.266,,
41_cage_p1,2024-09-28 20:20:10,,/Users/naylajimenez/Downloads/41_cage_p1_converted.mp4,2341.800,15.0,social_agent,facial sniffing,,,STATE,789.133,790.333,1.200,,
41_cage_p1,2024-09-28 20:20:10,,/Users/naylajimenez/Downloads/41_cage_p1_converted.mp4,2341.800,15.0,social_agent,anogenital sniffing,,,STATE,791.400,792.000,0.600,,
41_cage_p1,2024-09-28 20:20:10,,/Users/naylajimenez/Downloads/41_cage_p1_converted.mp4,2341.800,15.0,social_agent,anogenital sniffing,,,STATE,793.800,795.533,1.733,,
41_cage_p1,2024-09-28 20:20:10,,/Users/naylajimenez/Downloads/41_cage_p1_converted.mp4,2341.800,15.0,subject,fighting,,,STATE,796.000,796.600,0.600,,
41_cage_p1,2024-09-28 20:20:10,,/Users/naylajimenez/Downloads/41_cage_p1_converted.mp4,2341.800,15.0,social_agent,facial sniffing,,,STATE,798.867,799.000,0.133,,
41_cage_p1,2024-09-28 20:20:10,,/Users/naylajimenez/Downloads/41_cage_p1_converted.mp4,2341.800,15.0,subject,facial sniffing,,,STATE,798.933,799.333,0.400,,
41_cage_p1,2024-09-28 20:20:10,,/Users/naylajimenez/Downloads/41_cage_p1_converted.mp4,2341.800,15.0,social_agent,anogenital sniffing,,,STATE,800.533,806.133,5.600,,
41_cage_p1,2024-09-28 20:20:10,,/Users/naylajimenez/Downloads/41_cage_p1_converted.mp4,2341.800,15.0,social_agent,anogenital sniffing,,,STATE,810.133,816.267,6.134,,
41_cage_p1,2024-09-28 20:20:10,,/Users/naylajimenez/Downloads/41_cage_p1_converted.mp4,2341.800,15.0,subject,facial sniffing,,,STATE,810.533,811.867,1.334,,
41_cage_p1,2024-09-28 20:20:10,,/Users/naylajimenez/Downloads/41_cage_p1_converted.mp4,2341.800,15.0,social_agent,anogenital sniffing,,,STATE,816.800,828.000,11.200,,
41_cage_p1,2024-09-28 20:20:10,,/Users/naylajimenez/Downloads/41_cage_p1_converted.mp4,2341.800,15.0,social_agent,anogenital sniffing,,,STATE,830.400,830.933,0.533,,
41_cage_p1,2024-09-28 20:20:10,,/Users/naylajimenez/Downloads/41_cage_p1_converted.mp4,2341.800,15.0,subject,facial sniffing,,,STATE,831.200,831.667,0.467,,
41_cage_p1,2024-09-28 20:20:10,,/Users/naylajimenez/Downloads/41_cage_p1_converted.mp4,2341.800,15.0,social_agent,anogenital sniffing,,,STATE,831.600,831.800,0.200,,
41_cage_p1,2024-09-28 20:20:10,,/Users/naylajimenez/Downloads/41_cage_p1_converted.mp4,2341.800,15.0,social_agent,anogenital sniffing,,,STATE,833.267,836.133,2.866,,
41_cage_p1,2024-09-28 20:20:10,,/Users/naylajimenez/Downloads/41_cage_p1_converted.mp4,2341.800,15.0,subject,facial sniffing,,,STATE,836.867,837.333,0.466,,
41_cage_p1,2024-09-28 20:20:10,,/Users/naylajimenez/Downloads/41_cage_p1_converted.mp4,2341.800,15.0,social_agent,facial sniffing,,,STATE,836.867,837.267,0.400,,
41_cage_p1,2024-09-28 20:20:10,,/Users/naylajimenez/Downloads/41_cage_p1_converted.mp4,2341.800,15.0,social_agent,anogenital sniffing,,,STATE,837.933,840.733,2.800,,
41_cage_p1,2024-09-28 20:20:10,,/Users/naylajimenez/Downloads/41_cage_p1_converted.mp4,2341.800,15.0,social_agent,facial sniffing,,,STATE,841.000,841.667,0.667,,
41_cage_p1,2024-09-28 20:20:10,,/Users/naylajimenez/Downloads/41_cage_p1_converted.mp4,2341.800,15.0,subject,facial sniffing,,,STATE,841.067,841.667,0.600,,
41_cage_p1,2024-09-28 20:20:10,,/Users/naylajimenez/Downloads/41_cage_p1_converted.mp4,2341.800,15.0,social_agent,anogenital sniffing,,,STATE,841.867,849.600,7.733,,
41_cage_p1,2024-09-28 20:20:10,,/Users/naylajimenez/Downloads/41_cage_p1_converted.mp4,2341.800,15.0,subject,facial sniffing,,,STATE,842.400,842.800,0.400,,
41_cage_p1,2024-09-28 20:20:10,,/Users/naylajimenez/Downloads/41_cage_p1_converted.mp4,2341.800,15.0,subject,facial sniffing,,,STATE,853.133,853.467,0.334,,
41_cage_p1,2024-09-28 20:20:10,,/Users/naylajimenez/Downloads/41_cage_p1_converted.mp4,2341.800,15.0,social_agent,anogenital sniffing,,,STATE,853.267,856.333,3.066,,
41_cage_p1,2024-09-28 20:20:10,,/Users/naylajimenez/Downloads/41_cage_p1_converted.mp4,2341.800,15.0,subject,fighting,,,STATE,856.733,860.200,3.467,,
41_cage_p1,2024-09-28 20:20:10,,/Users/naylajimenez/Downloads/41_cage_p1_converted.mp4,2341.800,15.0,subject,fighting,,,STATE,861.133,861.800,0.667,,
41_cage_p1,2024-09-28 20:20:10,,/Users/naylajimenez/Downloads/41_cage_p1_converted.mp4,2341.800,15.0,social_agent,anogenital sniffing,,,STATE,862.667,872.133,9.466,,
41_cage_p1,2024-09-28 20:20:10,,/Users/naylajimenez/Downloads/41_cage_p1_converted.mp4,2341.800,15.0,subject,facial sniffing,,,STATE,872.267,872.667,0.400,,
41_cage_p1,2024-09-28 20:20:10,,/Users/naylajimenez/Downloads/41_cage_p1_converted.mp4,2341.800,15.0,social_agent,anogenital sniffing,,,STATE,874.067,876.267,2.200,,
41_cage_p1,2024-09-28 20:20:10,,/Users/naylajimenez/Downloads/41_cage_p1_converted.mp4,2341.800,15.0,subject,facial sniffing,,,STATE,874.667,875.333,0.666,,
41_cage_p1,2024-09-28 20:20:10,,/Users/naylajimenez/Downloads/41_cage_p1_converted.mp4,2341.800,15.0,subject,fighting,,,STATE,876.400,879.267,2.867,,
41_cage_p1,2024-09-28 20:20:10,,/Users/naylajimenez/Downloads/41_cage_p1_converted.mp4,2341.800,15.0,social_agent,anogenital sniffing,,,STATE,882.067,883.200,1.133,,
41_cage_p1,2024-09-28 20:20:10,,/Users/naylajimenez/Downloads/41_cage_p1_converted.mp4,2341.800,15.0,subject,facial sniffing,,,STATE,885.333,885.867,0.534,,
41_cage_p1,2024-09-28 20:20:10,,/Users/naylajimenez/Downloads/41_cage_p1_converted.mp4,2341.800,15.0,subject,facial sniffing,,,STATE,888.800,889.000,0.200,,
41_cage_p1,2024-09-28 20:20:10,,/Users/naylajimenez/Downloads/41_cage_p1_converted.mp4,2341.800,15.0,social_agent,anogenital sniffing,,,STATE,889.800,896.800,7.000,,
41_cage_p1,2024-09-28 20:20:10,,/Users/naylajimenez/Downloads/41_cage_p1_converted.mp4,2341.800,15.0,subject,facial sniffing,,,STATE,890.467,893.133,2.666,,
41_cage_p1,2024-09-28 20:20:10,,/Users/naylajimenez/Downloads/41_cage_p1_converted.mp4,2341.800,15.0,social_agent,mice taken out,,,POINT,899.667,899.667,NA,,
41_cage_p1,2024-09-28 20:20:10,,/Users/naylajimenez/Downloads/41_cage_p1_converted.mp4,2341.800,15.0,social_agent,mice back in,,,POINT,963.267,963.267,NA,,
41_cage_p1,2024-09-28 20:20:10,,/Users/naylajimenez/Downloads/41_cage_p1_converted.mp4,2341.800,15.0,subject,facial sniffing,,,STATE,964.333,965.800,1.467,,
41_cage_p1,2024-09-28 20:20:10,,/Users/naylajimenez/Downloads/41_cage_p1_converted.mp4,2341.800,15.0,social_agent,facial sniffing,,,STATE,964.400,965.733,1.333,,
41_cage_p1,2024-09-28 20:20:10,,/Users/naylajimenez/Downloads/41_cage_p1_converted.mp4,2341.800,15.0,subject,anogenital sniffing,,,STATE,967.933,968.733,0.800,,
41_cage_p1,2024-09-28 20:20:10,,/Users/naylajimenez/Downloads/41_cage_p1_converted.mp4,2341.800,15.0,subject,facial sniffing,,,STATE,969.733,972.333,2.600,,
41_cage_p1,2024-09-28 20:20:10,,/Users/naylajimenez/Downloads/41_cage_p1_converted.mp4,2341.800,15.0,subject,anogenital sniffing,,,STATE,974.000,975.533,1.533,,
41_cage_p1,2024-09-28 20:20:10,,/Users/naylajimenez/Downloads/41_cage_p1_converted.mp4,2341.800,15.0,subject,facial sniffing,,,STATE,981.067,986.200,5.133,,
41_cage_p1,2024-09-28 20:20:10,,/Users/naylajimenez/Downloads/41_cage_p1_converted.mp4,2341.800,15.0,social_agent,facial sniffing,,,STATE,981.200,982.333,1.133,,
41_cage_p1,2024-09-28 20:20:10,,/Users/naylajimenez/Downloads/41_cage_p1_converted.mp4,2341.800,15.0,social_agent,facial sniffing,,,STATE,984.000,986.133,2.133,,
41_cage_p1,2024-09-28 20:20:10,,/Users/naylajimenez/Downloads/41_cage_p1_converted.mp4,2341.800,15.0,subject,anogenital sniffing,,,STATE,988.600,989.333,0.733,,
41_cage_p1,2024-09-28 20:20:10,,/Users/naylajimenez/Downloads/41_cage_p1_converted.mp4,2341.800,15.0,subject,anogenital sniffing,,,STATE,990.133,996.400,6.267,,
41_cage_p1,2024-09-28 20:20:10,,/Users/naylajimenez/Downloads/41_cage_p1_converted.mp4,2341.800,15.0,social_agent,anogenital sniffing,,,STATE,997.067,997.467,0.400,,
41_cage_p1,2024-09-28 20:20:10,,/Users/naylajimenez/Downloads/41_cage_p1_converted.mp4,2341.800,15.0,subject,facial sniffing,,,STATE,997.400,997.933,0.533,,
41_cage_p1,2024-09-28 20:20:10,,/Users/naylajimenez/Downloads/41_cage_p1_converted.mp4,2341.800,15.0,social_agent,anogenital sniffing,,,STATE,999.067,1004.400,5.333,,
41_cage_p1,2024-09-28 20:20:10,,/Users/naylajimenez/Downloads/41_cage_p1_converted.mp4,2341.800,15.0,subject,facial sniffing,,,STATE,999.600,1003.733,4.133,,
41_cage_p1,2024-09-28 20:20:10,,/Users/naylajimenez/Downloads/41_cage_p1_converted.mp4,2341.800,15.0,social_agent,anogenital sniffing,,,STATE,1006.733,1007.400,0.667,,
41_cage_p1,2024-09-28 20:20:10,,/Users/naylajimenez/Downloads/41_cage_p1_converted.mp4,2341.800,15.0,subject,anogenital sniffing,,,STATE,1008.467,1010.333,1.866,,
41_cage_p1,2024-09-28 20:20:10,,/Users/naylajimenez/Downloads/41_cage_p1_converted.mp4,2341.800,15.0,social_agent,anogenital sniffing,,,STATE,1011.467,1012.467,1.000,,
41_cage_p1,2024-09-28 20:20:10,,/Users/naylajimenez/Downloads/41_cage_p1_converted.mp4,2341.800,15.0,social_agent,facial sniffing,,,STATE,1012.667,1013.000,0.333,,
41_cage_p1,2024-09-28 20:20:10,,/Users/naylajimenez/Downloads/41_cage_p1_converted.mp4,2341.800,15.0,social_agent,facial sniffing,,,STATE,1017.600,1017.800,0.200,,
41_cage_p1,2024-09-28 20:20:10,,/Users/naylajimenez/Downloads/41_cage_p1_converted.mp4,2341.800,15.0,subject,facial sniffing,,,STATE,1035.800,1037.533,1.733,,
41_cage_p1,2024-09-28 20:20:10,,/Users/naylajimenez/Downloads/41_cage_p1_converted.mp4,2341.800,15.0,social_agent,facial sniffing,,,STATE,1037.267,1037.467,0.200,,
41_cage_p1,2024-09-28 20:20:10,,/Users/naylajimenez/Downloads/41_cage_p1_converted.mp4,2341.800,15.0,subject,anogenital sniffing,,,STATE,1040.133,1041.600,1.467,,
41_cage_p1,2024-09-28 20:20:10,,/Users/naylajimenez/Downloads/41_cage_p1_converted.mp4,2341.800,15.0,subject,facial sniffing,,,STATE,1042.000,1043.200,1.200,,
41_cage_p1,2024-09-28 20:20:10,,/Users/naylajimenez/Downloads/41_cage_p1_converted.mp4,2341.800,15.0,social_agent,facial sniffing,,,STATE,1042.000,1042.733,0.733,,
41_cage_p1,2024-09-28 20:20:10,,/Users/naylajimenez/Downloads/41_cage_p1_converted.mp4,2341.800,15.0,social_agent,anogenital sniffing,,,STATE,1044.200,1046.200,2.000,,
41_cage_p1,2024-09-28 20:20:10,,/Users/naylajimenez/Downloads/41_cage_p1_converted.mp4,2341.800,15.0,subject,anogenital sniffing,,,STATE,1045.000,1046.200,1.200,,
41_cage_p1,2024-09-28 20:20:10,,/Users/naylajimenez/Downloads/41_cage_p1_converted.mp4,2341.800,15.0,subject,facial sniffing,,,STATE,1046.400,1048.267,1.867,,
41_cage_p1,2024-09-28 20:20:10,,/Users/naylajimenez/Downloads/41_cage_p1_converted.mp4,2341.800,15.0,social_agent,facial sniffing,,,STATE,1046.533,1047.267,0.734,,
41_cage_p1,2024-09-28 20:20:10,,/Users/naylajimenez/Downloads/41_cage_p1_converted.mp4,2341.800,15.0,social_agent,anogenital sniffing,,,STATE,1050.733,1051.067,0.334,,
41_cage_p1,2024-09-28 20:20:10,,/Users/naylajimenez/Downloads/41_cage_p1_converted.mp4,2341.800,15.0,social_agent,anogenital sniffing,,,STATE,1053.200,1054.267,1.067,,
41_cage_p1,2024-09-28 20:20:10,,/Users/naylajimenez/Downloads/41_cage_p1_converted.mp4,2341.800,15.0,subject,facial sniffing,,,STATE,1053.933,1057.467,3.534,,
41_cage_p1,2024-09-28 20:20:10,,/Users/naylajimenez/Downloads/41_cage_p1_converted.mp4,2341.800,15.0,social_agent,facial sniffing,,,STATE,1054.733,1056.667,1.934,,
41_cage_p1,2024-09-28 20:20:10,,/Users/naylajimenez/Downloads/41_cage_p1_converted.mp4,2341.800,15.0,social_agent,anogenital sniffing,,,STATE,1057.133,1064.133,7.000,,
41_cage_p1,2024-09-28 20:20:10,,/Users/naylajimenez/Downloads/41_cage_p1_converted.mp4,2341.800,15.0,subject,anogenital sniffing,,,STATE,1061.133,1062.400,1.267,,
41_cage_p1,2024-09-28 20:20:10,,/Users/naylajimenez/Downloads/41_cage_p1_converted.mp4,2341.800,15.0,subject,facial sniffing,,,STATE,1063.067,1065.400,2.333,,
41_cage_p1,2024-09-28 20:20:10,,/Users/naylajimenez/Downloads/41_cage_p1_converted.mp4,2341.800,15.0,social_agent,anogenital sniffing,,,STATE,1065.600,1073.333,7.733,,
41_cage_p1,2024-09-28 20:20:10,,/Users/naylajimenez/Downloads/41_cage_p1_converted.mp4,2341.800,15.0,subject,facial sniffing,,,STATE,1065.933,1067.133,1.200,,
41_cage_p1,2024-09-28 20:20:10,,/Users/naylajimenez/Downloads/41_cage_p1_converted.mp4,2341.800,15.0,subject,anogenital sniffing,,,STATE,1074.000,1074.867,0.867,,
41_cage_p1,2024-09-28 20:20:10,,/Users/naylajimenez/Downloads/41_cage_p1_converted.mp4,2341.800,15.0,social_agent,anogenital sniffing,,,STATE,1074.467,1081.267,6.800,,
41_cage_p1,2024-09-28 20:20:10,,/Users/naylajimenez/Downloads/41_cage_p1_converted.mp4,2341.800,15.0,social_agent,anogenital sniffing,,,STATE,1082.800,1082.933,0.133,,
41_cage_p1,2024-09-28 20:20:10,,/Users/naylajimenez/Downloads/41_cage_p1_converted.mp4,2341.800,15.0,subject,facial sniffing,,,STATE,1083.067,1088.667,5.600,,
41_cage_p1,2024-09-28 20:20:10,,/Users/naylajimenez/Downloads/41_cage_p1_converted.mp4,2341.800,15.0,social_agent,facial sniffing,,,STATE,1083.133,1083.933,0.800,,
41_cage_p1,2024-09-28 20:20:10,,/Users/naylajimenez/Downloads/41_cage_p1_converted.mp4,2341.800,15.0,social_agent,anogenital sniffing,,,STATE,1084.333,1084.533,0.200,,
41_cage_p1,2024-09-28 20:20:10,,/Users/naylajimenez/Downloads/41_cage_p1_converted.mp4,2341.800,15.0,social_agent,facial sniffing,,,STATE,1084.933,1086.200,1.267,,
41_cage_p1,2024-09-28 20:20:10,,/Users/naylajimenez/Downloads/41_cage_p1_converted.mp4,2341.800,15.0,social_agent,anogenital sniffing,,,STATE,1086.733,1087.333,0.600,,
41_cage_p1,2024-09-28 20:20:10,,/Users/naylajimenez/Downloads/41_cage_p1_converted.mp4,2341.800,15.0,subject,anogenital sniffing,,,STATE,1100.600,1106.133,5.533,,
41_cage_p1,2024-09-28 20:20:10,,/Users/naylajimenez/Downloads/41_cage_p1_converted.mp4,2341.800,15.0,social_agent,anogenital sniffing,,,STATE,1107.067,1108.600,1.533,,
41_cage_p1,2024-09-28 20:20:10,,/Users/naylajimenez/Downloads/41_cage_p1_converted.mp4,2341.800,15.0,subject,facial sniffing,,,STATE,1108.000,1109.400,1.400,,
41_cage_p1,2024-09-28 20:20:10,,/Users/naylajimenez/Downloads/41_cage_p1_converted.mp4,2341.800,15.0,subject,facial sniffing,,,STATE,1112.733,1113.333,0.600,,
41_cage_p1,2024-09-28 20:20:10,,/Users/naylajimenez/Downloads/41_cage_p1_converted.mp4,2341.800,15.0,subject,anogenital sniffing,,,STATE,1114.133,1114.667,0.534,,
41_cage_p1,2024-09-28 20:20:10,,/Users/naylajimenez/Downloads/41_cage_p1_converted.mp4,2341.800,15.0,subject,facial sniffing,,,STATE,1120.000,1120.200,0.200,,
41_cage_p1,2024-09-28 20:20:10,,/Users/naylajimenez/Downloads/41_cage_p1_converted.mp4,2341.800,15.0,social_agent,facial sniffing,,,STATE,1120.000,1120.200,0.200,,
41_cage_p1,2024-09-28 20:20:10,,/Users/naylajimenez/Downloads/41_cage_p1_converted.mp4,2341.800,15.0,subject,anogenital sniffing,,,STATE,1131.933,1133.267,1.334,,
41_cage_p1,2024-09-28 20:20:10,,/Users/naylajimenez/Downloads/41_cage_p1_converted.mp4,2341.800,15.0,subject,facial sniffing,,,STATE,1136.667,1137.400,0.733,,
41_cage_p1,2024-09-28 20:20:10,,/Users/naylajimenez/Downloads/41_cage_p1_converted.mp4,2341.800,15.0,subject,facial sniffing,,,STATE,1138.000,1139.133,1.133,,
41_cage_p1,2024-09-28 20:20:10,,/Users/naylajimenez/Downloads/41_cage_p1_converted.mp4,2341.800,15.0,subject,anogenital sniffing,,,STATE,1140.267,1142.467,2.200,,
41_cage_p1,2024-09-28 20:20:10,,/Users/naylajimenez/Downloads/41_cage_p1_converted.mp4,2341.800,15.0,subject,anogenital sniffing,,,STATE,1144.333,1145.000,0.667,,
41_cage_p1,2024-09-28 20:20:10,,/Users/naylajimenez/Downloads/41_cage_p1_converted.mp4,2341.800,15.0,social_agent,facial sniffing,,,STATE,1145.467,1145.600,0.133,,
41_cage_p1,2024-09-28 20:20:10,,/Users/naylajimenez/Downloads/41_cage_p1_converted.mp4,2341.800,15.0,subject,anogenital sniffing,,,STATE,1146.133,1147.133,1.000,,
41_cage_p1,2024-09-28 20:20:10,,/Users/naylajimenez/Downloads/41_cage_p1_converted.mp4,2341.800,15.0,subject,facial sniffing,,,STATE,1147.400,1148.733,1.333,,
41_cage_p1,2024-09-28 20:20:10,,/Users/naylajimenez/Downloads/41_cage_p1_converted.mp4,2341.800,15.0,social_agent,facial sniffing,,,STATE,1147.400,1148.867,1.467,,
41_cage_p1,2024-09-28 20:20:10,,/Users/naylajimenez/Downloads/41_cage_p1_converted.mp4,2341.800,15.0,subject,anogenital sniffing,,,STATE,1149.333,1150.200,0.867,,
41_cage_p1,2024-09-28 20:20:10,,/Users/naylajimenez/Downloads/41_cage_p1_converted.mp4,2341.800,15.0,social_agent,anogenital sniffing,,,STATE,1149.333,1152.267,2.934,,
41_cage_p1,2024-09-28 20:20:10,,/Users/naylajimenez/Downloads/41_cage_p1_converted.mp4,2341.800,15.0,social_agent,anogenital sniffing,,,STATE,1155.533,1156.733,1.200,,
41_cage_p1,2024-09-28 20:20:10,,/Users/naylajimenez/Downloads/41_cage_p1_converted.mp4,2341.800,15.0,subject,facial sniffing,,,STATE,1156.800,1157.733,0.933,,
41_cage_p1,2024-09-28 20:20:10,,/Users/naylajimenez/Downloads/41_cage_p1_converted.mp4,2341.800,15.0,subject,facial sniffing,,,STATE,1158.400,1161.133,2.733,,
41_cage_p1,2024-09-28 20:20:10,,/Users/naylajimenez/Downloads/41_cage_p1_converted.mp4,2341.800,15.0,social_agent,facial sniffing,,,STATE,1158.533,1159.667,1.134,,
41_cage_p1,2024-09-28 20:20:10,,/Users/naylajimenez/Downloads/41_cage_p1_converted.mp4,2341.800,15.0,social_agent,anogenital sniffing,,,STATE,1160.200,1161.000,0.800,,
41_cage_p1,2024-09-28 20:20:10,,/Users/naylajimenez/Downloads/41_cage_p1_converted.mp4,2341.800,15.0,social_agent,facial sniffing,,,STATE,1165.600,1166.933,1.333,,
41_cage_p1,2024-09-28 20:20:10,,/Users/naylajimenez/Downloads/41_cage_p1_converted.mp4,2341.800,15.0,subject,facial sniffing,,,STATE,1165.800,1169.867,4.067,,
41_cage_p1,2024-09-28 20:20:10,,/Users/naylajimenez/Downloads/41_cage_p1_converted.mp4,2341.800,15.0,social_agent,facial sniffing,,,STATE,1168.267,1169.733,1.466,,
41_cage_p1,2024-09-28 20:20:10,,/Users/naylajimenez/Downloads/41_cage_p1_converted.mp4,2341.800,15.0,subject,facial sniffing,,,STATE,1171.533,1172.533,1.000,,
41_cage_p1,2024-09-28 20:20:10,,/Users/naylajimenez/Downloads/41_cage_p1_converted.mp4,2341.800,15.0,subject,anogenital sniffing,,,STATE,1174.600,1174.867,0.267,,
41_cage_p1,2024-09-28 20:20:10,,/Users/naylajimenez/Downloads/41_cage_p1_converted.mp4,2341.800,15.0,social_agent,facial sniffing,,,STATE,1176.133,1177.533,1.400,,
41_cage_p1,2024-09-28 20:20:10,,/Users/naylajimenez/Downloads/41_cage_p1_converted.mp4,2341.800,15.0,subject,anogenital sniffing,,,STATE,1176.533,1179.667,3.134,,
41_cage_p1,2024-09-28 20:20:10,,/Users/naylajimenez/Downloads/41_cage_p1_converted.mp4,2341.800,15.0,social_agent,anogenital sniffing,,,STATE,1180.667,1187.800,7.133,,
41_cage_p1,2024-09-28 20:20:10,,/Users/naylajimenez/Downloads/41_cage_p1_converted.mp4,2341.800,15.0,subject,facial sniffing,,,STATE,1192.800,1193.133,0.333,,
41_cage_p1,2024-09-28 20:20:10,,/Users/naylajimenez/Downloads/41_cage_p1_converted.mp4,2341.800,15.0,social_agent,facial sniffing,,,STATE,1192.867,1193.067,0.200,,
41_cage_p1,2024-09-28 20:20:10,,/Users/naylajimenez/Downloads/41_cage_p1_converted.mp4,2341.800,15.0,subject,facial sniffing,,,STATE,1196.133,1197.000,0.867,,
41_cage_p1,2024-09-28 20:20:10,,/Users/naylajimenez/Downloads/41_cage_p1_converted.mp4,2341.800,15.0,subject,anogenital sniffing,,,STATE,1214.533,1214.800,0.267,,
41_cage_p1,2024-09-28 20:20:10,,/Users/naylajimenez/Downloads/41_cage_p1_converted.mp4,2341.800,15.0,subject,facial sniffing,,,STATE,1215.133,1216.600,1.467,,
41_cage_p1,2024-09-28 20:20:10,,/Users/naylajimenez/Downloads/41_cage_p1_converted.mp4,2341.800,15.0,social_agent,facial sniffing,,,STATE,1215.200,1216.133,0.933,,
41_cage_p1,2024-09-28 20:20:10,,/Users/naylajimenez/Downloads/41_cage_p1_converted.mp4,2341.800,15.0,subject,facial sniffing,,,STATE,1224.267,1224.667,0.400,,
41_cage_p1,2024-09-28 20:20:10,,/Users/naylajimenez/Downloads/41_cage_p1_converted.mp4,2341.800,15.0,subject,anogenital sniffing,,,STATE,1225.000,1225.600,0.600,,
41_cage_p1,2024-09-28 20:20:10,,/Users/naylajimenez/Downloads/41_cage_p1_converted.mp4,2341.800,15.0,social_agent,mice taken out,,,POINT,1259.600,1259.600,NA,,
41_cage_p1,2024-09-28 20:20:10,,/Users/naylajimenez/Downloads/41_cage_p1_converted.mp4,2341.800,15.0,social_agent,mice back in,,,POINT,1327.067,1327.067,NA,,
41_cage_p1,2024-09-28 20:20:10,,/Users/naylajimenez/Downloads/41_cage_p1_converted.mp4,2341.800,15.0,subject,facial sniffing,,,STATE,1341.067,1341.333,0.266,,
41_cage_p1,2024-09-28 20:20:10,,/Users/naylajimenez/Downloads/41_cage_p1_converted.mp4,2341.800,15.0,social_agent,facial sniffing,,,STATE,1341.200,1341.533,0.333,,
41_cage_p1,2024-09-28 20:20:10,,/Users/naylajimenez/Downloads/41_cage_p1_converted.mp4,2341.800,15.0,subject,facial sniffing,,,STATE,1342.000,1343.067,1.067,,
41_cage_p1,2024-09-28 20:20:10,,/Users/naylajimenez/Downloads/41_cage_p1_converted.mp4,2341.800,15.0,social_agent,facial sniffing,,,STATE,1342.200,1342.333,0.133,,
41_cage_p1,2024-09-28 20:20:10,,/Users/naylajimenez/Downloads/41_cage_p1_converted.mp4,2341.800,15.0,subject,anogenital sniffing,,,STATE,1343.733,1344.333,0.600,,
41_cage_p1,2024-09-28 20:20:10,,/Users/naylajimenez/Downloads/41_cage_p1_converted.mp4,2341.800,15.0,subject,anogenital sniffing,,,STATE,1345.667,1348.267,2.600,,
41_cage_p1,2024-09-28 20:20:10,,/Users/naylajimenez/Downloads/41_cage_p1_converted.mp4,2341.800,15.0,social_agent,facial sniffing,,,STATE,1347.333,1347.600,0.267,,
41_cage_p1,2024-09-28 20:20:10,,/Users/naylajimenez/Downloads/41_cage_p1_converted.mp4,2341.800,15.0,subject,facial sniffing,,,STATE,1348.667,1350.000,1.333,,
41_cage_p1,2024-09-28 20:20:10,,/Users/naylajimenez/Downloads/41_cage_p1_converted.mp4,2341.800,15.0,social_agent,facial sniffing,,,STATE,1349.467,1351.000,1.533,,
41_cage_p1,2024-09-28 20:20:10,,/Users/naylajimenez/Downloads/41_cage_p1_converted.mp4,2341.800,15.0,subject,facial sniffing,,,STATE,1355.667,1360.533,4.866,,
41_cage_p1,2024-09-28 20:20:10,,/Users/naylajimenez/Downloads/41_cage_p1_converted.mp4,2341.800,15.0,social_agent,anogenital sniffing,,,STATE,1368.867,1369.333,0.466,,
41_cage_p1,2024-09-28 20:20:10,,/Users/naylajimenez/Downloads/41_cage_p1_converted.mp4,2341.800,15.0,subject,facial sniffing,,,STATE,1386.733,1389.667,2.934,,
41_cage_p1,2024-09-28 20:20:10,,/Users/naylajimenez/Downloads/41_cage_p1_converted.mp4,2341.800,15.0,social_agent,facial sniffing,,,STATE,1386.733,1386.933,0.200,,
41_cage_p1,2024-09-28 20:20:10,,/Users/naylajimenez/Downloads/41_cage_p1_converted.mp4,2341.800,15.0,social_agent,facial sniffing,,,STATE,1388.667,1389.600,0.933,,
41_cage_p1,2024-09-28 20:20:10,,/Users/naylajimenez/Downloads/41_cage_p1_converted.mp4,2341.800,15.0,subject,anogenital sniffing,,,STATE,1393.133,1395.067,1.934,,
41_cage_p1,2024-09-28 20:20:10,,/Users/naylajimenez/Downloads/41_cage_p1_converted.mp4,2341.800,15.0,social_agent,facial sniffing,,,STATE,1399.933,1400.000,0.067,,
41_cage_p1,2024-09-28 20:20:10,,/Users/naylajimenez/Downloads/41_cage_p1_converted.mp4,2341.800,15.0,subject,anogenital sniffing,,,STATE,1400.467,1406.867,6.400,,
41_cage_p1,2024-09-28 20:20:10,,/Users/naylajimenez/Downloads/41_cage_p1_converted.mp4,2341.800,15.0,subject,facial sniffing,,,STATE,1407.733,1408.133,0.400,,
41_cage_p1,2024-09-28 20:20:10,,/Users/naylajimenez/Downloads/41_cage_p1_converted.mp4,2341.800,15.0,subject,facial sniffing,,,STATE,1410.133,1412.667,2.534,,
41_cage_p1,2024-09-28 20:20:10,,/Users/naylajimenez/Downloads/41_cage_p1_converted.mp4,2341.800,15.0,social_agent,facial sniffing,,,STATE,1410.133,1412.867,2.734,,
41_cage_p1,2024-09-28 20:20:10,,/Users/naylajimenez/Downloads/41_cage_p1_converted.mp4,2341.800,15.0,social_agent,anogenital sniffing,,,STATE,1428.333,1429.067,0.734,,
41_cage_p1,2024-09-28 20:20:10,,/Users/naylajimenez/Downloads/41_cage_p1_converted.mp4,2341.800,15.0,subject,facial sniffing,,,STATE,1432.867,1433.933,1.066,,
41_cage_p1,2024-09-28 20:20:10,,/Users/naylajimenez/Downloads/41_cage_p1_converted.mp4,2341.800,15.0,social_agent,facial sniffing,,,STATE,1453.600,1454.067,0.467,,
41_cage_p1,2024-09-28 20:20:10,,/Users/naylajimenez/Downloads/41_cage_p1_converted.mp4,2341.800,15.0,subject,facial sniffing,,,STATE,1453.667,1454.133,0.466,,
41_cage_p1,2024-09-28 20:20:10,,/Users/naylajimenez/Downloads/41_cage_p1_converted.mp4,2341.800,15.0,social_agent,facial sniffing,,,STATE,1478.667,1478.800,0.133,,
41_cage_p1,2024-09-28 20:20:10,,/Users/naylajimenez/Downloads/41_cage_p1_converted.mp4,2341.800,15.0,social_agent,facial sniffing,,,STATE,1489.933,1491.067,1.134,,
41_cage_p1,2024-09-28 20:20:10,,/Users/naylajimenez/Downloads/41_cage_p1_converted.mp4,2341.800,15.0,subject,facial sniffing,,,STATE,1490.000,1491.067,1.067,,
41_cage_p1,2024-09-28 20:20:10,,/Users/naylajimenez/Downloads/41_cage_p1_converted.mp4,2341.800,15.0,subject,anogenital sniffing,,,STATE,1518.533,1520.267,1.734,,
41_cage_p1,2024-09-28 20:20:10,,/Users/naylajimenez/Downloads/41_cage_p1_converted.mp4,2341.800,15.0,social_agent,anogenital sniffing,,,STATE,1519.600,1520.933,1.333,,
41_cage_p1,2024-09-28 20:20:10,,/Users/naylajimenez/Downloads/41_cage_p1_converted.mp4,2341.800,15.0,subject,anogenital sniffing,,,STATE,1523.267,1525.200,1.933,,
41_cage_p1,2024-09-28 20:20:10,,/Users/naylajimenez/Downloads/41_cage_p1_converted.mp4,2341.800,15.0,subject,anogenital sniffing,,,STATE,1532.400,1535.933,3.533,,
41_cage_p1,2024-09-28 20:20:10,,/Users/naylajimenez/Downloads/41_cage_p1_converted.mp4,2341.800,15.0,subject,anogenital sniffing,,,STATE,1537.800,1538.000,0.200,,
41_cage_p1,2024-09-28 20:20:10,,/Users/naylajimenez/Downloads/41_cage_p1_converted.mp4,2341.800,15.0,subject,facial sniffing,,,STATE,1539.000,1540.600,1.600,,
41_cage_p1,2024-09-28 20:20:10,,/Users/naylajimenez/Downloads/41_cage_p1_converted.mp4,2341.800,15.0,social_agent,facial sniffing,,,STATE,1603.000,1603.333,0.333,,
41_cage_p1,2024-09-28 20:20:10,,/Users/naylajimenez/Downloads/41_cage_p1_converted.mp4,2341.800,15.0,subject,anogenital sniffing,,,STATE,1604.000,1604.267,0.267,,
41_cage_p1,2024-09-28 20:20:10,,/Users/naylajimenez/Downloads/41_cage_p1_converted.mp4,2341.800,15.0,subject,facial sniffing,,,STATE,1616.267,1616.467,0.200,,
41_cage_p1,2024-09-28 20:20:10,,/Users/naylajimenez/Downloads/41_cage_p1_converted.mp4,2341.800,15.0,social_agent,facial sniffing,,,STATE,1616.267,1616.533,0.266,,
41_cage_p1,2024-09-28 20:20:10,,/Users/naylajimenez/Downloads/41_cage_p1_converted.mp4,2341.800,15.0,social_agent,mice taken out,,,POINT,1619.933,1619.933,NA,,
41_cage_p1,2024-09-28 20:20:10,,/Users/naylajimenez/Downloads/41_cage_p1_converted.mp4,2341.800,15.0,social_agent,mice back in,,,POINT,1682.333,1682.333,NA,,
41_cage_p1,2024-09-28 20:20:10,,/Users/naylajimenez/Downloads/41_cage_p1_converted.mp4,2341.800,15.0,social_agent,facial sniffing,,,STATE,1686.733,1686.933,0.200,,
41_cage_p1,2024-09-28 20:20:10,,/Users/naylajimenez/Downloads/41_cage_p1_converted.mp4,2341.800,15.0,subject,facial sniffing,,,STATE,1696.133,1697.733,1.600,,
41_cage_p1,2024-09-28 20:20:10,,/Users/naylajimenez/Downloads/41_cage_p1_converted.mp4,2341.800,15.0,subject,facial sniffing,,,STATE,1699.267,1704.133,4.866,,
41_cage_p1,2024-09-28 20:20:10,,/Users/naylajimenez/Downloads/41_cage_p1_converted.mp4,2341.800,15.0,subject,anogenital sniffing,,,STATE,1704.867,1706.533,1.666,,
41_cage_p1,2024-09-28 20:20:10,,/Users/naylajimenez/Downloads/41_cage_p1_converted.mp4,2341.800,15.0,subject,facial sniffing,,,STATE,1707.933,1708.667,0.734,,
41_cage_p1,2024-09-28 20:20:10,,/Users/naylajimenez/Downloads/41_cage_p1_converted.mp4,2341.800,15.0,subject,facial sniffing,,,STATE,1712.267,1716.467,4.200,,
41_cage_p1,2024-09-28 20:20:10,,/Users/naylajimenez/Downloads/41_cage_p1_converted.mp4,2341.800,15.0,social_agent,facial sniffing,,,STATE,1712.267,1712.800,0.533,,
41_cage_p1,2024-09-28 20:20:10,,/Users/naylajimenez/Downloads/41_cage_p1_converted.mp4,2341.800,15.0,subject,anogenital sniffing,,,STATE,1719.667,1723.333,3.666,,
41_cage_p1,2024-09-28 20:20:10,,/Users/naylajimenez/Downloads/41_cage_p1_converted.mp4,2341.800,15.0,social_agent,anogenital sniffing,,,STATE,1720.067,1720.800,0.733,,
41_cage_p1,2024-09-28 20:20:10,,/Users/naylajimenez/Downloads/41_cage_p1_converted.mp4,2341.800,15.0,social_agent,anogenital sniffing,,,STATE,1723.600,1724.400,0.800,,
41_cage_p1,2024-09-28 20:20:10,,/Users/naylajimenez/Downloads/41_cage_p1_converted.mp4,2341.800,15.0,subject,facial sniffing,,,STATE,1726.667,1727.200,0.533,,
41_cage_p1,2024-09-28 20:20:10,,/Users/naylajimenez/Downloads/41_cage_p1_converted.mp4,2341.800,15.0,subject,allogrooming,,,STATE,1728.933,1731.467,2.534,,
41_cage_p1,2024-09-28 20:20:10,,/Users/naylajimenez/Downloads/41_cage_p1_converted.mp4,2341.800,15.0,subject,facial sniffing,,,STATE,1737.800,1739.600,1.800,,
41_cage_p1,2024-09-28 20:20:10,,/Users/naylajimenez/Downloads/41_cage_p1_converted.mp4,2341.800,15.0,social_agent,facial sniffing,,,STATE,1749.467,1749.800,0.333,,
41_cage_p1,2024-09-28 20:20:10,,/Users/naylajimenez/Downloads/41_cage_p1_converted.mp4,2341.800,15.0,subject,facial sniffing,,,STATE,1765.467,1766.867,1.400,,
41_cage_p1,2024-09-28 20:20:10,,/Users/naylajimenez/Downloads/41_cage_p1_converted.mp4,2341.800,15.0,social_agent,facial sniffing,,,STATE,1766.133,1766.533,0.400,,
41_cage_p1,2024-09-28 20:20:10,,/Users/naylajimenez/Downloads/41_cage_p1_converted.mp4,2341.800,15.0,social_agent,anogenital sniffing,,,STATE,1767.133,1774.133,7.000,,
41_cage_p1,2024-09-28 20:20:10,,/Users/naylajimenez/Downloads/41_cage_p1_converted.mp4,2341.800,15.0,social_agent,anogenital sniffing,,,STATE,1775.000,1777.267,2.267,,
41_cage_p1,2024-09-28 20:20:10,,/Users/naylajimenez/Downloads/41_cage_p1_converted.mp4,2341.800,15.0,subject,facial sniffing,,,STATE,1778.000,1780.333,2.333,,
41_cage_p1,2024-09-28 20:20:10,,/Users/naylajimenez/Downloads/41_cage_p1_converted.mp4,2341.800,15.0,social_agent,facial sniffing,,,STATE,1778.400,1779.533,1.133,,
41_cage_p1,2024-09-28 20:20:10,,/Users/naylajimenez/Downloads/41_cage_p1_converted.mp4,2341.800,15.0,social_agent,anogenital sniffing,,,STATE,1781.733,1793.867,12.134,,
41_cage_p1,2024-09-28 20:20:10,,/Users/naylajimenez/Downloads/41_cage_p1_converted.mp4,2341.800,15.0,subject,anogenital sniffing,,,STATE,1785.333,1787.467,2.134,,
41_cage_p1,2024-09-28 20:20:10,,/Users/naylajimenez/Downloads/41_cage_p1_converted.mp4,2341.800,15.0,subject,anogenital sniffing,,,STATE,1792.533,1795.400,2.867,,
41_cage_p1,2024-09-28 20:20:10,,/Users/naylajimenez/Downloads/41_cage_p1_converted.mp4,2341.800,15.0,subject,facial sniffing,,,STATE,1798.467,1799.133,0.666,,
41_cage_p1,2024-09-28 20:20:10,,/Users/naylajimenez/Downloads/41_cage_p1_converted.mp4,2341.800,15.0,subject,anogenital sniffing,,,STATE,1801.467,1801.800,0.333,,
41_cage_p1,2024-09-28 20:20:10,,/Users/naylajimenez/Downloads/41_cage_p1_converted.mp4,2341.800,15.0,social_agent,anogenital sniffing,,,STATE,1802.200,1807.533,5.333,,
41_cage_p1,2024-09-28 20:20:10,,/Users/naylajimenez/Downloads/41_cage_p1_converted.mp4,2341.800,15.0,subject,facial sniffing,,,STATE,1802.267,1807.600,5.333,,
41_cage_p1,2024-09-28 20:20:10,,/Users/naylajimenez/Downloads/41_cage_p1_converted.mp4,2341.800,15.0,subject,fighting,,,STATE,1808.333,1809.333,1.000,,
41_cage_p1,2024-09-28 20:20:10,,/Users/naylajimenez/Downloads/41_cage_p1_converted.mp4,2341.800,15.0,subject,anogenital sniffing,,,STATE,1810.200,1811.400,1.200,,
41_cage_p1,2024-09-28 20:20:10,,/Users/naylajimenez/Downloads/41_cage_p1_converted.mp4,2341.800,15.0,subject,anogenital sniffing,,,STATE,1814.333,1814.933,0.600,,
41_cage_p1,2024-09-28 20:20:10,,/Users/naylajimenez/Downloads/41_cage_p1_converted.mp4,2341.800,15.0,social_agent,anogenital sniffing,,,STATE,1819.067,1819.533,0.466,,
41_cage_p1,2024-09-28 20:20:10,,/Users/naylajimenez/Downloads/41_cage_p1_converted.mp4,2341.800,15.0,subject,facial sniffing,,,STATE,1819.933,1820.867,0.934,,
41_cage_p1,2024-09-28 20:20:10,,/Users/naylajimenez/Downloads/41_cage_p1_converted.mp4,2341.800,15.0,social_agent,anogenital sniffing,,,STATE,1824.467,1828.533,4.066,,
41_cage_p1,2024-09-28 20:20:10,,/Users/naylajimenez/Downloads/41_cage_p1_converted.mp4,2341.800,15.0,subject,facial sniffing,,,STATE,1829.267,1829.667,0.400,,
41_cage_p1,2024-09-28 20:20:10,,/Users/naylajimenez/Downloads/41_cage_p1_converted.mp4,2341.800,15.0,social_agent,anogenital sniffing,,,STATE,1830.200,1830.267,0.067,,
41_cage_p1,2024-09-28 20:20:10,,/Users/naylajimenez/Downloads/41_cage_p1_converted.mp4,2341.800,15.0,subject,fighting,,,STATE,1830.467,1831.467,1.000,,
41_cage_p1,2024-09-28 20:20:10,,/Users/naylajimenez/Downloads/41_cage_p1_converted.mp4,2341.800,15.0,subject,fighting,,,STATE,1832.267,1834.133,1.866,,
41_cage_p1,2024-09-28 20:20:10,,/Users/naylajimenez/Downloads/41_cage_p1_converted.mp4,2341.800,15.0,subject,fighting,,,STATE,1834.533,1835.533,1.000,,
41_cage_p1,2024-09-28 20:20:10,,/Users/naylajimenez/Downloads/41_cage_p1_converted.mp4,2341.800,15.0,social_agent,anogenital sniffing,,,STATE,1836.533,1836.800,0.267,,
41_cage_p1,2024-09-28 20:20:10,,/Users/naylajimenez/Downloads/41_cage_p1_converted.mp4,2341.800,15.0,social_agent,anogenital sniffing,,,STATE,1837.800,1838.000,0.200,,
41_cage_p1,2024-09-28 20:20:10,,/Users/naylajimenez/Downloads/41_cage_p1_converted.mp4,2341.800,15.0,subject,fighting,,,STATE,1838.133,1838.733,0.600,,
41_cage_p1,2024-09-28 20:20:10,,/Users/naylajimenez/Downloads/41_cage_p1_converted.mp4,2341.800,15.0,social_agent,facial sniffing,,,STATE,1839.400,1839.667,0.267,,
41_cage_p1,2024-09-28 20:20:10,,/Users/naylajimenez/Downloads/41_cage_p1_converted.mp4,2341.800,15.0,subject,fighting,,,STATE,1840.267,1843.800,3.533,,
41_cage_p1,2024-09-28 20:20:10,,/Users/naylajimenez/Downloads/41_cage_p1_converted.mp4,2341.800,15.0,subject,fighting,,,STATE,1844.333,1846.200,1.867,,
41_cage_p1,2024-09-28 20:20:10,,/Users/naylajimenez/Downloads/41_cage_p1_converted.mp4,2341.800,15.0,subject,facial sniffing,,,STATE,1937.000,1937.867,0.867,,
41_cage_p1,2024-09-28 20:20:10,,/Users/naylajimenez/Downloads/41_cage_p1_converted.mp4,2341.800,15.0,social_agent,facial sniffing,,,STATE,1937.000,1937.867,0.867,,
41_cage_p1,2024-09-28 20:20:10,,/Users/naylajimenez/Downloads/41_cage_p1_converted.mp4,2341.800,15.0,subject,facial sniffing,,,STATE,1938.800,1939.800,1.000,,
41_cage_p1,2024-09-28 20:20:10,,/Users/naylajimenez/Downloads/41_cage_p1_converted.mp4,2341.800,15.0,social_agent,mice taken out,,,POINT,1979.867,1979.867,NA,,
41_cage_p1,2024-09-28 20:20:10,,/Users/naylajimenez/Downloads/41_cage_p1_converted.mp4,2341.800,15.0,social_agent,mice back in,,,POINT,2042.867,2042.867,NA,,
41_cage_p1,2024-09-28 20:20:10,,/Users/naylajimenez/Downloads/41_cage_p1_converted.mp4,2341.800,15.0,subject,anogenital sniffing,,,STATE,2046.600,2048.733,2.133,,
41_cage_p1,2024-09-28 20:20:10,,/Users/naylajimenez/Downloads/41_cage_p1_converted.mp4,2341.800,15.0,subject,facial sniffing,,,STATE,2049.200,2050.200,1.000,,
41_cage_p1,2024-09-28 20:20:10,,/Users/naylajimenez/Downloads/41_cage_p1_converted.mp4,2341.800,15.0,social_agent,facial sniffing,,,STATE,2049.267,2050.200,0.933,,
41_cage_p1,2024-09-28 20:20:10,,/Users/naylajimenez/Downloads/41_cage_p1_converted.mp4,2341.800,15.0,subject,anogenital sniffing,,,STATE,2051.267,2053.133,1.866,,
41_cage_p1,2024-09-28 20:20:10,,/Users/naylajimenez/Downloads/41_cage_p1_converted.mp4,2341.800,15.0,subject,facial sniffing,,,STATE,2062.400,2063.667,1.267,,
41_cage_p1,2024-09-28 20:20:10,,/Users/naylajimenez/Downloads/41_cage_p1_converted.mp4,2341.800,15.0,social_agent,facial sniffing,,,STATE,2062.467,2063.467,1.000,,
41_cage_p1,2024-09-28 20:20:10,,/Users/naylajimenez/Downloads/41_cage_p1_converted.mp4,2341.800,15.0,subject,anogenital sniffing,,,STATE,2067.067,2067.267,0.200,,
41_cage_p1,2024-09-28 20:20:10,,/Users/naylajimenez/Downloads/41_cage_p1_converted.mp4,2341.800,15.0,subject,facial sniffing,,,STATE,2075.600,2075.733,0.133,,
41_cage_p1,2024-09-28 20:20:10,,/Users/naylajimenez/Downloads/41_cage_p1_converted.mp4,2341.800,15.0,social_agent,facial sniffing,,,STATE,2075.600,2075.667,0.067,,
41_cage_p1,2024-09-28 20:20:10,,/Users/naylajimenez/Downloads/41_cage_p1_converted.mp4,2341.800,15.0,subject,facial sniffing,,,STATE,2077.533,2077.867,0.334,,
41_cage_p1,2024-09-28 20:20:10,,/Users/naylajimenez/Downloads/41_cage_p1_converted.mp4,2341.800,15.0,social_agent,facial sniffing,,,STATE,2077.600,2077.867,0.267,,
41_cage_p1,2024-09-28 20:20:10,,/Users/naylajimenez/Downloads/41_cage_p1_converted.mp4,2341.800,15.0,subject,anogenital sniffing,,,STATE,2078.467,2080.600,2.133,,
41_cage_p1,2024-09-28 20:20:10,,/Users/naylajimenez/Downloads/41_cage_p1_converted.mp4,2341.800,15.0,subject,facial sniffing,,,STATE,2098.133,2099.600,1.467,,
41_cage_p1,2024-09-28 20:20:10,,/Users/naylajimenez/Downloads/41_cage_p1_converted.mp4,2341.800,15.0,social_agent,facial sniffing,,,STATE,2098.200,2099.467,1.267,,
41_cage_p1,2024-09-28 20:20:10,,/Users/naylajimenez/Downloads/41_cage_p1_converted.mp4,2341.800,15.0,subject,facial sniffing,,,STATE,2119.467,2120.133,0.666,,
41_cage_p1,2024-09-28 20:20:10,,/Users/naylajimenez/Downloads/41_cage_p1_converted.mp4,2341.800,15.0,social_agent,facial sniffing,,,STATE,2119.533,2120.000,0.467,,
41_cage_p1,2024-09-28 20:20:10,,/Users/naylajimenez/Downloads/41_cage_p1_converted.mp4,2341.800,15.0,social_agent,anogenital sniffing,,,STATE,2120.667,2124.000,3.333,,
41_cage_p1,2024-09-28 20:20:10,,/Users/naylajimenez/Downloads/41_cage_p1_converted.mp4,2341.800,15.0,subject,anogenital sniffing,,,STATE,2122.067,2123.867,1.800,,
41_cage_p1,2024-09-28 20:20:10,,/Users/naylajimenez/Downloads/41_cage_p1_converted.mp4,2341.800,15.0,subject,anogenital sniffing,,,STATE,2129.333,2129.467,0.134,,
41_cage_p1,2024-09-28 20:20:10,,/Users/naylajimenez/Downloads/41_cage_p1_converted.mp4,2341.800,15.0,subject,facial sniffing,,,STATE,2130.600,2130.667,0.067,,
41_cage_p1,2024-09-28 20:20:10,,/Users/naylajimenez/Downloads/41_cage_p1_converted.mp4,2341.800,15.0,social_agent,facial sniffing,,,STATE,2130.600,2130.667,0.067,,
41_cage_p1,2024-09-28 20:20:10,,/Users/naylajimenez/Downloads/41_cage_p1_converted.mp4,2341.800,15.0,social_agent,facial sniffing,,,STATE,2165.267,2166.067,0.800,,
41_cage_p1,2024-09-28 20:20:10,,/Users/naylajimenez/Downloads/41_cage_p1_converted.mp4,2341.800,15.0,social_agent,anogenital sniffing,,,STATE,2193.600,2195.133,1.533,,
41_cage_p1,2024-09-28 20:20:10,,/Users/naylajimenez/Downloads/41_cage_p1_converted.mp4,2341.800,15.0,subject,facial sniffing,,,STATE,2193.867,2194.933,1.066,,
41_cage_p1,2024-09-28 20:20:10,,/Users/naylajimenez/Downloads/41_cage_p1_converted.mp4,2341.800,15.0,social_agent,facial sniffing,,,STATE,2207.733,2207.933,0.200,,
41_cage_p1,2024-09-28 20:20:10,,/Users/naylajimenez/Downloads/41_cage_p1_converted.mp4,2341.800,15.0,subject,facial sniffing,,,STATE,2207.800,2208.133,0.333,,
41_cage_p1,2024-09-28 20:20:10,,/Users/naylajimenez/Downloads/41_cage_p1_converted.mp4,2341.800,15.0,subject,facial sniffing,,,STATE,2225.800,2226.467,0.667,,
41_cage_p1,2024-09-28 20:20:10,,/Users/naylajimenez/Downloads/41_cage_p1_converted.mp4,2341.800,15.0,social_agent,facial sniffing,,,STATE,2225.867,2226.333,0.466,,
41_cage_p1,2024-09-28 20:20:10,,/Users/naylajimenez/Downloads/41_cage_p1_converted.mp4,2341.800,15.0,subject,anogenital sniffing,,,STATE,2227.400,2229.067,1.667,,
41_cage_p1,2024-09-28 20:20:10,,/Users/naylajimenez/Downloads/41_cage_p1_converted.mp4,2341.800,15.0,social_agent,anogenital sniffing,,,STATE,2247.933,2248.000,0.067,,
41_cage_p1,2024-09-28 20:20:10,,/Users/naylajimenez/Downloads/41_cage_p1_converted.mp4,2341.800,15.0,social_agent,anogenital sniffing,,,STATE,2249.733,2251.933,2.200,,
41_cage_p1,2024-09-28 20:20:10,,/Users/naylajimenez/Downloads/41_cage_p1_converted.mp4,2341.800,15.0,subject,facial sniffing,,,STATE,2267.200,2267.867,0.667,,
41_cage_p1,2024-09-28 20:20:10,,/Users/naylajimenez/Downloads/41_cage_p1_converted.mp4,2341.800,15.0,social_agent,facial sniffing,,,STATE,2267.267,2267.800,0.533,,
41_cage_p1,2024-09-28 20:20:10,,/Users/naylajimenez/Downloads/41_cage_p1_converted.mp4,2341.800,15.0,social_agent,anogenital sniffing,,,STATE,2268.667,2268.933,0.266,,
41_cage_p1,2024-09-28 20:20:10,,/Users/naylajimenez/Downloads/41_cage_p1_converted.mp4,2341.800,15.0,social_agent,facial sniffing,,,STATE,2293.200,2293.400,0.200,,
41_cage_p1,2024-09-28 20:20:10,,/Users/naylajimenez/Downloads/41_cage_p1_converted.mp4,2341.800,15.0,subject,anogenital sniffing,,,STATE,2329.667,2330.467,0.800,,
41_cage_p1,2024-09-28 20:20:10,,/Users/naylajimenez/Downloads/41_cage_p1_converted.mp4,2341.800,15.0,social_agent,anogenital sniffing,,,STATE,2338.933,2340.000,1.067,,
