Observation id,Observation date,Description,Observation type,Source,Time offset (s),Coding duration,Media duration (s),FPS (frame/s),Subject,Observation duration by subject by observation,Behavior,Behavioral category,Behavior type,Start (s),Stop (s),Duration (s),Media file name,Image index start,Image index stop,Image file path start,Image file path stop,Comment start,Comment stop
44_Cage_ACObservations,2024-09-24 09:48:23.981,,Media file,player #1:C:/Users/anate/Downloads/44_cage_p1_converted.mp4,0.0,1735.534,2341.000,15.000,social_agent,44.53,mice back in,Not defined,POINT,603.533,603.533,NA,C:/Users/anate/Downloads/44_cage_p1_converted.mp4,9053,9053,,,,
44_Cage_ACObservations,2024-09-24 09:48:23.981,,Media file,player #1:C:/Users/anate/Downloads/44_cage_p1_converted.mp4,0.0,1735.534,2341.000,15.000,subject,118.533,anogenital sniffing,Not defined,STATE,625.667,627.600,1.933,C:/Users/anate/Downloads/44_cage_p1_converted.mp4,9385,9414,,,,
44_Cage_ACObservations,2024-09-24 09:48:23.981,,Media file,player #1:C:/Users/anate/Downloads/44_cage_p1_converted.mp4,0.0,1735.534,2341.000,15.000,subject,118.533,anogenital sniffing,Not defined,STATE,642.533,644.533,2.000,C:/Users/anate/Downloads/44_cage_p1_converted.mp4,9638,9668,,,,
44_Cage_ACObservations,2024-09-24 09:48:23.981,,Media file,player #1:C:/Users/anate/Downloads/44_cage_p1_converted.mp4,0.0,1735.534,2341.000,15.000,subject,118.533,facial sniffing,Not defined,STATE,659.067,660.733,1.666,C:/Users/anate/Downloads/44_cage_p1_converted.mp4,9886,9911,,,,
44_Cage_ACObservations,2024-09-24 09:48:23.981,,Media file,player #1:C:/Users/anate/Downloads/44_cage_p1_converted.mp4,0.0,1735.534,2341.000,15.000,subject,118.533,allogrooming,Not defined,STATE,693.933,696.733,2.800,C:/Users/anate/Downloads/44_cage_p1_converted.mp4,10409,10451,,,,
44_Cage_ACObservations,2024-09-24 09:48:23.981,,Media file,player #1:C:/Users/anate/Downloads/44_cage_p1_converted.mp4,0.0,1735.534,2341.000,15.000,subject,118.533,facial sniffing,Not defined,STATE,720.800,722.667,1.867,C:/Users/anate/Downloads/44_cage_p1_converted.mp4,10812,10840,,,,
44_Cage_ACObservations,2024-09-24 09:48:23.981,,Media file,player #1:C:/Users/anate/Downloads/44_cage_p1_converted.mp4,0.0,1735.534,2341.000,15.000,subject,118.533,anogenital sniffing,Not defined,STATE,742.333,748.000,5.667,C:/Users/anate/Downloads/44_cage_p1_converted.mp4,11135,11220,,,,
44_Cage_ACObservations,2024-09-24 09:48:23.981,,Media file,player #1:C:/Users/anate/Downloads/44_cage_p1_converted.mp4,0.0,1735.534,2341.000,15.000,subject,118.533,facial sniffing,Not defined,STATE,752.467,753.667,1.200,C:/Users/anate/Downloads/44_cage_p1_converted.mp4,11287,11305,,,,
44_Cage_ACObservations,2024-09-24 09:48:23.981,,Media file,player #1:C:/Users/anate/Downloads/44_cage_p1_converted.mp4,0.0,1735.534,2341.000,15.000,subject,118.533,anogenital sniffing,Not defined,STATE,761.400,762.400,1.000,C:/Users/anate/Downloads/44_cage_p1_converted.mp4,11421,11436,,,,
44_Cage_ACObservations,2024-09-24 09:48:23.981,,Media file,player #1:C:/Users/anate/Downloads/44_cage_p1_converted.mp4,0.0,1735.534,2341.000,15.000,subject,118.533,facial sniffing,Not defined,STATE,793.933,794.800,0.867,C:/Users/anate/Downloads/44_cage_p1_converted.mp4,11909,11922,,,,
44_Cage_ACObservations,2024-09-24 09:48:23.981,,Media file,player #1:C:/Users/anate/Downloads/44_cage_p1_converted.mp4,0.0,1735.534,2341.000,15.000,subject,118.533,anogenital sniffing,Not defined,STATE,807.000,808.267,1.267,C:/Users/anate/Downloads/44_cage_p1_converted.mp4,12105,12124,,,,
44_Cage_ACObservations,2024-09-24 09:48:23.981,,Media file,player #1:C:/Users/anate/Downloads/44_cage_p1_converted.mp4,0.0,1735.534,2341.000,15.000,subject,118.533,fighting,Not defined,STATE,814.333,818.333,4.000,C:/Users/anate/Downloads/44_cage_p1_converted.mp4,12215,12275,,,,
44_Cage_ACObservations,2024-09-24 09:48:23.981,,Media file,player #1:C:/Users/anate/Downloads/44_cage_p1_converted.mp4,0.0,1735.534,2341.000,15.000,social_agent,44.53,facial sniffing,Not defined,STATE,824.667,827.200,2.533,C:/Users/anate/Downloads/44_cage_p1_converted.mp4,12370,12408,,,,
44_Cage_ACObservations,2024-09-24 09:48:23.981,,Media file,player #1:C:/Users/anate/Downloads/44_cage_p1_converted.mp4,0.0,1735.534,2341.000,15.000,subject,118.533,facial sniffing,Not defined,STATE,852.733,855.000,2.267,C:/Users/anate/Downloads/44_cage_p1_converted.mp4,12791,12825,,,,
44_Cage_ACObservations,2024-09-24 09:48:23.981,,Media file,player #1:C:/Users/anate/Downloads/44_cage_p1_converted.mp4,0.0,1735.534,2341.000,15.000,subject,118.533,facial sniffing,Not defined,STATE,861.667,864.333,2.666,C:/Users/anate/Downloads/44_cage_p1_converted.mp4,12925,12965,,,,
44_Cage_ACObservations,2024-09-24 09:48:23.981,,Media file,player #1:C:/Users/anate/Downloads/44_cage_p1_converted.mp4,0.0,1735.534,2341.000,15.000,subject,118.533,mice taken out,Not defined,POINT,900.267,900.267,NA,C:/Users/anate/Downloads/44_cage_p1_converted.mp4,13504,13504,,,,
44_Cage_ACObservations,2024-09-24 09:48:23.981,,Media file,player #1:C:/Users/anate/Downloads/44_cage_p1_converted.mp4,0.0,1735.534,2341.000,15.000,subject,118.533,mice back in,Not defined,POINT,961.000,961.000,NA,C:/Users/anate/Downloads/44_cage_p1_converted.mp4,14415,14415,,,,
44_Cage_ACObservations,2024-09-24 09:48:23.981,,Media file,player #1:C:/Users/anate/Downloads/44_cage_p1_converted.mp4,0.0,1735.534,2341.000,15.000,subject,118.533,anogenital sniffing,Not defined,STATE,979.733,980.600,0.867,C:/Users/anate/Downloads/44_cage_p1_converted.mp4,14696,14709,,,,
44_Cage_ACObservations,2024-09-24 09:48:23.981,,Media file,player #1:C:/Users/anate/Downloads/44_cage_p1_converted.mp4,0.0,1735.534,2341.000,15.000,subject,118.533,facial sniffing,Not defined,STATE,984.267,987.000,2.733,C:/Users/anate/Downloads/44_cage_p1_converted.mp4,14764,14805,,,,
44_Cage_ACObservations,2024-09-24 09:48:23.981,,Media file,player #1:C:/Users/anate/Downloads/44_cage_p1_converted.mp4,0.0,1735.534,2341.000,15.000,subject,118.533,facial sniffing,Not defined,STATE,998.067,1000.333,2.266,C:/Users/anate/Downloads/44_cage_p1_converted.mp4,14971,15005,,,,
44_Cage_ACObservations,2024-09-24 09:48:23.981,,Media file,player #1:C:/Users/anate/Downloads/44_cage_p1_converted.mp4,0.0,1735.534,2341.000,15.000,subject,118.533,anogenital sniffing,Not defined,STATE,1016.933,1019.267,2.334,C:/Users/anate/Downloads/44_cage_p1_converted.mp4,15254,15289,,,,
44_Cage_ACObservations,2024-09-24 09:48:23.981,,Media file,player #1:C:/Users/anate/Downloads/44_cage_p1_converted.mp4,0.0,1735.534,2341.000,15.000,subject,118.533,facial sniffing,Not defined,STATE,1020.467,1021.666,1.199,C:/Users/anate/Downloads/44_cage_p1_converted.mp4,15307,NA,,,,
44_Cage_ACObservations,2024-09-24 09:48:23.981,,Media file,player #1:C:/Users/anate/Downloads/44_cage_p1_converted.mp4,0.0,1735.534,2341.000,15.000,subject,118.533,anogenital sniffing,Not defined,STATE,1021.667,1023.867,2.200,C:/Users/anate/Downloads/44_cage_p1_converted.mp4,15325,15358,,,,
44_Cage_ACObservations,2024-09-24 09:48:23.981,,Media file,player #1:C:/Users/anate/Downloads/44_cage_p1_converted.mp4,0.0,1735.534,2341.000,15.000,subject,118.533,facial sniffing,Not defined,STATE,1062.267,1063.533,1.266,C:/Users/anate/Downloads/44_cage_p1_converted.mp4,15934,15953,,,,
44_Cage_ACObservations,2024-09-24 09:48:23.981,,Media file,player #1:C:/Users/anate/Downloads/44_cage_p1_converted.mp4,0.0,1735.534,2341.000,15.000,subject,118.533,facial sniffing,Not defined,STATE,1093.933,1095.667,1.734,C:/Users/anate/Downloads/44_cage_p1_converted.mp4,16409,16435,,,,
44_Cage_ACObservations,2024-09-24 09:48:23.981,,Media file,player #1:C:/Users/anate/Downloads/44_cage_p1_converted.mp4,0.0,1735.534,2341.000,15.000,subject,118.533,anogenital sniffing,Not defined,STATE,1105.933,1110.400,4.467,C:/Users/anate/Downloads/44_cage_p1_converted.mp4,16589,16656,,,,
44_Cage_ACObservations,2024-09-24 09:48:23.981,,Media file,player #1:C:/Users/anate/Downloads/44_cage_p1_converted.mp4,0.0,1735.534,2341.000,15.000,subject,118.533,anogenital sniffing,Not defined,STATE,1121.600,1122.867,1.267,C:/Users/anate/Downloads/44_cage_p1_converted.mp4,16824,16843,,,,
44_Cage_ACObservations,2024-09-24 09:48:23.981,,Media file,player #1:C:/Users/anate/Downloads/44_cage_p1_converted.mp4,0.0,1735.534,2341.000,15.000,subject,118.533,facial sniffing,Not defined,STATE,1123.933,1125.333,1.400,C:/Users/anate/Downloads/44_cage_p1_converted.mp4,16859,16880,,,,
44_Cage_ACObservations,2024-09-24 09:48:23.981,,Media file,player #1:C:/Users/anate/Downloads/44_cage_p1_converted.mp4,0.0,1735.534,2341.000,15.000,subject,118.533,facial sniffing,Not defined,STATE,1127.667,1128.200,0.533,C:/Users/anate/Downloads/44_cage_p1_converted.mp4,16915,16923,,,,
44_Cage_ACObservations,2024-09-24 09:48:23.981,,Media file,player #1:C:/Users/anate/Downloads/44_cage_p1_converted.mp4,0.0,1735.534,2341.000,15.000,subject,118.533,facial sniffing,Not defined,STATE,1152.067,1153.000,0.933,C:/Users/anate/Downloads/44_cage_p1_converted.mp4,17281,17295,,,,
44_Cage_ACObservations,2024-09-24 09:48:23.981,,Media file,player #1:C:/Users/anate/Downloads/44_cage_p1_converted.mp4,0.0,1735.534,2341.000,15.000,subject,118.533,fighting,Not defined,STATE,1160.800,1162.200,1.400,C:/Users/anate/Downloads/44_cage_p1_converted.mp4,17412,17433,,,,
44_Cage_ACObservations,2024-09-24 09:48:23.981,,Media file,player #1:C:/Users/anate/Downloads/44_cage_p1_converted.mp4,0.0,1735.534,2341.000,15.000,subject,118.533,fighting,Not defined,STATE,1163.933,1166.400,2.467,C:/Users/anate/Downloads/44_cage_p1_converted.mp4,17459,17496,,,,
44_Cage_ACObservations,2024-09-24 09:48:23.981,,Media file,player #1:C:/Users/anate/Downloads/44_cage_p1_converted.mp4,0.0,1735.534,2341.000,15.000,subject,118.533,facial sniffing,Not defined,STATE,1178.400,1181.733,3.333,C:/Users/anate/Downloads/44_cage_p1_converted.mp4,17676,17726,,,,
44_Cage_ACObservations,2024-09-24 09:48:23.981,,Media file,player #1:C:/Users/anate/Downloads/44_cage_p1_converted.mp4,0.0,1735.534,2341.000,15.000,subject,118.533,facial sniffing,Not defined,STATE,1184.867,1186.333,1.466,C:/Users/anate/Downloads/44_cage_p1_converted.mp4,17773,17795,,,,
44_Cage_ACObservations,2024-09-24 09:48:23.981,,Media file,player #1:C:/Users/anate/Downloads/44_cage_p1_converted.mp4,0.0,1735.534,2341.000,15.000,social_agent,44.53,mice taken out,Not defined,POINT,1260.200,1260.200,NA,C:/Users/anate/Downloads/44_cage_p1_converted.mp4,18903,18903,,,,
44_Cage_ACObservations,2024-09-24 09:48:23.981,,Media file,player #1:C:/Users/anate/Downloads/44_cage_p1_converted.mp4,0.0,1735.534,2341.000,15.000,social_agent,44.53,mice back in,Not defined,POINT,1323.733,1323.733,NA,C:/Users/anate/Downloads/44_cage_p1_converted.mp4,19856,19856,,,,
44_Cage_ACObservations,2024-09-24 09:48:23.981,,Media file,player #1:C:/Users/anate/Downloads/44_cage_p1_converted.mp4,0.0,1735.534,2341.000,15.000,social_agent,44.53,anogenital sniffing,Not defined,STATE,1350.067,1351.400,1.333,C:/Users/anate/Downloads/44_cage_p1_converted.mp4,20251,20271,,,,
44_Cage_ACObservations,2024-09-24 09:48:23.981,,Media file,player #1:C:/Users/anate/Downloads/44_cage_p1_converted.mp4,0.0,1735.534,2341.000,15.000,subject,118.533,facial sniffing,Not defined,STATE,1351.533,1354.733,3.200,C:/Users/anate/Downloads/44_cage_p1_converted.mp4,20273,20321,,,,
44_Cage_ACObservations,2024-09-24 09:48:23.981,,Media file,player #1:C:/Users/anate/Downloads/44_cage_p1_converted.mp4,0.0,1735.534,2341.000,15.000,subject,118.533,facial sniffing,Not defined,STATE,1356.200,1359.000,2.800,C:/Users/anate/Downloads/44_cage_p1_converted.mp4,20343,20385,,,,
44_Cage_ACObservations,2024-09-24 09:48:23.981,,Media file,player #1:C:/Users/anate/Downloads/44_cage_p1_converted.mp4,0.0,1735.534,2341.000,15.000,subject,118.533,anogenital sniffing,Not defined,STATE,1470.467,1471.467,1.000,C:/Users/anate/Downloads/44_cage_p1_converted.mp4,22057,22072,,,,
44_Cage_ACObservations,2024-09-24 09:48:23.981,,Media file,player #1:C:/Users/anate/Downloads/44_cage_p1_converted.mp4,0.0,1735.534,2341.000,15.000,subject,118.533,anogenital sniffing,Not defined,STATE,1479.200,1483.332,4.132,C:/Users/anate/Downloads/44_cage_p1_converted.mp4,22188,NA,,,,
44_Cage_ACObservations,2024-09-24 09:48:23.981,,Media file,player #1:C:/Users/anate/Downloads/44_cage_p1_converted.mp4,0.0,1735.534,2341.000,15.000,subject,118.533,facial sniffing,Not defined,STATE,1483.333,1484.667,1.334,C:/Users/anate/Downloads/44_cage_p1_converted.mp4,22250,22270,,,,
44_Cage_ACObservations,2024-09-24 09:48:23.981,,Media file,player #1:C:/Users/anate/Downloads/44_cage_p1_converted.mp4,0.0,1735.534,2341.000,15.000,subject,118.533,facial sniffing,Not defined,STATE,1570.800,1573.067,2.267,C:/Users/anate/Downloads/44_cage_p1_converted.mp4,23562,23596,,,,
44_Cage_ACObservations,2024-09-24 09:48:23.981,,Media file,player #1:C:/Users/anate/Downloads/44_cage_p1_converted.mp4,0.0,1735.534,2341.000,15.000,social_agent,44.53,mice taken out,Not defined,POINT,1620.200,1620.200,NA,C:/Users/anate/Downloads/44_cage_p1_converted.mp4,24303,24303,,,,
44_Cage_ACObservations,2024-09-24 09:48:23.981,,Media file,player #1:C:/Users/anate/Downloads/44_cage_p1_converted.mp4,0.0,1735.534,2341.000,15.000,social_agent,44.53,mice back in,Not defined,POINT,1683.200,1683.200,NA,C:/Users/anate/Downloads/44_cage_p1_converted.mp4,25248,25248,,,,
44_Cage_ACObservations,2024-09-24 09:48:23.981,,Media file,player #1:C:/Users/anate/Downloads/44_cage_p1_converted.mp4,0.0,1735.534,2341.000,15.000,subject,118.533,facial sniffing,Not defined,STATE,1767.200,1769.267,2.067,C:/Users/anate/Downloads/44_cage_p1_converted.mp4,26508,26539,,,,
44_Cage_ACObservations,2024-09-24 09:48:23.981,,Media file,player #1:C:/Users/anate/Downloads/44_cage_p1_converted.mp4,0.0,1735.534,2341.000,15.000,subject,118.533,facial sniffing,Not defined,STATE,1905.333,1908.333,3.000,C:/Users/anate/Downloads/44_cage_p1_converted.mp4,28580,28625,,,,
44_Cage_ACObservations,2024-09-24 09:48:23.981,,Media file,player #1:C:/Users/anate/Downloads/44_cage_p1_converted.mp4,0.0,1735.534,2341.000,15.000,subject,118.533,facial sniffing,Not defined,STATE,1953.533,1955.867,2.334,C:/Users/anate/Downloads/44_cage_p1_converted.mp4,29303,29338,,,,
44_Cage_ACObservations,2024-09-24 09:48:23.981,,Media file,player #1:C:/Users/anate/Downloads/44_cage_p1_converted.mp4,0.0,1735.534,2341.000,15.000,subject,118.533,facial sniffing,Not defined,STATE,1973.800,1975.533,1.733,C:/Users/anate/Downloads/44_cage_p1_converted.mp4,29607,29633,,,,
44_Cage_ACObservations,2024-09-24 09:48:23.981,,Media file,player #1:C:/Users/anate/Downloads/44_cage_p1_converted.mp4,0.0,1735.534,2341.000,15.000,social_agent,44.53,mice taken out,Not defined,POINT,1980.133,1980.133,NA,C:/Users/anate/Downloads/44_cage_p1_converted.mp4,29702,29702,,,,
44_Cage_ACObservations,2024-09-24 09:48:23.981,,Media file,player #1:C:/Users/anate/Downloads/44_cage_p1_converted.mp4,0.0,1735.534,2341.000,15.000,social_agent,44.53,mice back in,Not defined,POINT,2043.400,2043.400,NA,C:/Users/anate/Downloads/44_cage_p1_converted.mp4,30651,30651,,,,
44_Cage_ACObservations,2024-09-24 09:48:23.981,,Media file,player #1:C:/Users/anate/Downloads/44_cage_p1_converted.mp4,0.0,1735.534,2341.000,15.000,subject,118.533,anogenital sniffing,Not defined,STATE,2045.600,2051.600,6.000,C:/Users/anate/Downloads/44_cage_p1_converted.mp4,30684,30774,,,,
44_Cage_ACObservations,2024-09-24 09:48:23.981,,Media file,player #1:C:/Users/anate/Downloads/44_cage_p1_converted.mp4,0.0,1735.534,2341.000,15.000,subject,118.533,facial sniffing,Not defined,STATE,2053.533,2054.467,0.934,C:/Users/anate/Downloads/44_cage_p1_converted.mp4,30803,30817,,,,
44_Cage_ACObservations,2024-09-24 09:48:23.981,,Media file,player #1:C:/Users/anate/Downloads/44_cage_p1_converted.mp4,0.0,1735.534,2341.000,15.000,subject,118.533,anogenital sniffing,Not defined,STATE,2054.600,2060.000,5.400,C:/Users/anate/Downloads/44_cage_p1_converted.mp4,30819,30900,,,,
44_Cage_ACObservations,2024-09-24 09:48:23.981,,Media file,player #1:C:/Users/anate/Downloads/44_cage_p1_converted.mp4,0.0,1735.534,2341.000,15.000,subject,118.533,anogenital sniffing,Not defined,STATE,2061.000,2065.000,4.000,C:/Users/anate/Downloads/44_cage_p1_converted.mp4,30915,30976,,,,
44_Cage_ACObservations,2024-09-24 09:48:23.981,,Media file,player #1:C:/Users/anate/Downloads/44_cage_p1_converted.mp4,0.0,1735.534,2341.000,15.000,subject,118.533,anogenital sniffing,Not defined,STATE,2073.000,2074.000,1.000,C:/Users/anate/Downloads/44_cage_p1_converted.mp4,31095,31110,,,,
44_Cage_ACObservations,2024-09-24 09:48:23.981,,Media file,player #1:C:/Users/anate/Downloads/44_cage_p1_converted.mp4,0.0,1735.534,2341.000,15.000,social_agent,44.53,anogenital sniffing,Not defined,STATE,2073.000,2075.067,2.067,C:/Users/anate/Downloads/44_cage_p1_converted.mp4,31095,31126,,,,
44_Cage_ACObservations,2024-09-24 09:48:23.981,,Media file,player #1:C:/Users/anate/Downloads/44_cage_p1_converted.mp4,0.0,1735.534,2341.000,15.000,subject,118.533,anogenital sniffing,Not defined,STATE,2086.999,2099.200,12.201,C:/Users/anate/Downloads/44_cage_p1_converted.mp4,NA,31488,,,,
44_Cage_ACObservations,2024-09-24 09:48:23.981,,Media file,player #1:C:/Users/anate/Downloads/44_cage_p1_converted.mp4,0.0,1735.534,2341.000,15.000,subject,118.533,facial sniffing,Not defined,STATE,2087.000,2090.200,3.200,C:/Users/anate/Downloads/44_cage_p1_converted.mp4,31305,31353,,,,
44_Cage_ACObservations,2024-09-24 09:48:23.981,,Media file,player #1:C:/Users/anate/Downloads/44_cage_p1_converted.mp4,0.0,1735.534,2341.000,15.000,social_agent,44.53,facial sniffing,Not defined,STATE,2088.267,2090.467,2.200,C:/Users/anate/Downloads/44_cage_p1_converted.mp4,31324,31357,,,,
44_Cage_ACObservations,2024-09-24 09:48:23.981,,Media file,player #1:C:/Users/anate/Downloads/44_cage_p1_converted.mp4,0.0,1735.534,2341.000,15.000,social_agent,44.53,anogenital sniffing,Not defined,STATE,2091.067,2091.932,0.865,C:/Users/anate/Downloads/44_cage_p1_converted.mp4,31366,NA,,,,
44_Cage_ACObservations,2024-09-24 09:48:23.981,,Media file,player #1:C:/Users/anate/Downloads/44_cage_p1_converted.mp4,0.0,1735.534,2341.000,15.000,social_agent,44.53,facial sniffing,Not defined,STATE,2091.933,2092.867,0.934,C:/Users/anate/Downloads/44_cage_p1_converted.mp4,31379,31393,,,,
44_Cage_ACObservations,2024-09-24 09:48:23.981,,Media file,player #1:C:/Users/anate/Downloads/44_cage_p1_converted.mp4,0.0,1735.534,2341.000,15.000,subject,118.533,anogenital sniffing,Not defined,STATE,2100.467,2101.333,0.866,C:/Users/anate/Downloads/44_cage_p1_converted.mp4,31507,31520,,,,
44_Cage_ACObservations,2024-09-24 09:48:23.981,,Media file,player #1:C:/Users/anate/Downloads/44_cage_p1_converted.mp4,0.0,1735.534,2341.000,15.000,social_agent,44.53,facial sniffing,Not defined,STATE,2235.733,2237.066,1.333,C:/Users/anate/Downloads/44_cage_p1_converted.mp4,33536,NA,,,,
44_Cage_ACObservations,2024-09-24 09:48:23.981,,Media file,player #1:C:/Users/anate/Downloads/44_cage_p1_converted.mp4,0.0,1735.534,2341.000,15.000,social_agent,44.53,anogenital sniffing,Not defined,STATE,2237.067,2239.600,2.533,C:/Users/anate/Downloads/44_cage_p1_converted.mp4,33556,33594,,,,
44_Cage_ACObservations,2024-09-24 09:48:23.981,,Media file,player #1:C:/Users/anate/Downloads/44_cage_p1_converted.mp4,0.0,1735.534,2341.000,15.000,social_agent,44.53,anogenital sniffing,Not defined,STATE,2240.933,2243.467,2.534,C:/Users/anate/Downloads/44_cage_p1_converted.mp4,33614,33652,,,,
44_Cage_ACObservations,2024-09-24 09:48:23.981,,Media file,player #1:C:/Users/anate/Downloads/44_cage_p1_converted.mp4,0.0,1735.534,2341.000,15.000,social_agent,44.53,anogenital sniffing,Not defined,STATE,2249.200,2259.799,10.599,C:/Users/anate/Downloads/44_cage_p1_converted.mp4,33738,NA,,,,
44_Cage_ACObservations,2024-09-24 09:48:23.981,,Media file,player #1:C:/Users/anate/Downloads/44_cage_p1_converted.mp4,0.0,1735.534,2341.000,15.000,social_agent,44.53,fighting,Not defined,STATE,2259.800,2265.867,6.067,C:/Users/anate/Downloads/44_cage_p1_converted.mp4,33897,33988,,,,
44_Cage_ACObservations,2024-09-24 09:48:23.981,,Media file,player #1:C:/Users/anate/Downloads/44_cage_p1_converted.mp4,0.0,1735.534,2341.000,15.000,social_agent,44.53,anogenital sniffing,Not defined,STATE,2298.467,2305.800,7.333,C:/Users/anate/Downloads/44_cage_p1_converted.mp4,34477,34587,,,,
44_Cage_ACObservations,2024-09-24 09:48:23.981,,Media file,player #1:C:/Users/anate/Downloads/44_cage_p1_converted.mp4,0.0,1735.534,2341.000,15.000,social_agent,44.53,chasing,Not defined,STATE,2308.000,2308.799,0.799,C:/Users/anate/Downloads/44_cage_p1_converted.mp4,34620,NA,,,,
44_Cage_ACObservations,2024-09-24 09:48:23.981,,Media file,player #1:C:/Users/anate/Downloads/44_cage_p1_converted.mp4,0.0,1735.534,2341.000,15.000,social_agent,44.53,anogenital sniffing,Not defined,STATE,2308.800,2310.933,2.133,C:/Users/anate/Downloads/44_cage_p1_converted.mp4,34632,34664,,,,
44_Cage_ACObservations,2024-09-24 09:48:23.981,,Media file,player #1:C:/Users/anate/Downloads/44_cage_p1_converted.mp4,0.0,1735.534,2341.000,15.000,social_agent,44.53,anogenital sniffing,Not defined,STATE,2337.800,2339.067,1.267,C:/Users/anate/Downloads/44_cage_p1_converted.mp4,35067,35086,,,,
